Phase 0E-R3 Native structural output
command=powershell -NoProfile -ExecutionPolicy Bypass -File tools/cargo.ps1 test --release -p visual_authoring_runtime --test phase0e_r3_matrix -- --nocapture
started_at_utc=2026-08-11T05:05:23.3253259Z
   Compiling visual_authoring_document v0.1.0 (C:\Users\thdwl\Documents\Codex\WebEditor\crates\document)
   Compiling visual_authoring_spatial v0.1.0 (C:\Users\thdwl\Documents\Codex\WebEditor\crates\spatial)
   Compiling visual_authoring_serialization v0.1.0 (C:\Users\thdwl\Documents\Codex\WebEditor\crates\serialization)
   Compiling visual_authoring_scene v0.1.0 (C:\Users\thdwl\Documents\Codex\WebEditor\crates\scene)
   Compiling visual_authoring_render_model v0.1.0 (C:\Users\thdwl\Documents\Codex\WebEditor\crates\render_model)
   Compiling visual_authoring_renderer_wgpu v0.1.0 (C:\Users\thdwl\Documents\Codex\WebEditor\crates\renderer_wgpu)
   Compiling visual_authoring_runtime v0.1.0 (C:\Users\thdwl\Documents\Codex\WebEditor\crates\runtime)
    Finished `release` profile [optimized] target(s) in 14.39s
     Running tests\phase0e_r3_matrix.rs (target\release\deps\phase0e_r3_matrix-97d9ffed324a9b36.exe)

running 1 test
test phase0e_r3_native_release_complexity_matrix has been running for over 60 seconds
PHASE0E_R3_NATIVE_MATRIX_JSON={"all_passed":true,"command":"cargo test --release -p visual_authoring_runtime --test phase0e_r3_matrix -- --nocapture","finished_at_utc":"SystemTime { intervals: 134308985470464215 }","fixture_creation_and_load_excluded":true,"layer":"native-release-runtime","matrix":[{"exact_sibling_order_restored":true,"measured_iterations":30,"node_count":10000,"operations":{"group":{"maximum_sequence_depth":14,"maximum_work":281,"median_ms":0.015099999999999999,"p95_ms":0.017,"raw_samples_ms":[0.0172,0.016,0.017,0.0157,0.0155,0.0155,0.0167,0.015000000000000001,0.015000000000000001,0.0149,0.0165,0.0148,0.015099999999999999,0.0161,0.0152,0.0148,0.015000000000000001,0.015099999999999999,0.015000000000000001,0.0148,0.0147,0.0147,0.0156,0.0148,0.0161,0.0148,0.0149,0.0148,0.015099999999999999,0.016399999999999998],"raw_work_samples":[281,281,281,281,281,281,281,281,281,281,281,281,281,281,281,281,281,281,281,281,281,281,281,281,281,281,281,281,281,281],"tree_rebalances":2},"redo":{"maximum_sequence_depth":14,"maximum_work":166,"median_ms":0.0107,"p95_ms":0.011600000000000001,"raw_samples_ms":[0.012,0.011300000000000001,0.011399999999999999,0.011300000000000001,0.0112,0.0112,0.011399999999999999,0.0106,0.0107,0.0108,0.011600000000000001,0.0111,0.010499999999999999,0.0104,0.0106,0.0106,0.011,0.0107,0.0107,0.0106,0.0106,0.0104,0.010499999999999999,0.0106,0.0107,0.0107,0.0106,0.0107,0.011,0.0108],"raw_work_samples":[166,166,166,166,166,166,166,166,166,166,166,166,166,166,166,166,166,166,166,166,166,166,166,166,166,166,166,166,166,166],"tree_rebalances":2},"undo":{"maximum_sequence_depth":14,"maximum_work":244,"median_ms":0.01,"p95_ms":0.012700000000000001,"raw_samples_ms":[0.012700000000000001,0.010499999999999999,0.0106,0.010499999999999999,0.010499999999999999,0.0104,0.0108,0.01,0.0101,0.0101,0.0104,0.013900000000000001,0.0098,0.0099,0.0099,0.0098,0.0103,0.01,0.01,0.0098,0.0099,0.0098,0.01,0.0098,0.0099,0.0099,0.0098,0.01,0.0099,0.0099],"raw_work_samples":[244,244,244,244,244,244,244,244,244,244,244,244,244,244,244,244,244,244,244,244,244,244,244,244,244,244,244,244,244,244],"tree_rebalances":8},"ungroup":{"maximum_sequence_depth":14,"maximum_work":300,"median_ms":0.0159,"p95_ms":0.018000000000000002,"raw_samples_ms":[0.0176,0.0166,0.0166,0.0165,0.0165,0.0168,0.027200000000000002,0.0156,0.0158,0.0159,0.0161,0.0161,0.0157,0.0156,0.0157,0.0157,0.0162,0.0161,0.0158,0.0159,0.0158,0.0159,0.015400000000000002,0.0159,0.0158,0.016,0.0156,0.0157,0.0158,0.018000000000000002],"raw_work_samples":[300,300,300,300,300,300,300,300,300,300,300,300,300,300,300,300,300,300,300,300,300,300,300,300,300,300,300,300,300,300],"tree_rebalances":8}},"pattern":"contiguous_front","selection_count":3,"warmups":10},{"exact_sibling_order_restored":true,"measured_iterations":30,"node_count":10000,"operations":{"group":{"maximum_sequence_depth":14,"maximum_work":280,"median_ms":0.0331,"p95_ms":0.0558,"raw_samples_ms":[0.0569,0.0558,0.047599999999999996,0.0466,0.046400000000000004,0.045599999999999995,0.048600000000000004,0.045599999999999995,0.0406,0.0386,0.033800000000000004,0.0314,0.0351,0.031,0.0306,0.0303,0.0305,0.032100000000000004,0.0306,0.0307,0.0307,0.0331,0.0333,0.0335,0.0315,0.030800000000000004,0.0303,0.030199999999999998,0.0301,0.0305],"raw_work_samples":[280,280,280,280,280,280,280,280,280,280,280,280,280,280,280,280,280,280,280,280,280,280,280,280,280,280,280,280,280,280],"tree_rebalances":2},"redo":{"maximum_sequence_depth":14,"maximum_work":166,"median_ms":0.0224,"p95_ms":0.0382,"raw_samples_ms":[0.0382,0.0346,0.0331,0.0331,0.033,0.0324,0.0327,0.053,0.0277,0.0261,0.0229,0.022099999999999998,0.0224,0.0223,0.0216,0.0219,0.025,0.0222,0.021500000000000002,0.0216,0.0214,0.0219,0.0216,0.023,0.0219,0.0217,0.0216,0.0214,0.0224,0.0217],"raw_work_samples":[166,166,166,166,166,166,166,166,166,166,166,166,166,166,166,166,166,166,166,166,166,166,166,166,166,166,166,166,166,166],"tree_rebalances":2},"undo":{"maximum_sequence_depth":14,"maximum_work":228,"median_ms":0.0204,"p95_ms":0.0354,"raw_samples_ms":[0.0354,0.0332,0.0315,0.030800000000000004,0.030800000000000004,0.0303,0.0309,0.0424,0.0262,0.022699999999999998,0.0211,0.0202,0.0242,0.02,0.019700000000000002,0.019899999999999998,0.0208,0.0204,0.0198,0.019899999999999998,0.0198,0.02,0.0202,0.022799999999999997,0.0204,0.019899999999999998,0.019899999999999998,0.019700000000000002,0.019899999999999998,0.019700000000000002],"raw_work_samples":[228,228,228,228,228,228,228,228,228,228,228,228,228,228,228,228,228,228,228,228,228,228,228,228,228,228,228,228,228,228],"tree_rebalances":4},"ungroup":{"maximum_sequence_depth":14,"maximum_work":284,"median_ms":0.0333,"p95_ms":0.07289999999999999,"raw_samples_ms":[0.07289999999999999,0.0504,0.048600000000000004,0.0485,0.0483,0.048,0.048600000000000004,0.1191,0.0382,0.0374,0.0333,0.0386,0.0327,0.0318,0.0316,0.0316,0.0333,0.032499999999999994,0.0317,0.0315,0.0317,0.0369,0.031900000000000005,0.0334,0.032499999999999994,0.0318,0.0317,0.0316,0.032100000000000004,0.0431],"raw_work_samples":[284,284,284,284,284,284,284,284,284,284,284,284,284,284,284,284,284,284,284,284,284,284,284,284,284,284,284,284,284,284],"tree_rebalances":4}},"pattern":"contiguous_middle","selection_count":3,"warmups":10},{"exact_sibling_order_restored":true,"measured_iterations":30,"node_count":10000,"operations":{"group":{"maximum_sequence_depth":14,"maximum_work":257,"median_ms":0.0314,"p95_ms":0.0392,"raw_samples_ms":[0.0303,0.0332,0.0317,0.031,0.030800000000000004,0.0307,0.0317,0.0333,0.0392,0.0312,0.0304,0.0312,0.0317,0.0304,0.0304,0.0314,0.0306,0.032499999999999994,0.0303,0.030199999999999998,0.0401,0.0327,0.0323,0.030000000000000002,0.0303,0.0305,0.032799999999999996,0.0323,0.031900000000000005,0.0346],"raw_work_samples":[257,257,257,257,257,257,257,257,257,257,257,257,257,257,257,257,257,257,257,257,257,257,257,257,257,257,257,257,257,257],"tree_rebalances":0},"redo":{"maximum_sequence_depth":14,"maximum_work":158,"median_ms":0.0216,"p95_ms":0.022099999999999998,"raw_samples_ms":[0.021500000000000002,0.0219,0.022099999999999998,0.0219,0.0217,0.0214,0.0217,0.022,0.0244,0.0217,0.0216,0.021500000000000002,0.0216,0.0212,0.0213,0.0214,0.021500000000000002,0.0216,0.021500000000000002,0.021500000000000002,0.022099999999999998,0.0219,0.021500000000000002,0.0218,0.0213,0.0214,0.0216,0.0214,0.0216,0.0217],"raw_work_samples":[158,158,158,158,158,158,158,158,158,158,158,158,158,158,158,158,158,158,158,158,158,158,158,158,158,158,158,158,158,158],"tree_rebalances":0},"undo":{"maximum_sequence_depth":14,"maximum_work":196,"median_ms":0.02,"p95_ms":0.022099999999999998,"raw_samples_ms":[0.0198,0.019899999999999998,0.0202,0.019899999999999998,0.019899999999999998,0.02,0.0201,0.0209,0.022099999999999998,0.02,0.0202,0.02,0.02,0.019899999999999998,0.0198,0.0198,0.02,0.019899999999999998,0.0198,0.019700000000000002,0.027,0.0202,0.0201,0.02,0.02,0.0201,0.019899999999999998,0.0198,0.0201,0.0204],"raw_work_samples":[196,196,196,196,196,196,196,196,196,196,196,196,196,196,196,196,196,196,196,196,196,196,196,196,196,196,196,196,196,196],"tree_rebalances":0},"ungroup":{"maximum_sequence_depth":14,"maximum_work":276,"median_ms":0.032499999999999994,"p95_ms":0.0376,"raw_samples_ms":[0.0322,0.0376,0.0326,0.0324,0.0324,0.0326,0.0354,0.0429,0.0331,0.032499999999999994,0.036699999999999997,0.0329,0.0324,0.0324,0.0324,0.0324,0.0324,0.0326,0.0323,0.0326,0.0329,0.032799999999999996,0.032499999999999994,0.0323,0.0324,0.032,0.0323,0.0327,0.0323,0.0324],"raw_work_samples":[276,276,276,276,276,276,276,276,276,276,276,276,276,276,276,276,276,276,276,276,276,276,276,276,276,276,276,276,276,276],"tree_rebalances":0}},"pattern":"uniform","selection_count":3,"warmups":10},{"exact_sibling_order_restored":true,"measured_iterations":30,"node_count":10000,"operations":{"group":{"maximum_sequence_depth":14,"maximum_work":274,"median_ms":0.0379,"p95_ms":0.0405,"raw_samples_ms":[0.0374,0.0404,0.0374,0.037200000000000004,0.0376,0.0375,0.04,0.0405,0.0479,0.0385,0.037700000000000004,0.0374,0.0393,0.0376,0.037700000000000004,0.0388,0.0379,0.0392,0.0388,0.0379,0.037700000000000004,0.0404,0.0405,0.0379,0.0373,0.037700000000000004,0.0374,0.0375,0.0396,0.0378],"raw_work_samples":[274,274,274,274,274,274,274,274,274,274,274,274,274,274,274,274,274,274,274,274,274,274,274,274,274,274,274,274,274,274],"tree_rebalances":0},"redo":{"maximum_sequence_depth":14,"maximum_work":160,"median_ms":0.0264,"p95_ms":0.026699999999999998,"raw_samples_ms":[0.0265,0.0265,0.0264,0.0261,0.0265,0.0262,0.0262,0.0266,0.0294,0.0262,0.0263,0.0264,0.0266,0.0261,0.0262,0.0261,0.026699999999999998,0.0264,0.0262,0.0266,0.0266,0.0262,0.026699999999999998,0.0265,0.0264,0.0263,0.0265,0.0265,0.0266,0.0263],"raw_work_samples":[160,160,160,160,160,160,160,160,160,160,160,160,160,160,160,160,160,160,160,160,160,160,160,160,160,160,160,160,160,160],"tree_rebalances":0},"undo":{"maximum_sequence_depth":14,"maximum_work":200,"median_ms":0.0245,"p95_ms":0.0251,"raw_samples_ms":[0.0245,0.0246,0.0244,0.0246,0.0247,0.0245,0.0244,0.0251,0.0266,0.0246,0.0245,0.0244,0.0246,0.024300000000000002,0.0245,0.024300000000000002,0.0245,0.024300000000000002,0.0247,0.024300000000000002,0.024300000000000002,0.0248,0.0244,0.0245,0.0244,0.0242,0.024300000000000002,0.0241,0.024300000000000002,0.0242],"raw_work_samples":[200,200,200,200,200,200,200,200,200,200,200,200,200,200,200,200,200,200,200,200,200,200,200,200,200,200,200,200,200,200],"tree_rebalances":0},"ungroup":{"maximum_sequence_depth":14,"maximum_work":281,"median_ms":0.039799999999999995,"p95_ms":0.0432,"raw_samples_ms":[0.04,0.0396,0.0399,0.0395,0.040299999999999996,0.0396,0.0432,0.0519,0.0405,0.04,0.0399,0.039700000000000006,0.04,0.039799999999999995,0.0395,0.0396,0.0404,0.04,0.041999999999999996,0.039799999999999995,0.0399,0.039700000000000006,0.039700000000000006,0.039700000000000006,0.0396,0.0395,0.039700000000000006,0.0395,0.0402,0.039799999999999995],"raw_work_samples":[281,281,281,281,281,281,281,281,281,281,281,281,281,281,281,281,281,281,281,281,281,281,281,281,281,281,281,281,281,281],"tree_rebalances":0}},"pattern":"random_seed_0x5eed","selection_count":3,"warmups":10},{"exact_sibling_order_restored":true,"measured_iterations":30,"node_count":10000,"operations":{"group":{"maximum_sequence_depth":14,"maximum_work":240,"median_ms":0.0194,"p95_ms":0.0334,"raw_samples_ms":[0.0176,0.0194,0.0177,0.017900000000000003,0.0177,0.0177,0.0193,0.0195,0.0236,0.0183,0.0177,0.0176,0.0188,0.018600000000000002,0.0178,0.017900000000000003,0.0326,0.028900000000000002,0.0334,0.0418,0.0217,0.022500000000000003,0.0219,0.0213,0.019700000000000002,0.0196,0.0195,0.0193,0.0207,0.0194],"raw_work_samples":[240,240,240,240,240,240,240,240,240,240,240,240,240,240,240,240,240,240,240,240,240,240,240,240,240,240,240,240,240,240],"tree_rebalances":0},"redo":{"maximum_sequence_depth":14,"maximum_work":152,"median_ms":0.0135,"p95_ms":0.0323,"raw_samples_ms":[0.0123,0.0125,0.0123,0.0124,0.0123,0.0123,0.012700000000000001,0.0124,0.014199999999999999,0.0123,0.0125,0.0125,0.012799999999999999,0.0126,0.0125,0.0123,0.0159,0.0797,0.0189,0.0323,0.0141,0.014,0.013699999999999999,0.0138,0.0135,0.013600000000000001,0.0135,0.0135,0.013600000000000001,0.013600000000000001],"raw_work_samples":[152,152,152,152,152,152,152,152,152,152,152,152,152,152,152,152,152,152,152,152,152,152,152,152,152,152,152,152,152,152],"tree_rebalances":0},"undo":{"maximum_sequence_depth":14,"maximum_work":189,"median_ms":0.0124,"p95_ms":0.0246,"raw_samples_ms":[0.0115,0.0115,0.011300000000000001,0.011399999999999999,0.011300000000000001,0.0115,0.011600000000000001,0.011899999999999999,0.0129,0.0115,0.011300000000000001,0.011300000000000001,0.011600000000000001,0.0115,0.011300000000000001,0.011300000000000001,0.0246,0.0224,0.0144,0.026699999999999998,0.0131,0.0131,0.012700000000000001,0.012799999999999999,0.0126,0.012700000000000001,0.0124,0.0125,0.012799999999999999,0.0126],"raw_work_samples":[189,189,189,189,189,189,189,189,189,189,189,189,189,189,189,189,189,189,189,189,189,189,189,189,189,189,189,189,189,189],"tree_rebalances":0},"ungroup":{"maximum_sequence_depth":14,"maximum_work":266,"median_ms":0.0207,"p95_ms":0.046900000000000004,"raw_samples_ms":[0.0187,0.0191,0.0188,0.0187,0.019,0.0189,0.0207,0.0258,0.0192,0.0193,0.0188,0.0188,0.0193,0.0192,0.0188,0.018600000000000002,0.0214,0.046900000000000004,0.052500000000000005,0.0261,0.021500000000000002,0.0209,0.0208,0.0208,0.0207,0.0208,0.0207,0.0208,0.0211,0.0214],"raw_work_samples":[266,266,266,266,266,266,266,266,266,266,266,266,266,266,266,266,266,266,266,266,266,266,266,266,266,266,266,266,266,266],"tree_rebalances":0}},"pattern":"multiple_runs","selection_count":3,"warmups":10},{"exact_sibling_order_restored":true,"measured_iterations":30,"node_count":10000,"operations":{"group":{"maximum_sequence_depth":14,"maximum_work":2339,"median_ms":0.1194,"p95_ms":0.176,"raw_samples_ms":[0.1963,0.176,0.147,0.1194,0.1192,0.1188,0.1194,0.1194,0.11950000000000001,0.12010000000000001,0.11900000000000001,0.1187,0.1185,0.1216,0.14129999999999998,0.11739999999999999,0.1183,0.1199,0.12079999999999999,0.1181,0.1181,0.1185,0.11900000000000001,0.1193,0.11950000000000001,0.1194,0.118,0.11900000000000001,0.1205,0.118],"raw_work_samples":[2339,2339,2339,2339,2339,2339,2339,2339,2339,2339,2339,2339,2339,2339,2339,2339,2339,2339,2339,2339,2339,2339,2339,2339,2339,2339,2339,2339,2339,2339],"tree_rebalances":26},"redo":{"maximum_sequence_depth":14,"maximum_work":1134,"median_ms":0.0842,"p95_ms":0.0898,"raw_samples_ms":[0.1589,0.0848,0.0847,0.0898,0.083,0.0855,0.0843,0.0842,0.0848,0.08449999999999999,0.0852,0.0842,0.0836,0.0836,0.0838,0.08310000000000001,0.0842,0.0842,0.08600000000000001,0.0843,0.0842,0.08449999999999999,0.0839,0.08339999999999999,0.0846,0.0841,0.0841,0.08339999999999999,0.0841,0.0833],"raw_work_samples":[1134,1134,1134,1134,1134,1134,1134,1134,1134,1134,1134,1134,1134,1134,1134,1134,1134,1134,1134,1134,1134,1134,1134,1134,1134,1134,1134,1134,1134,1134],"tree_rebalances":26},"undo":{"maximum_sequence_depth":14,"maximum_work":2007,"median_ms":0.0775,"p95_ms":0.1064,"raw_samples_ms":[0.135,0.0812,0.0779,0.1064,0.07619999999999999,0.0774,0.0773,0.0775,0.0778,0.0774,0.0777,0.0768,0.0766,0.0773,0.0779,0.0764,0.0777,0.079,0.0761,0.0765,0.0785,0.0768,0.07629999999999999,0.0778,0.0777,0.0775,0.0772,0.07669999999999999,0.0779,0.07669999999999999],"raw_work_samples":[2007,2007,2007,2007,2007,2007,2007,2007,2007,2007,2007,2007,2007,2007,2007,2007,2007,2007,2007,2007,2007,2007,2007,2007,2007,2007,2007,2007,2007,2007],"tree_rebalances":62},"ungroup":{"maximum_sequence_depth":14,"maximum_work":2195,"median_ms":0.1185,"p95_ms":0.1298,"raw_samples_ms":[0.1893,0.12669999999999998,0.1177,0.1186,0.1152,0.1184,0.12079999999999999,0.12029999999999999,0.1181,0.1217,0.1298,0.1173,0.11689999999999999,0.1182,0.1176,0.1184,0.1188,0.121,0.1185,0.1183,0.1177,0.1183,0.1182,0.1183,0.1198,0.122,0.12000000000000001,0.1198,0.1194,0.1178],"raw_work_samples":[2195,2195,2195,2195,2195,2195,2195,2195,2195,2195,2195,2195,2195,2195,2195,2195,2195,2195,2195,2195,2195,2195,2195,2195,2195,2195,2195,2195,2195,2195],"tree_rebalances":62}},"pattern":"contiguous_front","selection_count":30,"warmups":10},{"exact_sibling_order_restored":true,"measured_iterations":30,"node_count":10000,"operations":{"group":{"maximum_sequence_depth":15,"maximum_work":2422,"median_ms":0.13329999999999997,"p95_ms":0.2252,"raw_samples_ms":[0.1303,0.1292,0.1285,0.2007,0.2342,0.1651,0.1581,0.13990000000000002,0.1631,0.2252,0.1596,0.16799999999999998,0.13449999999999998,0.1324,0.1472,0.133,0.1396,0.1351,0.1317,0.13190000000000002,0.1341,0.1317,0.13329999999999997,0.13219999999999998,0.13190000000000002,0.1317,0.1313,0.1313,0.13090000000000002,0.13210000000000002],"raw_work_samples":[2422,2422,2422,2422,2422,2422,2422,2422,2422,2422,2422,2422,2422,2422,2422,2422,2422,2422,2422,2422,2422,2422,2422,2422,2422,2422,2422,2422,2422,2422],"tree_rebalances":26},"redo":{"maximum_sequence_depth":15,"maximum_work":1154,"median_ms":0.0931,"p95_ms":0.1266,"raw_samples_ms":[0.091,0.0916,0.0911,0.1747,0.12010000000000001,0.11299999999999999,0.0949,0.0993,0.0955,0.0942,0.09720000000000001,0.09670000000000001,0.0923,0.0916,0.0925,0.1266,0.0949,0.0931,0.0934,0.0931,0.093,0.09330000000000001,0.0925,0.0936,0.0922,0.0915,0.0921,0.0921,0.0911,0.0915],"raw_work_samples":[1154,1154,1154,1154,1154,1154,1154,1154,1154,1154,1154,1154,1154,1154,1154,1154,1154,1154,1154,1154,1154,1154,1154,1154,1154,1154,1154,1154,1154,1154],"tree_rebalances":26},"undo":{"maximum_sequence_depth":15,"maximum_work":2006,"median_ms":0.0862,"p95_ms":0.1484,"raw_samples_ms":[0.0837,0.0842,0.0836,0.20929999999999999,0.1484,0.08990000000000001,0.1034,0.1079,0.0921,0.0892,0.091,0.0896,0.0859,0.0852,0.0856,0.11019999999999999,0.0906,0.087,0.0856,0.0858,0.0862,0.0859,0.0857,0.0868,0.0862,0.0859,0.0864,0.0855,0.0859,0.085],"raw_work_samples":[2006,2006,2006,2006,2006,2006,2006,2006,2006,2006,2006,2006,2006,2006,2006,2006,2006,2006,2006,2006,2006,2006,2006,2006,2006,2006,2006,2006,2006,2006],"tree_rebalances":56},"ungroup":{"maximum_sequence_depth":15,"maximum_work":2197,"median_ms":0.1318,"p95_ms":0.2051,"raw_samples_ms":[0.127,0.1265,0.12530000000000002,0.2051,0.1535,0.1461,0.1886,0.1339,0.22469999999999998,0.1776,0.162,0.1476,0.13019999999999998,0.1292,0.1325,0.1445,0.13210000000000002,0.13119999999999998,0.13190000000000002,0.12940000000000002,0.1305,0.1315,0.13090000000000002,0.1318,0.1308,0.13019999999999998,0.14679999999999999,0.1298,0.1298,0.13090000000000002],"raw_work_samples":[2197,2197,2197,2197,2197,2197,2197,2197,2197,2197,2197,2197,2197,2197,2197,2197,2197,2197,2197,2197,2197,2197,2197,2197,2197,2197,2197,2197,2197,2197],"tree_rebalances":56}},"pattern":"contiguous_middle","selection_count":30,"warmups":10},{"exact_sibling_order_restored":true,"measured_iterations":30,"node_count":10000,"operations":{"group":{"maximum_sequence_depth":14,"maximum_work":2347,"median_ms":0.1889,"p95_ms":0.2021,"raw_samples_ms":[0.1865,0.1887,0.1868,0.1922,0.1898,0.2622,0.1929,0.18450000000000003,0.184,0.1825,0.1851,0.1976,0.18660000000000002,0.1863,0.19440000000000002,0.18919999999999998,0.1883,0.2021,0.187,0.19019999999999998,0.18689999999999998,0.1889,0.1968,0.1886,0.1896,0.1938,0.18760000000000002,0.1881,0.1924,0.1995],"raw_work_samples":[2347,2347,2347,2347,2347,2347,2347,2347,2347,2347,2347,2347,2347,2347,2347,2347,2347,2347,2347,2347,2347,2347,2347,2347,2347,2347,2347,2347,2347,2347],"tree_rebalances":0},"redo":{"maximum_sequence_depth":14,"maximum_work":1130,"median_ms":0.13779999999999998,"p95_ms":0.1447,"raw_samples_ms":[0.1375,0.1375,0.13970000000000002,0.1363,0.1363,0.1385,0.13549999999999998,0.13549999999999998,0.1344,0.1409,0.1398,0.1383,0.1447,0.1376,0.1369,0.13799999999999998,0.13779999999999998,0.1396,0.13779999999999998,0.1373,0.1425,0.1375,0.1374,0.1438,0.13990000000000002,0.1375,0.1382,0.1371,0.22249999999999998,0.1407],"raw_work_samples":[1130,1130,1130,1130,1130,1130,1130,1130,1130,1130,1130,1130,1130,1130,1130,1130,1130,1130,1130,1130,1130,1130,1130,1130,1130,1130,1130,1130,1130,1130],"tree_rebalances":0},"undo":{"maximum_sequence_depth":14,"maximum_work":1654,"median_ms":0.1252,"p95_ms":0.1577,"raw_samples_ms":[0.1227,0.12229999999999999,0.12449999999999999,0.12329999999999999,0.1234,0.12669999999999998,0.1306,0.12310000000000001,0.12300000000000001,0.12310000000000001,0.12669999999999998,0.1252,0.1254,0.125,0.1278,0.12439999999999998,0.1328,0.1258,0.1252,0.12510000000000002,0.1577,0.12530000000000002,0.12589999999999998,0.12439999999999998,0.12469999999999999,0.1254,0.1249,0.1252,0.4181,0.1265],"raw_work_samples":[1654,1654,1654,1654,1654,1654,1654,1654,1654,1654,1654,1654,1654,1654,1654,1654,1654,1654,1654,1654,1654,1654,1654,1654,1654,1654,1654,1654,1654,1654],"tree_rebalances":0},"ungroup":{"maximum_sequence_depth":14,"maximum_work":2202,"median_ms":0.1863,"p95_ms":0.2063,"raw_samples_ms":[0.1839,0.18330000000000002,0.1854,0.18560000000000001,0.1868,0.2238,0.1811,0.187,0.1792,0.1813,0.185,0.1864,0.19340000000000002,0.1863,0.1848,0.19340000000000002,0.18560000000000001,0.1882,0.19110000000000002,0.1864,0.18589999999999998,0.1849,0.1835,0.2063,0.1841,0.1849,0.1897,0.1873,0.2027,0.2041],"raw_work_samples":[2202,2202,2202,2202,2202,2202,2202,2202,2202,2202,2202,2202,2202,2202,2202,2202,2202,2202,2202,2202,2202,2202,2202,2202,2202,2202,2202,2202,2202,2202],"tree_rebalances":0}},"pattern":"uniform","selection_count":30,"warmups":10},{"exact_sibling_order_restored":true,"measured_iterations":30,"node_count":10000,"operations":{"group":{"maximum_sequence_depth":14,"maximum_work":2353,"median_ms":0.1777,"p95_ms":0.3371,"raw_samples_ms":[0.1766,0.1805,0.1766,0.17579999999999998,0.1914,0.1792,0.2182,0.1785,0.17809999999999998,0.17679999999999998,0.1794,0.17670000000000002,0.179,0.17679999999999998,0.1777,0.1764,0.177,0.1771,0.17679999999999998,0.175,0.176,0.1766,0.3371,0.4053,0.22619999999999998,0.1775,0.1789,0.18139999999999998,0.17479999999999998,0.1777],"raw_work_samples":[2353,2353,2353,2353,2353,2353,2353,2353,2353,2353,2353,2353,2353,2353,2353,2353,2353,2353,2353,2353,2353,2353,2353,2353,2353,2353,2353,2353,2353,2353],"tree_rebalances":0},"redo":{"maximum_sequence_depth":14,"maximum_work":1134,"median_ms":0.1287,"p95_ms":0.199,"raw_samples_ms":[0.1272,0.1274,0.12860000000000002,0.1282,0.135,0.1375,0.1306,0.1295,0.1289,0.12789999999999999,0.1287,0.1283,0.12789999999999999,0.1287,0.1278,0.127,0.1292,0.1282,0.12789999999999999,0.12769999999999998,0.1271,0.1297,0.199,0.21359999999999998,0.1395,0.1296,0.13019999999999998,0.1278,0.1334,0.1291],"raw_work_samples":[1134,1134,1134,1134,1134,1134,1134,1134,1134,1134,1134,1134,1134,1134,1134,1134,1134,1134,1134,1134,1134,1134,1134,1134,1134,1134,1134,1134,1134,1134],"tree_rebalances":0},"undo":{"maximum_sequence_depth":14,"maximum_work":1686,"median_ms":0.1173,"p95_ms":0.1811,"raw_samples_ms":[0.116,0.11649999999999999,0.118,0.11610000000000001,0.1175,0.1176,0.1204,0.1181,0.11689999999999999,0.1176,0.11620000000000001,0.11739999999999999,0.1173,0.1168,0.1168,0.1168,0.116,0.116,0.11610000000000001,0.11620000000000001,0.1153,0.1158,0.1811,0.2528,0.12219999999999999,0.125,0.1179,0.1171,0.118,0.1181],"raw_work_samples":[1686,1686,1686,1686,1686,1686,1686,1686,1686,1686,1686,1686,1686,1686,1686,1686,1686,1686,1686,1686,1686,1686,1686,1686,1686,1686,1686,1686,1686,1686],"tree_rebalances":8},"ungroup":{"maximum_sequence_depth":14,"maximum_work":2222,"median_ms":0.1753,"p95_ms":0.28390000000000004,"raw_samples_ms":[0.1751,0.1754,0.18080000000000002,0.17909999999999998,0.17450000000000002,0.2009,0.1773,0.1749,0.1729,0.1773,0.17479999999999998,0.17450000000000002,0.17450000000000002,0.174,0.1739,0.1737,0.174,0.1739,0.1735,0.1753,0.1743,0.178,0.2841,0.28390000000000004,0.1776,0.1827,0.1777,0.1753,0.1751,0.1776],"raw_work_samples":[2222,2222,2222,2222,2222,2222,2222,2222,2222,2222,2222,2222,2222,2222,2222,2222,2222,2222,2222,2222,2222,2222,2222,2222,2222,2222,2222,2222,2222,2222],"tree_rebalances":8}},"pattern":"random_seed_0x5eed","selection_count":30,"warmups":10},{"exact_sibling_order_restored":true,"measured_iterations":30,"node_count":10000,"operations":{"group":{"maximum_sequence_depth":14,"maximum_work":2350,"median_ms":0.1499,"p95_ms":0.206,"raw_samples_ms":[0.1564,0.1469,0.1523,0.1463,0.155,0.1484,0.15660000000000002,0.1494,0.15689999999999998,0.1492,0.1494,0.1496,0.1487,0.1487,0.1499,0.1496,0.1556,0.14980000000000002,0.1469,0.1513,0.1537,0.15080000000000002,0.15259999999999999,0.1496,0.1752,0.1497,0.1539,0.1478,0.206,0.20980000000000001],"raw_work_samples":[2350,2350,2350,2350,2350,2350,2350,2350,2350,2350,2350,2350,2350,2350,2350,2350,2350,2350,2350,2350,2350,2350,2350,2350,2350,2350,2350,2350,2350,2350],"tree_rebalances":14},"redo":{"maximum_sequence_depth":14,"maximum_work":1138,"median_ms":0.1072,"p95_ms":0.1449,"raw_samples_ms":[0.1071,0.1056,0.1066,0.10569999999999999,0.1065,0.107,0.1073,0.1074,0.1073,0.1072,0.1085,0.1075,0.1069,0.1079,0.1072,0.1079,0.107,0.1071,0.1066,0.1071,0.1134,0.1064,0.1072,0.1074,0.1077,0.10840000000000001,0.1069,0.1069,0.1675,0.1449],"raw_work_samples":[1138,1138,1138,1138,1138,1138,1138,1138,1138,1138,1138,1138,1138,1138,1138,1138,1138,1138,1138,1138,1138,1138,1138,1138,1138,1138,1138,1138,1138,1138],"tree_rebalances":14},"undo":{"maximum_sequence_depth":14,"maximum_work":1899,"median_ms":0.0979,"p95_ms":0.13999999999999999,"raw_samples_ms":[0.0982,0.0958,0.0954,0.09509999999999999,0.09459999999999999,0.0987,0.0973,0.0979,0.0975,0.0966,0.0993,0.0975,0.0971,0.0966,0.0975,0.0983,0.0979,0.0966,0.1035,0.098,0.0991,0.0975,0.0973,0.0983,0.0989,0.0983,0.0976,0.0983,0.277,0.13999999999999999],"raw_work_samples":[1899,1899,1899,1899,1899,1899,1899,1899,1899,1899,1899,1899,1899,1899,1899,1899,1899,1899,1899,1899,1899,1899,1899,1899,1899,1899,1899,1899,1899,1899],"tree_rebalances":42},"ungroup":{"maximum_sequence_depth":14,"maximum_work":2164,"median_ms":0.146,"p95_ms":0.1948,"raw_samples_ms":[0.1431,0.1426,0.1404,0.14909999999999998,0.14229999999999998,0.15510000000000002,0.1471,0.14679999999999999,0.1469,0.1496,0.1447,0.1486,0.1441,0.1486,0.14559999999999998,0.1484,0.1447,0.1451,0.1472,0.14479999999999998,0.1482,0.14579999999999999,0.1443,0.14559999999999998,0.146,0.146,0.1454,0.1452,0.2089,0.1948],"raw_work_samples":[2164,2164,2164,2164,2164,2164,2164,2164,2164,2164,2164,2164,2164,2164,2164,2164,2164,2164,2164,2164,2164,2164,2164,2164,2164,2164,2164,2164,2164,2164],"tree_rebalances":42}},"pattern":"multiple_runs","selection_count":30,"warmups":10},{"exact_sibling_order_restored":true,"measured_iterations":30,"node_count":10000,"operations":{"group":{"maximum_sequence_depth":14,"maximum_work":7700,"median_ms":0.4047,"p95_ms":0.4545,"raw_samples_ms":[0.4047,0.39580000000000004,0.3935,0.3937,0.3946,0.3951,0.40030000000000004,0.42279999999999995,0.39990000000000003,0.3991,0.4009,0.43629999999999997,0.3963,0.39609999999999995,0.4774,0.4021,0.4043,0.40049999999999997,0.406,0.4028,0.4054,0.4053,0.4545,0.4062,0.4083,0.4118,0.4053,0.4081,0.4087,0.4052],"raw_work_samples":[7700,7700,7700,7700,7700,7700,7700,7700,7700,7700,7700,7700,7700,7700,7700,7700,7700,7700,7700,7700,7700,7700,7700,7700,7700,7700,7700,7700,7700,7700],"tree_rebalances":96},"redo":{"maximum_sequence_depth":14,"maximum_work":3582,"median_ms":0.29050000000000004,"p95_ms":0.29910000000000003,"raw_samples_ms":[0.2903,0.29109999999999997,0.28959999999999997,0.28909999999999997,0.2894,0.29050000000000004,0.29100000000000004,0.292,0.29910000000000003,0.2902,0.2902,0.292,0.2899,0.2964,0.2922,0.2895,0.2897,0.28959999999999997,0.3105,0.2888,0.29100000000000004,0.2969,0.29359999999999997,0.2919,0.2884,0.2923,0.2895,0.28909999999999997,0.2939,0.29050000000000004],"raw_work_samples":[3582,3582,3582,3582,3582,3582,3582,3582,3582,3582,3582,3582,3582,3582,3582,3582,3582,3582,3582,3582,3582,3582,3582,3582,3582,3582,3582,3582,3582,3582],"tree_rebalances":96},"undo":{"maximum_sequence_depth":14,"maximum_work":6520,"median_ms":0.2594,"p95_ms":0.2691,"raw_samples_ms":[0.2587,0.2571,0.2571,0.25579999999999997,0.2562,0.2586,0.2691,0.2656,0.26180000000000003,0.2643,0.2595,0.2611,0.25980000000000003,0.25880000000000003,0.2606,0.2583,0.25789999999999996,0.2577,0.2603,0.2646,0.2608,0.2577,0.3133,0.26380000000000003,0.2592,0.2609,0.258,0.2576,0.2594,0.2585],"raw_work_samples":[6520,6520,6520,6520,6520,6520,6520,6520,6520,6520,6520,6520,6520,6520,6520,6520,6520,6520,6520,6520,6520,6520,6520,6520,6520,6520,6520,6520,6520,6520],"tree_rebalances":206},"ungroup":{"maximum_sequence_depth":14,"maximum_work":7055,"median_ms":0.38989999999999997,"p95_ms":0.46549999999999997,"raw_samples_ms":[0.3821,0.38010000000000005,0.3795,0.4004,0.379,0.38420000000000004,0.3866,0.39530000000000004,0.3819,0.3827,0.5398000000000001,0.3839,0.38630000000000003,0.3836,0.3929,0.3984,0.3887,0.4109,0.3962,0.388,0.40190000000000003,0.3929,0.4017,0.39,0.46549999999999997,0.39,0.3906,0.38989999999999997,0.3898,0.3884],"raw_work_samples":[7055,7055,7055,7055,7055,7055,7055,7055,7055,7055,7055,7055,7055,7055,7055,7055,7055,7055,7055,7055,7055,7055,7055,7055,7055,7055,7055,7055,7055,7055],"tree_rebalances":206}},"pattern":"contiguous_front","selection_count":100,"warmups":10},{"exact_sibling_order_restored":true,"measured_iterations":30,"node_count":10000,"operations":{"group":{"maximum_sequence_depth":15,"maximum_work":7964,"median_ms":0.4037,"p95_ms":0.5204,"raw_samples_ms":[0.5204,0.4036,0.3971,0.395,0.4047,0.3948,0.3975,0.40030000000000004,0.3955,0.3942,0.3966,0.7201,0.40299999999999997,0.5203,0.4208,0.41590000000000005,0.4668,0.4031,0.3973,0.3997,0.4041,0.4037,0.4103,0.4191,0.4305,0.4105,0.4042,0.402,0.4052,0.4021],"raw_work_samples":[7964,7964,7964,7964,7964,7964,7964,7964,7964,7964,7964,7964,7964,7964,7964,7964,7964,7964,7964,7964,7964,7964,7964,7964,7964,7964,7964,7964,7964,7964],"tree_rebalances":92},"redo":{"maximum_sequence_depth":15,"maximum_work":3678,"median_ms":0.2876,"p95_ms":0.37839999999999996,"raw_samples_ms":[0.28850000000000003,0.2845,0.2897,0.2854,0.2845,0.2882,0.28400000000000003,0.28350000000000003,0.287,0.28390000000000004,0.37839999999999996,0.2889,0.2899,0.30029999999999996,0.2972,0.29750000000000004,0.294,0.28400000000000003,0.2831,0.2875,0.2837,0.28430000000000005,0.2895,0.4778,0.2876,0.28709999999999997,0.2882,0.2854,0.2863,0.2883],"raw_work_samples":[3678,3678,3678,3678,3678,3678,3678,3678,3678,3678,3678,3678,3678,3678,3678,3678,3678,3678,3678,3678,3678,3678,3678,3678,3678,3678,3678,3678,3678,3678],"tree_rebalances":92},"undo":{"maximum_sequence_depth":15,"maximum_work":6525,"median_ms":0.262,"p95_ms":0.2764,"raw_samples_ms":[0.26659999999999995,0.2578,0.2586,0.26990000000000003,0.2577,0.2764,0.2632,0.2608,0.25680000000000003,0.26180000000000003,0.2587,0.2726,0.2668,0.2682,0.2677,0.2679,0.262,0.2581,0.2592,0.2582,0.25730000000000003,0.25789999999999996,0.2922,0.2608,0.2632,0.2631,0.264,0.2592,0.2596,0.2651],"raw_work_samples":[6525,6525,6525,6525,6525,6525,6525,6525,6525,6525,6525,6525,6525,6525,6525,6525,6525,6525,6525,6525,6525,6525,6525,6525,6525,6525,6525,6525,6525,6525],"tree_rebalances":190},"ungroup":{"maximum_sequence_depth":15,"maximum_work":7057,"median_ms":0.3896,"p95_ms":0.44020000000000004,"raw_samples_ms":[0.3831,0.3896,0.3798,0.379,0.3824,0.397,0.3806,0.38420000000000004,0.37879999999999997,0.3806,0.8864,0.4243,0.42969999999999997,0.3993,0.39580000000000004,0.4001,0.38949999999999996,0.3855,0.3846,0.3855,0.3873,0.4084,0.4032,0.4078,0.4153,0.39,0.44020000000000004,0.3883,0.3853,0.3903],"raw_work_samples":[7057,7057,7057,7057,7057,7057,7057,7057,7057,7057,7057,7057,7057,7057,7057,7057,7057,7057,7057,7057,7057,7057,7057,7057,7057,7057,7057,7057,7057,7057],"tree_rebalances":190}},"pattern":"contiguous_middle","selection_count":100,"warmups":10},{"exact_sibling_order_restored":true,"measured_iterations":30,"node_count":10000,"operations":{"group":{"maximum_sequence_depth":14,"maximum_work":7714,"median_ms":0.6005,"p95_ms":0.6884,"raw_samples_ms":[0.588,0.5741,0.6133,0.7298,0.6156,0.5911,0.6224,0.5886,0.635,0.5958,0.6884,0.6081,0.5982000000000001,0.5902999999999999,0.5889,0.6074999999999999,0.6309,0.5909,0.63,0.6582,0.5937,0.5879,0.5888,0.584,0.5887,0.5859,0.6414,0.6005,0.6064,0.6451],"raw_work_samples":[7714,7714,7714,7714,7714,7714,7714,7714,7714,7714,7714,7714,7714,7714,7714,7714,7714,7714,7714,7714,7714,7714,7714,7714,7714,7714,7714,7714,7714,7714],"tree_rebalances":0},"redo":{"maximum_sequence_depth":14,"maximum_work":3648,"median_ms":0.4346,"p95_ms":0.535,"raw_samples_ms":[0.423,0.49410000000000004,0.4317,0.4327,0.4259,0.4282,0.43770000000000003,0.4237,0.4379,0.4609,0.4391,0.4406,0.42910000000000004,0.4236,0.437,0.4278,0.4346,0.5789000000000001,0.4276,0.43560000000000004,0.4359,0.4289,0.4284,0.4219,0.4362,0.535,0.43570000000000003,0.4921,0.4334,0.4331],"raw_work_samples":[3648,3648,3648,3648,3648,3648,3648,3648,3648,3648,3648,3648,3648,3648,3648,3648,3648,3648,3648,3648,3648,3648,3648,3648,3648,3648,3648,3648,3648,3648],"tree_rebalances":0},"undo":{"maximum_sequence_depth":14,"maximum_work":5454,"median_ms":0.392,"p95_ms":0.4418,"raw_samples_ms":[0.3831,0.4418,0.4068,0.40349999999999997,0.38880000000000003,0.3922,0.4007,0.3889,0.3886,0.4075,0.3968,0.3934,0.38949999999999996,0.3859,0.393,0.4425,0.39149999999999996,0.3906,0.4007,0.4027,0.392,0.3914,0.39130000000000004,0.38739999999999997,0.3897,0.3917,0.4027,0.4048,0.3884,0.39080000000000004],"raw_work_samples":[5454,5454,5454,5454,5454,5454,5454,5454,5454,5454,5454,5454,5454,5454,5454,5454,5454,5454,5454,5454,5454,5454,5454,5454,5454,5454,5454,5454,5454,5454],"tree_rebalances":8},"ungroup":{"maximum_sequence_depth":14,"maximum_work":7202,"median_ms":0.5869,"p95_ms":0.7628999999999999,"raw_samples_ms":[0.5625,0.626,0.6571,0.607,0.5867,0.622,0.5821,0.5836,0.5717,0.5886,0.5844999999999999,0.5871000000000001,0.592,0.5717,0.5836,0.6144,0.5761,0.9986,0.5992999999999999,0.5882,0.5820000000000001,0.5730999999999999,0.5727,0.5752,0.5791000000000001,0.7628999999999999,0.6438,0.6023,0.5869,0.5841000000000001],"raw_work_samples":[7202,7202,7202,7202,7202,7202,7202,7202,7202,7202,7202,7202,7202,7202,7202,7202,7202,7202,7202,7202,7202,7202,7202,7202,7202,7202,7202,7202,7202,7202],"tree_rebalances":8}},"pattern":"uniform","selection_count":100,"warmups":10},{"exact_sibling_order_restored":true,"measured_iterations":30,"node_count":10000,"operations":{"group":{"maximum_sequence_depth":14,"maximum_work":7726,"median_ms":0.5888,"p95_ms":0.6658999999999999,"raw_samples_ms":[0.5737,0.5715,0.5715,0.6658999999999999,0.5954,0.5888,0.6002,0.5841000000000001,0.5823999999999999,0.5793,0.5805,0.6141,0.5902000000000001,0.599,0.5902999999999999,0.5841000000000001,0.6399,0.5860000000000001,0.6886,0.6463000000000001,0.5908000000000001,0.5954,0.5863,0.5841000000000001,0.5797000000000001,0.5812999999999999,0.583,0.5805,0.6095,0.6057],"raw_work_samples":[7726,7726,7726,7726,7726,7726,7726,7726,7726,7726,7726,7726,7726,7726,7726,7726,7726,7726,7726,7726,7726,7726,7726,7726,7726,7726,7726,7726,7726,7726],"tree_rebalances":0},"redo":{"maximum_sequence_depth":14,"maximum_work":3658,"median_ms":0.423,"p95_ms":0.5069,"raw_samples_ms":[0.41859999999999997,0.41869999999999996,0.5125000000000001,0.4285,0.42210000000000003,0.426,0.4192,0.4198,0.42269999999999996,0.42269999999999996,0.428,0.4237,0.4304,0.423,0.4264,0.4224,0.422,0.42000000000000004,0.4231,0.4269,0.4208,0.4176,0.4259,0.4178,0.4248,0.4197,0.41819999999999996,0.5069,0.4367,0.4364],"raw_work_samples":[3658,3658,3658,3658,3658,3658,3658,3658,3658,3658,3658,3658,3658,3658,3658,3658,3658,3658,3658,3658,3658,3658,3658,3658,3658,3658,3658,3658,3658,3658],"tree_rebalances":0},"undo":{"maximum_sequence_depth":14,"maximum_work":5498,"median_ms":0.3812,"p95_ms":0.544,"raw_samples_ms":[0.37429999999999997,0.3744,0.544,0.3776,0.3785,0.37429999999999997,0.3747,0.3748,0.3734,0.3737,0.4818,0.3886,0.3884,0.3853,0.3881,0.3835,0.3852,0.3851,0.389,0.3859,0.3812,0.3813,0.38380000000000003,0.3744,0.3755,0.3745,0.37570000000000003,0.5811,0.3793,0.379],"raw_work_samples":[5498,5498,5498,5498,5498,5498,5498,5498,5498,5498,5498,5498,5498,5498,5498,5498,5498,5498,5498,5498,5498,5498,5498,5498,5498,5498,5498,5498,5498,5498],"tree_rebalances":16},"ungroup":{"maximum_sequence_depth":14,"maximum_work":7244,"median_ms":0.5719,"p95_ms":0.6384,"raw_samples_ms":[0.5592,0.5619000000000001,0.5871999999999999,0.5567000000000001,0.5704,0.6137,0.5632,0.5598,0.5580999999999999,0.5869,0.6473,0.578,0.5783999999999999,0.5701,0.5875,0.5719,0.5705,0.6246999999999999,0.5975,0.5761,0.6384,0.5710999999999999,0.5599,0.5599999999999999,0.5599,0.5604,0.6063000000000001,0.6167,0.5707000000000001,0.5723],"raw_work_samples":[7244,7244,7244,7244,7244,7244,7244,7244,7244,7244,7244,7244,7244,7244,7244,7244,7244,7244,7244,7244,7244,7244,7244,7244,7244,7244,7244,7244,7244,7244],"tree_rebalances":16}},"pattern":"random_seed_0x5eed","selection_count":100,"warmups":10},{"exact_sibling_order_restored":true,"measured_iterations":30,"node_count":10000,"operations":{"group":{"maximum_sequence_depth":15,"maximum_work":7826,"median_ms":0.4459,"p95_ms":0.46749999999999997,"raw_samples_ms":[0.4615,0.43389999999999995,0.42860000000000004,0.4262,0.4275,0.4552,0.451,0.4462,0.4469,0.44539999999999996,0.443,0.7081000000000001,0.4576,0.4482,0.4452,0.4459,0.46749999999999997,0.464,0.46040000000000003,0.4636,0.4643,0.4441,0.43970000000000004,0.4346,0.4347,0.4341,0.4322,0.4487,0.4319,0.42979999999999996],"raw_work_samples":[7826,7826,7826,7826,7826,7826,7826,7826,7826,7826,7826,7826,7826,7826,7826,7826,7826,7826,7826,7826,7826,7826,7826,7826,7826,7826,7826,7826,7826,7826],"tree_rebalances":76},"redo":{"maximum_sequence_depth":15,"maximum_work":3698,"median_ms":0.3257,"p95_ms":0.3456,"raw_samples_ms":[0.34440000000000004,0.3169,0.3155,0.31379999999999997,0.314,0.325,0.3262,0.3456,0.3251,0.3266,0.3244,0.3307,0.3278,0.3257,0.3236,0.33940000000000003,0.3371,0.33530000000000004,0.3383,0.33490000000000003,0.3401,0.48040000000000005,0.31379999999999997,0.3272,0.3121,0.3108,0.3103,0.31070000000000003,0.3108,0.3108],"raw_work_samples":[3698,3698,3698,3698,3698,3698,3698,3698,3698,3698,3698,3698,3698,3698,3698,3698,3698,3698,3698,3698,3698,3698,3698,3698,3698,3698,3698,3698,3698,3698],"tree_rebalances":76},"undo":{"maximum_sequence_depth":15,"maximum_work":6427,"median_ms":0.2854,"p95_ms":0.3017,"raw_samples_ms":[0.3495,0.2784,0.27849999999999997,0.2803,0.2772,0.2872,0.2854,0.287,0.2849,0.285,0.2848,0.2998,0.2857,0.28400000000000003,0.28600000000000003,0.2944,0.2943,0.2952,0.2932,0.2943,0.2914,0.3017,0.27799999999999997,0.28850000000000003,0.2786,0.2766,0.2762,0.2766,0.2758,0.2758],"raw_work_samples":[6427,6427,6427,6427,6427,6427,6427,6427,6427,6427,6427,6427,6427,6427,6427,6427,6427,6427,6427,6427,6427,6427,6427,6427,6427,6427,6427,6427,6427,6427],"tree_rebalances":170},"ungroup":{"maximum_sequence_depth":15,"maximum_work":7038,"median_ms":0.4215,"p95_ms":0.481,"raw_samples_ms":[0.4326,0.4079,0.4058,0.40499999999999997,0.40499999999999997,0.42450000000000004,0.42260000000000003,0.4237,0.4209,0.4194,0.615,0.4269,0.42410000000000003,0.4387,0.4209,0.4371,0.4365,0.4393,0.4367,0.4355,0.4215,0.481,0.4129,0.41800000000000004,0.4151,0.4139,0.41819999999999996,0.4108,0.4104,0.4128],"raw_work_samples":[7038,7038,7038,7038,7038,7038,7038,7038,7038,7038,7038,7038,7038,7038,7038,7038,7038,7038,7038,7038,7038,7038,7038,7038,7038,7038,7038,7038,7038,7038],"tree_rebalances":170}},"pattern":"multiple_runs","selection_count":100,"warmups":10},{"exact_sibling_order_restored":true,"measured_iterations":30,"node_count":10000,"operations":{"group":{"maximum_sequence_depth":14,"maximum_work":22758,"median_ms":1.1368,"p95_ms":1.3754,"raw_samples_ms":[1.3754,1.1078999999999999,1.0749,1.0589,1.037,1.1492,1.1378,1.1241999999999999,1.1273,1.2942,1.1525999999999998,1.1368,1.1314,1.1977,1.1245,1.0835000000000001,1.0797999999999999,1.6546,1.1913,1.1441000000000001,1.1353,1.1878,1.1317,1.1044,1.1009,1.1495,1.1670999999999998,1.1409,1.14,1.1237000000000001],"raw_work_samples":[22758,22758,22758,22758,22758,22758,22758,22758,22758,22758,22758,22758,22758,22758,22758,22758,22758,22758,22758,22758,22758,22758,22758,22758,22758,22758,22758,22758,22758,22758],"tree_rebalances":300},"redo":{"maximum_sequence_depth":14,"maximum_work":10666,"median_ms":0.8075,"p95_ms":1.2285,"raw_samples_ms":[1.0748000000000002,0.7764,0.7411,0.7411,1.0249,0.808,0.8043,0.8047,0.8028,0.8148,0.8067000000000001,0.8155,0.8074,0.8075,0.791,0.7726999999999999,0.7971,1.3873,0.8135,0.8116,0.8059000000000001,1.2285,0.7987,0.7829,0.8986000000000001,0.8217,0.8169,0.8155,0.8138000000000001,0.8032],"raw_work_samples":[10666,10666,10666,10666,10666,10666,10666,10666,10666,10666,10666,10666,10666,10666,10666,10666,10666,10666,10666,10666,10666,10666,10666,10666,10666,10666,10666,10666,10666,10666],"tree_rebalances":300},"undo":{"maximum_sequence_depth":14,"maximum_work":19942,"median_ms":0.7096,"p95_ms":1.1769,"raw_samples_ms":[1.2521,0.6887,0.6832,0.6485,0.6641,0.7117,0.7077,0.7056,0.7073999999999999,0.7266,0.7092999999999999,0.7115,0.7114,0.7277,0.7049,0.7742,0.6650999999999999,1.1769,0.7251,0.7096,0.7142999999999999,0.7548,0.7071999999999999,0.6920000000000001,0.6886,0.7762,0.7146,0.7165,0.7089000000000001,0.7068000000000001],"raw_work_samples":[19942,19942,19942,19942,19942,19942,19942,19942,19942,19942,19942,19942,19942,19942,19942,19942,19942,19942,19942,19942,19942,19942,19942,19942,19942,19942,19942,19942,19942,19942],"tree_rebalances":626},"ungroup":{"maximum_sequence_depth":14,"maximum_work":21483,"median_ms":1.0665,"p95_ms":1.3043,"raw_samples_ms":[1.0644,1.0203,0.9983,0.9712,1.1386,1.063,1.0665,1.0654,1.3043,1.0875,1.0711,1.0576999999999999,1.118,1.0493,1.0225,1.0153,1.0347,1.8887,1.0739,1.0677,1.2567,1.239,1.055,1.0345,1.0733,1.1107999999999998,1.083,1.0732000000000002,1.0584,1.0586],"raw_work_samples":[21483,21483,21483,21483,21483,21483,21483,21483,21483,21483,21483,21483,21483,21483,21483,21483,21483,21483,21483,21483,21483,21483,21483,21483,21483,21483,21483,21483,21483,21483],"tree_rebalances":626}},"pattern":"contiguous_front","selection_count":300,"warmups":10},{"exact_sibling_order_restored":true,"measured_iterations":30,"node_count":10000,"operations":{"group":{"maximum_sequence_depth":15,"maximum_work":23726,"median_ms":1.1711,"p95_ms":2.0343,"raw_samples_ms":[1.1441000000000001,1.1527,1.1653,1.1878,1.1800000000000002,1.176,1.161,1.1711,1.2417,1.1785,1.1702,1.2176,2.1350000000000002,2.0338000000000003,2.0343,1.2261,1.17,1.1779,1.1681000000000001,1.1965000000000001,1.1456000000000002,1.1294,1.1502000000000001,1.1735,1.167,1.1461,1.1685,1.4703,1.1567,1.1348],"raw_work_samples":[23726,23726,23726,23726,23726,23726,23726,23726,23726,23726,23726,23726,23726,23726,23726,23726,23726,23726,23726,23726,23726,23726,23726,23726,23726,23726,23726,23726,23726,23726],"tree_rebalances":296},"redo":{"maximum_sequence_depth":15,"maximum_work":10818,"median_ms":0.8448,"p95_ms":1.4442000000000002,"raw_samples_ms":[0.8265,0.8515,0.8373,0.8536,0.8448,0.843,0.8413999999999999,0.8455999999999999,0.8452000000000001,0.8455,0.8481,0.8431,1.4442000000000002,1.4513,0.9097999999999999,0.8624999999999999,0.852,0.8428,1.1557,0.8401,0.8598,0.8195,0.8334,0.8241999999999999,0.8206,0.8218,0.8184,0.8685999999999999,0.819,0.8214],"raw_work_samples":[10818,10818,10818,10818,10818,10818,10818,10818,10818,10818,10818,10818,10818,10818,10818,10818,10818,10818,10818,10818,10818,10818,10818,10818,10818,10818,10818,10818,10818,10818],"tree_rebalances":296},"undo":{"maximum_sequence_depth":15,"maximum_work":20003,"median_ms":0.748,"p95_ms":1.292,"raw_samples_ms":[0.7425,0.7477999999999999,0.7295999999999999,0.7498,0.7517,0.7538999999999999,0.7459,0.7472,0.7569,0.753,0.7524,0.748,1.292,1.2922,1.1995,0.7671,0.7448999999999999,0.7485999999999999,0.7435,0.8773,0.7293999999999999,0.7247,0.7252,0.733,0.7278,0.7435999999999999,0.725,0.9551,0.7291,0.7644000000000001],"raw_work_samples":[20003,20003,20003,20003,20003,20003,20003,20003,20003,20003,20003,20003,20003,20003,20003,20003,20003,20003,20003,20003,20003,20003,20003,20003,20003,20003,20003,20003,20003,20003],"tree_rebalances":594},"ungroup":{"maximum_sequence_depth":15,"maximum_work":21541,"median_ms":1.1184999999999998,"p95_ms":1.9578,"raw_samples_ms":[1.0955,1.1074,1.3059,1.2743,1.1145,1.1202,1.1142,1.3527,1.1251,1.1198,1.1113,1.3237999999999999,1.9753,1.9578,1.168,1.1316,1.1184999999999998,1.113,1.6096000000000001,1.1011,1.0816000000000001,1.0971,1.2603,1.1181999999999999,1.1175,1.0789,1.0926,1.1469,1.117,1.075],"raw_work_samples":[21541,21541,21541,21541,21541,21541,21541,21541,21541,21541,21541,21541,21541,21541,21541,21541,21541,21541,21541,21541,21541,21541,21541,21541,21541,21541,21541,21541,21541,21541],"tree_rebalances":594}},"pattern":"contiguous_middle","selection_count":300,"warmups":10},{"exact_sibling_order_restored":true,"measured_iterations":30,"node_count":10000,"operations":{"group":{"maximum_sequence_depth":14,"maximum_work":23024,"median_ms":1.6126999999999998,"p95_ms":2.1107,"raw_samples_ms":[1.5917,1.6888,1.7912,1.6126999999999998,1.6528999999999998,1.6958,1.6103,1.5931000000000002,1.6496,1.5838,1.5847,1.7305000000000001,1.5878,1.9426999999999999,1.5939999999999999,1.5388000000000002,2.1107,1.6020999999999999,1.5413000000000001,1.8600999999999999,1.6698,1.5989000000000002,1.5914,1.6775,1.4684,1.4768,1.8607,1.571,2.1718,1.63],"raw_work_samples":[23024,23024,23024,23024,23024,23024,23024,23024,23024,23024,23024,23024,23024,23024,23024,23024,23024,23024,23024,23024,23024,23024,23024,23024,23024,23024,23024,23024,23024,23024],"tree_rebalances":0},"redo":{"maximum_sequence_depth":14,"maximum_work":10842,"median_ms":1.1359,"p95_ms":1.5711,"raw_samples_ms":[1.0832000000000002,1.5541,1.1225,1.1163,1.5442,1.1473,1.1701000000000001,1.3607,1.1173000000000002,1.1084,1.5711,1.1456000000000002,1.1126,1.3702,1.0843,1.118,1.2385,1.1058999999999999,1.1152,1.3671,1.0661,1.1203,1.5095,1.0859,1.0482,2.3912999999999998,1.1359,1.1888,1.1417000000000002,1.0533000000000001],"raw_work_samples":[10842,10842,10842,10842,10842,10842,10842,10842,10842,10842,10842,10842,10842,10842,10842,10842,10842,10842,10842,10842,10842,10842,10842,10842,10842,10842,10842,10842,10842,10842],"tree_rebalances":0},"undo":{"maximum_sequence_depth":14,"maximum_work":16314,"median_ms":0.9916,"p95_ms":1.4193,"raw_samples_ms":[0.9527,1.2616,0.9940000000000001,0.9832000000000001,1.1698,0.9916,0.9928,1.1576,0.9889,0.9778,1.4193,0.9975999999999999,0.9825999999999999,1.3876,0.9561,0.9594999999999999,1.2859,0.9786,0.9642000000000001,1.2537,0.9301,0.9708,1.6042,0.9459,0.9338000000000001,1.3946,0.9967000000000001,0.9654,1.1620000000000001,0.9516],"raw_work_samples":[16314,16314,16314,16314,16314,16314,16314,16314,16314,16314,16314,16314,16314,16314,16314,16314,16314,16314,16314,16314,16314,16314,16314,16314,16314,16314,16314,16314,16314,16314],"tree_rebalances":32},"ungroup":{"maximum_sequence_depth":14,"maximum_work":21485,"median_ms":1.5502999999999998,"p95_ms":1.9040000000000001,"raw_samples_ms":[1.5411,1.86,1.5214,1.5668,1.8348,1.5678,1.608,1.8454000000000002,1.5135999999999998,1.4871,1.7855,1.5149,1.5502999999999998,1.9040000000000001,1.4648,1.4748,1.6651,1.5479999999999998,1.4755,1.5751000000000002,1.4937,1.4921,1.6594,1.406,1.4664000000000001,2.7476000000000003,1.5016999999999998,1.6128,1.6376,1.4358000000000002],"raw_work_samples":[21485,21485,21485,21485,21485,21485,21485,21485,21485,21485,21485,21485,21485,21485,21485,21485,21485,21485,21485,21485,21485,21485,21485,21485,21485,21485,21485,21485,21485,21485],"tree_rebalances":32}},"pattern":"uniform","selection_count":300,"warmups":10},{"exact_sibling_order_restored":true,"measured_iterations":30,"node_count":10000,"operations":{"group":{"maximum_sequence_depth":14,"maximum_work":23107,"median_ms":1.6107,"p95_ms":4.3147,"raw_samples_ms":[2.4163,1.9572999999999998,1.8998000000000002,2.0098999999999996,1.9086999999999998,1.8860000000000001,1.5534999999999999,1.4687999999999999,1.5626,1.6107,1.6287,1.4580000000000002,2.2548,2.0616,4.3147,1.9699000000000002,1.4886000000000001,1.5506,1.6029,1.572,1.5487000000000002,1.5053,1.7054,1.5002,1.4636,1.5505,1.5752,1.5476999999999999,4.6063,2.4292],"raw_work_samples":[23107,23107,23107,23107,23107,23107,23107,23107,23107,23107,23107,23107,23107,23107,23107,23107,23107,23107,23107,23107,23107,23107,23107,23107,23107,23107,23107,23107,23107,23107],"tree_rebalances":0},"redo":{"maximum_sequence_depth":14,"maximum_work":10844,"median_ms":1.2565,"p95_ms":2.8674,"raw_samples_ms":[1.3755,1.3844,1.3503,1.4016,1.3783999999999998,1.3203,1.1294,1.0654,1.3863,1.1015000000000001,1.0937,1.426,1.4696,1.5873,2.9649,1.176,1.1132,1.0494,1.1376,1.1658,1.1109,1.3635,1.0414,1.0703,1.2565,1.0425,1.1174,1.1245,2.8674,1.5309],"raw_work_samples":[10844,10844,10844,10844,10844,10844,10844,10844,10844,10844,10844,10844,10844,10844,10844,10844,10844,10844,10844,10844,10844,10844,10844,10844,10844,10844,10844,10844,10844,10844],"tree_rebalances":0},"undo":{"maximum_sequence_depth":14,"maximum_work":16438,"median_ms":0.9905,"p95_ms":2.4819,"raw_samples_ms":[1.3048,1.1885999999999999,1.2358,1.1817,1.1649,1.3840000000000001,0.959,0.8962,0.9504,0.9632,0.9290999999999999,0.8992,1.2577,1.2561,2.4819,0.9905,0.9285,0.9333,0.9909000000000001,0.9751,0.9708,1.1635,0.9744,0.8972,1.0613000000000001,0.9004,0.9131,0.9523999999999999,2.5202,1.3011],"raw_work_samples":[16438,16438,16438,16438,16438,16438,16438,16438,16438,16438,16438,16438,16438,16438,16438,16438,16438,16438,16438,16438,16438,16438,16438,16438,16438,16438,16438,16438,16438,16438],"tree_rebalances":62},"ungroup":{"maximum_sequence_depth":14,"maximum_work":21567,"median_ms":1.5886,"p95_ms":4.3108,"raw_samples_ms":[1.8226,1.7982,2.0483,1.8825,1.766,1.5184,1.4959,1.3944999999999999,1.7822,1.5251,1.4212,4.0671,1.917,4.4780999999999995,3.1191,1.4937,1.3946,1.5886,1.4546,1.4423000000000001,1.3805,1.5593,1.4474,1.3767,1.6351,1.4877,1.4453999999999998,4.3108,3.7877,2.0777],"raw_work_samples":[21567,21567,21567,21567,21567,21567,21567,21567,21567,21567,21567,21567,21567,21567,21567,21567,21567,21567,21567,21567,21567,21567,21567,21567,21567,21567,21567,21567,21567,21567],"tree_rebalances":62}},"pattern":"random_seed_0x5eed","selection_count":300,"warmups":10},{"exact_sibling_order_restored":true,"measured_iterations":30,"node_count":10000,"operations":{"group":{"maximum_sequence_depth":15,"maximum_work":23758,"median_ms":1.2948,"p95_ms":3.2802000000000002,"raw_samples_ms":[1.2789,1.2329,1.2818,1.2882,1.276,1.2735999999999998,1.284,1.2796999999999998,1.2757999999999998,1.3062,1.2569000000000001,1.2558999999999998,1.2313,1.2854999999999999,1.2558,1.2266,1.2948,3.2802000000000002,3.3617,3.0335,1.7973999999999999,1.6792,1.6807,1.7351999999999999,1.6677,1.831,1.8203,1.6747999999999998,1.8693,1.7497],"raw_work_samples":[23758,23758,23758,23758,23758,23758,23758,23758,23758,23758,23758,23758,23758,23758,23758,23758,23758,23758,23758,23758,23758,23758,23758,23758,23758,23758,23758,23758,23758,23758],"tree_rebalances":270},"redo":{"maximum_sequence_depth":15,"maximum_work":11054,"median_ms":1.0462,"p95_ms":2.3137000000000003,"raw_samples_ms":[1.0462,0.9279,0.9294,0.928,1.0051,0.9357,0.9308,0.924,0.9494,0.923,0.8803,0.8819,0.9145,0.8863,0.8832,0.8809,2.3640000000000003,2.3137000000000003,2.1574,1.929,1.2236,1.1907,1.6578000000000002,1.1988999999999999,1.1937,1.4266999999999999,1.2118,1.2114,1.2388,1.21],"raw_work_samples":[11054,11054,11054,11054,11054,11054,11054,11054,11054,11054,11054,11054,11054,11054,11054,11054,11054,11054,11054,11054,11054,11054,11054,11054,11054,11054,11054,11054,11054,11054],"tree_rebalances":270},"undo":{"maximum_sequence_depth":15,"maximum_work":19759,"median_ms":0.9456,"p95_ms":1.9725,"raw_samples_ms":[0.8155,0.8233999999999999,0.8365,0.8216,0.9369,0.8264,0.8186,0.8215,0.9757,0.8307,0.8057,0.8094,0.9235,0.8011999999999999,0.794,0.7917,0.9456,2.0902999999999996,1.9725,1.9151,1.1245999999999998,1.0739,1.2712,1.0804,1.0815,1.4033,1.1026,1.0820999999999998,1.1582000000000001,1.0981],"raw_work_samples":[19759,19759,19759,19759,19759,19759,19759,19759,19759,19759,19759,19759,19759,19759,19759,19759,19759,19759,19759,19759,19759,19759,19759,19759,19759,19759,19759,19759,19759,19759],"tree_rebalances":562},"ungroup":{"maximum_sequence_depth":15,"maximum_work":21368,"median_ms":1.2986,"p95_ms":3.0715999999999997,"raw_samples_ms":[1.2986,1.2026999999999999,1.1978,1.1899,1.2323,1.1972,1.1964000000000001,1.1939,1.1933,1.2293,1.1716,1.1712,1.1871,1.1714,1.1618,1.1658,3.2176,3.0715999999999997,2.8585,1.8056,1.6457,1.5843999999999998,1.6982,1.5939,1.5926,1.7096,1.6020999999999999,1.5983,1.6693,1.6078],"raw_work_samples":[21368,21368,21368,21368,21368,21368,21368,21368,21368,21368,21368,21368,21368,21368,21368,21368,21368,21368,21368,21368,21368,21368,21368,21368,21368,21368,21368,21368,21368,21368],"tree_rebalances":562}},"pattern":"multiple_runs","selection_count":300,"warmups":10},{"exact_sibling_order_restored":true,"measured_iterations":30,"node_count":10000,"operations":{"group":{"maximum_sequence_depth":15,"maximum_work":75424,"median_ms":5.1929,"p95_ms":10.4185,"raw_samples_ms":[10.2752,10.4185,4.5576,4.3446,4.3216,10.0736,7.504700000000001,6.5736,6.2617,7.706799999999999,6.335,6.0906,5.9004,7.2201,6.4297,4.3034,4.3561,10.5511,5.167,5.1929,6.9897,4.3971,4.2759,3.9411000000000005,3.9091000000000005,3.9926,4.5189,4.8287,4.0911,3.9462000000000006],"raw_work_samples":[75424,75424,75424,75424,75424,75424,75424,75424,75424,75424,75424,75424,75424,75424,75424,75424,75424,75424,75424,75424,75424,75424,75424,75424,75424,75424,75424,75424,75424,75424],"tree_rebalances":976},"redo":{"maximum_sequence_depth":15,"maximum_work":34456,"median_ms":4.2658000000000005,"p95_ms":7.0938,"raw_samples_ms":[7.0938,3.5141999999999998,3.2845,3.6609,8.516599999999999,6.8678,4.3065999999999995,4.8111999999999995,5.7153,4.366,4.5404,4.8918,4.6679,4.6226,4.6399,2.9968999999999997,2.9516,4.8132,4.1009,4.2658000000000005,3.8874,3.1151,2.9642,3.2898,3.2345,2.8463,2.8327999999999998,2.9941999999999998,2.9485,4.5009999999999994],"raw_work_samples":[34456,34456,34456,34456,34456,34456,34456,34456,34456,34456,34456,34456,34456,34456,34456,34456,34456,34456,34456,34456,34456,34456,34456,34456,34456,34456,34456,34456,34456,34456],"tree_rebalances":976},"undo":{"maximum_sequence_depth":15,"maximum_work":66296,"median_ms":3.7230000000000003,"p95_ms":6.5539,"raw_samples_ms":[6.921799999999999,3.1878,3.0623,3.3459000000000003,3.1687,4.0171,4.0008,3.8548,4.0025,3.9306,3.7898,3.8665000000000003,3.9518,4.0374,3.8958999999999997,2.653,2.5702,6.5539,3.7230000000000003,3.8317,5.3969,2.6202,2.6968,2.8017,2.5074,2.4467,2.4943,2.5347999999999997,2.6279,2.4164],"raw_work_samples":[66296,66296,66296,66296,66296,66296,66296,66296,66296,66296,66296,66296,66296,66296,66296,66296,66296,66296,66296,66296,66296,66296,66296,66296,66296,66296,66296,66296,66296,66296],"tree_rebalances":2042},"ungroup":{"maximum_sequence_depth":15,"maximum_work":71331,"median_ms":4.715,"p95_ms":10.028799999999999,"raw_samples_ms":[10.028799999999999,4.1706,4.062600000000001,4.1762,7.3814,10.1443,6.248799999999999,6.5419,6.0913,5.898300000000001,6.018,5.8347,5.4272,5.8177,4.3603000000000005,4.2376000000000005,3.7238,5.1082,4.8924,4.9959,4.715,3.7169,3.7136,3.9135999999999997,3.8661,4.5126,3.5882,3.7157,3.671,4.021],"raw_work_samples":[71331,71331,71331,71331,71331,71331,71331,71331,71331,71331,71331,71331,71331,71331,71331,71331,71331,71331,71331,71331,71331,71331,71331,71331,71331,71331,71331,71331,71331,71331],"tree_rebalances":2042}},"pattern":"contiguous_front","selection_count":1000,"warmups":10},{"exact_sibling_order_restored":true,"measured_iterations":30,"node_count":10000,"operations":{"group":{"maximum_sequence_depth":15,"maximum_work":78093,"median_ms":4.162599999999999,"p95_ms":5.1382,"raw_samples_ms":[4.162599999999999,4.4524,4.788200000000001,5.037599999999999,4.0107,4.449,4.3936,4.2257,3.987,4.009,3.9896999999999996,4.1383,4.194500000000001,4.5825,3.9728999999999997,4.0012,11.2707,4.029,4.0607999999999995,4.339,4.6759,4.3401000000000005,3.9757000000000002,3.9959000000000002,4.0223,4.1301000000000005,4.6838,5.1382,4.0176,3.9489],"raw_work_samples":[78093,78093,78093,78093,78093,78093,78093,78093,78093,78093,78093,78093,78093,78093,78093,78093,78093,78093,78093,78093,78093,78093,78093,78093,78093,78093,78093,78093,78093,78093],"tree_rebalances":994},"redo":{"maximum_sequence_depth":15,"maximum_work":35034,"median_ms":2.9476,"p95_ms":7.3457,"raw_samples_ms":[2.9964000000000004,2.8427000000000002,2.8976,2.8584,7.3457,2.9134,2.9248999999999996,2.9435,3.1659,3.3,2.9842,3.0014999999999996,2.8888,2.9267,3.0892,8.2582,3.4589999999999996,3.1119,2.8447,2.8433,2.8747,2.9246,3.1535,3.0382000000000002,2.8815999999999997,2.9476,2.8621,2.8887,2.9579,3.9173999999999998],"raw_work_samples":[35034,35034,35034,35034,35034,35034,35034,35034,35034,35034,35034,35034,35034,35034,35034,35034,35034,35034,35034,35034,35034,35034,35034,35034,35034,35034,35034,35034,35034,35034],"tree_rebalances":994},"undo":{"maximum_sequence_depth":15,"maximum_work":66483,"median_ms":2.7859,"p95_ms":6.1316,"raw_samples_ms":[2.6402,2.7253,2.7116000000000002,2.8975,6.3687,2.7678999999999996,2.9135,2.7678,2.9072,2.6670000000000003,2.6251,2.8171,2.6898,2.7720000000000002,2.9762999999999997,3.2868,6.1316,2.6663,2.6258000000000004,2.6427,2.7566,2.847,2.83,2.736,2.8005999999999998,2.6511,2.7859,2.8720999999999997,2.8302,2.8408],"raw_work_samples":[66483,66483,66483,66483,66483,66483,66483,66483,66483,66483,66483,66483,66483,66483,66483,66483,66483,66483,66483,66483,66483,66483,66483,66483,66483,66483,66483,66483,66483,66483],"tree_rebalances":1994},"ungroup":{"maximum_sequence_depth":15,"maximum_work":71521,"median_ms":4.0378,"p95_ms":5.6325,"raw_samples_ms":[4.1278,3.8622,4.0879,3.9375,5.6325,3.9861000000000004,4.418,3.8699,4.0378,4.2175,4.1957,4.1782,3.8617999999999997,3.8304,4.0161,8.1971,4.1284,4.1472,4.6187,3.8064999999999998,3.8592,3.8621,3.9941000000000004,4.0616,4.0651,4.0117,3.8449,3.8293,3.8552,5.1316],"raw_work_samples":[71521,71521,71521,71521,71521,71521,71521,71521,71521,71521,71521,71521,71521,71521,71521,71521,71521,71521,71521,71521,71521,71521,71521,71521,71521,71521,71521,71521,71521,71521],"tree_rebalances":1994}},"pattern":"contiguous_middle","selection_count":1000,"warmups":10},{"exact_sibling_order_restored":true,"measured_iterations":30,"node_count":10000,"operations":{"group":{"maximum_sequence_depth":14,"maximum_work":76682,"median_ms":6.783,"p95_ms":14.7744,"raw_samples_ms":[7.088900000000001,6.1133999999999995,7.178999999999999,7.0242,6.783,5.4776,6.4383,6.518999999999999,6.4768,6.0599,6.6962,14.7744,14.9061,8.6829,6.9454,5.8465,8.357399999999998,6.597,6.7359,6.2368,5.3753,5.1648,8.1363,6.6879,6.3763,10.4245,14.6711,10.3002,13.4704,9.8758],"raw_work_samples":[76682,76682,76682,76682,76682,76682,76682,76682,76682,76682,76682,76682,76682,76682,76682,76682,76682,76682,76682,76682,76682,76682,76682,76682,76682,76682,76682,76682,76682,76682],"tree_rebalances":0},"redo":{"maximum_sequence_depth":14,"maximum_work":36004,"median_ms":5.0992,"p95_ms":10.8561,"raw_samples_ms":[10.2293,5.334099999999999,4.257099999999999,4.5792,5.0992,4.382300000000001,3.857,3.5869999999999997,3.7272,10.8561,8.4113,9.2243,10.8376,4.939,4.5465,11.4656,5.5019,3.9507,3.636,4.0926,4.8621,9.757399999999999,4.4324,3.8567,3.6361000000000003,7.938199999999999,7.019,7.543,8.725999999999999,7.0577000000000005],"raw_work_samples":[36004,36004,36004,36004,36004,36004,36004,36004,36004,36004,36004,36004,36004,36004,36004,36004,36004,36004,36004,36004,36004,36004,36004,36004,36004,36004,36004,36004,36004,36004],"tree_rebalances":0},"undo":{"maximum_sequence_depth":14,"maximum_work":54218,"median_ms":4.3105,"p95_ms":8.5844,"raw_samples_ms":[8.4862,4.3105,4.1957,4.332800000000001,4.4575,4.1882,4.1138,3.4651,3.1513,3.0648,3.7572,8.5844,10.9292,4.6387,3.8986,3.9344999999999994,5.3671,4.2091,3.3971999999999998,3.363,3.035,5.4262,4.3578,3.9503000000000004,3.7103,4.9891,6.7455,6.271299999999999,6.5502,5.9935],"raw_work_samples":[54218,54218,54218,54218,54218,54218,54218,54218,54218,54218,54218,54218,54218,54218,54218,54218,54218,54218,54218,54218,54218,54218,54218,54218,54218,54218,54218,54218,54218,54218],"tree_rebalances":92},"ungroup":{"maximum_sequence_depth":14,"maximum_work":71396,"median_ms":6.3643,"p95_ms":13.979999999999999,"raw_samples_ms":[6.6138,5.7736,6.9902999999999995,6.3643,5.2007,4.8191,4.8734,5.7327,6.2591,11.9349,13.4906,8.221300000000001,13.979999999999999,6.2614,6.2254,10.4001,5.6754999999999995,5.3638,6.0426,6.2702,6.0373,12.6587,4.852600000000001,5.7921,13.3605,13.6913,9.103299999999999,11.4202,14.8744,8.6874],"raw_work_samples":[71396,71396,71396,71396,71396,71396,71396,71396,71396,71396,71396,71396,71396,71396,71396,71396,71396,71396,71396,71396,71396,71396,71396,71396,71396,71396,71396,71396,71396,71396],"tree_rebalances":92}},"pattern":"uniform","selection_count":1000,"warmups":10},{"exact_sibling_order_restored":true,"measured_iterations":30,"node_count":10000,"operations":{"group":{"maximum_sequence_depth":14,"maximum_work":76500,"median_ms":8.5121,"p95_ms":14.972299999999999,"raw_samples_ms":[6.7736,9.145199999999999,8.6057,15.719199999999999,7.3203000000000005,13.4338,12.494,6.271299999999999,7.0815,6.6156,6.1919,7.7206,7.0075,6.4377,14.972299999999999,7.2638,6.5632,5.8243,5.3092,10.5383,5.1502,14.8757,11.2257,12.2719,11.2804,8.5121,9.967500000000001,8.5789,10.2675,7.2448],"raw_work_samples":[76500,76500,76500,76500,76500,76500,76500,76500,76500,76500,76500,76500,76500,76500,76500,76500,76500,76500,76500,76500,76500,76500,76500,76500,76500,76500,76500,76500,76500,76500],"tree_rebalances":4},"redo":{"maximum_sequence_depth":14,"maximum_work":35876,"median_ms":6.2584,"p95_ms":11.375100000000002,"raw_samples_ms":[6.6543,6.2684999999999995,5.6808,11.4579,5.9267,11.375100000000002,6.6632,5.0491,4.0466,4.1774000000000004,5.1157,5.6596,6.2217,7.2572,5.2584,4.0411,4.1054,5.1177,4.9089,5.0708,10.269,10.410900000000002,6.3811,7.4619,6.2584,11.1936,7.4346000000000005,8.3758,7.3785,4.050800000000001],"raw_work_samples":[35876,35876,35876,35876,35876,35876,35876,35876,35876,35876,35876,35876,35876,35876,35876,35876,35876,35876,35876,35876,35876,35876,35876,35876,35876,35876,35876,35876,35876,35876],"tree_rebalances":4},"undo":{"maximum_sequence_depth":14,"maximum_work":54890,"median_ms":5.8784,"p95_ms":9.8295,"raw_samples_ms":[5.0526,4.9988,5.4849,9.8295,4.6177,9.7754,7.3835999999999995,4.7171,4.2418000000000005,3.4256,4.0913,8.2688,8.5888,3.5620000000000003,4.915100000000001,4.2216,3.2843,3.3627000000000002,4.103,8.3058,8.2582,10.0282,6.39,6.3025,6.1309,9.3232,5.8784,6.0022,5.9523,4.2165],"raw_work_samples":[54890,54890,54890,54890,54890,54890,54890,54890,54890,54890,54890,54890,54890,54890,54890,54890,54890,54890,54890,54890,54890,54890,54890,54890,54890,54890,54890,54890,54890,54890],"tree_rebalances":306},"ungroup":{"maximum_sequence_depth":14,"maximum_work":70964,"median_ms":7.120900000000001,"p95_ms":13.5387,"raw_samples_ms":[7.6469,8.109,12.9907,8.2434,6.4896,12.0776,6.7592,5.1595,6.0823,6.3065999999999995,5.8366,7.8055,7.120900000000001,13.5387,5.3956,6.2940000000000005,6.2993,5.8068,5.2101999999999995,5.9598,13.842500000000001,7.0607,13.433,9.7544,6.5814,13.3168,9.1739,10.1232,8.765500000000001,6.7941],"raw_work_samples":[70964,70964,70964,70964,70964,70964,70964,70964,70964,70964,70964,70964,70964,70964,70964,70964,70964,70964,70964,70964,70964,70964,70964,70964,70964,70964,70964,70964,70964,70964],"tree_rebalances":306}},"pattern":"random_seed_0x5eed","selection_count":1000,"warmups":10},{"exact_sibling_order_restored":true,"measured_iterations":30,"node_count":10000,"operations":{"group":{"maximum_sequence_depth":15,"maximum_work":79265,"median_ms":4.3906,"p95_ms":11.3437,"raw_samples_ms":[4.2417,4.2862,11.255700000000001,4.2940000000000005,4.5268,4.5884,4.4466,5.1854,4.122599999999999,5.797,4.2194,4.114,4.556,5.170400000000001,4.7051,4.084499999999999,4.2637,4.1779,4.315099999999999,4.277699999999999,4.3906,4.1535,4.1309,4.1363,4.2103,11.3437,4.7171,4.6792,9.1667,11.5955],"raw_work_samples":[79265,79265,79265,79265,79265,79265,79265,79265,79265,79265,79265,79265,79265,79265,79265,79265,79265,79265,79265,79265,79265,79265,79265,79265,79265,79265,79265,79265,79265,79265],"tree_rebalances":966},"redo":{"maximum_sequence_depth":15,"maximum_work":36338,"median_ms":3.2407,"p95_ms":8.1461,"raw_samples_ms":[3.1494999999999997,3.0044999999999997,8.1461,3.058,3.0221,3.0972999999999997,3.1115,3.2555,4.8464,3.1670000000000003,3.2622,8.403,3.0305000000000004,3.0949,3.1389,3.291,3.2407,3.1647,3.1837,3.2268000000000003,3.1438,3.1368,3.3093,3.3731999999999998,3.9623999999999997,5.8691,3.6121,4.6278999999999995,6.4531,6.4167],"raw_work_samples":[36338,36338,36338,36338,36338,36338,36338,36338,36338,36338,36338,36338,36338,36338,36338,36338,36338,36338,36338,36338,36338,36338,36338,36338,36338,36338,36338,36338,36338,36338],"tree_rebalances":966},"undo":{"maximum_sequence_depth":15,"maximum_work":66356,"median_ms":2.7866,"p95_ms":7.3201,"raw_samples_ms":[2.6576,2.6580000000000004,8.1319,2.7269,2.721,2.7866,2.7612,3.0515999999999996,3.8278000000000003,2.8771999999999998,2.9737999999999998,3.7897,2.7382999999999997,2.7399,2.8777999999999997,2.9962,2.7419,2.6523,2.7262,2.7193,2.7502999999999997,2.887,2.7178,2.6251,2.645,7.1728,3.0105,2.9183,5.9027,7.3201],"raw_work_samples":[66356,66356,66356,66356,66356,66356,66356,66356,66356,66356,66356,66356,66356,66356,66356,66356,66356,66356,66356,66356,66356,66356,66356,66356,66356,66356,66356,66356,66356,66356],"tree_rebalances":1960},"ungroup":{"maximum_sequence_depth":15,"maximum_work":71462,"median_ms":4.1292,"p95_ms":10.2653,"raw_samples_ms":[4.3115000000000006,6.7095,6.1779,4.459099999999999,4.1419,3.8893999999999997,3.9215999999999998,3.8955,5.8243,3.8848,3.9760999999999997,8.4841,3.8828,3.8662,3.8847,4.0667,4.0927999999999995,4.1354,4.0016,3.8644,4.0266,4.104,4.1292,3.9598999999999998,10.9146,4.6172,4.4999,8.6189,10.2653,4.4135],"raw_work_samples":[71462,71462,71462,71462,71462,71462,71462,71462,71462,71462,71462,71462,71462,71462,71462,71462,71462,71462,71462,71462,71462,71462,71462,71462,71462,71462,71462,71462,71462,71462],"tree_rebalances":1960}},"pattern":"multiple_runs","selection_count":1000,"warmups":10},{"exact_sibling_order_restored":true,"measured_iterations":30,"node_count":10000,"operations":{"group":{"maximum_sequence_depth":15,"maximum_work":226265,"median_ms":15.6043,"p95_ms":26.5279,"raw_samples_ms":[12.9644,13.0908,13.362300000000001,21.7471,13.0577,17.019,13.3556,13.073,17.1539,22.7573,15.4933,15.6043,15.1232,23.8272,18.3958,14.9248,14.0808,12.982199999999999,18.5628,26.5279,23.339599999999997,18.0472,13.377099999999999,23.479300000000002,19.057299999999998,13.3389,33.6234,19.3187,13.2728,14.4476],"raw_work_samples":[226265,226265,226265,226265,226265,226265,226265,226265,226265,226265,226265,226265,226265,226265,226265,226265,226265,226265,226265,226265,226265,226265,226265,226265,226265,226265,226265,226265,226265,226265],"tree_rebalances":2964},"redo":{"maximum_sequence_depth":15,"maximum_work":101390,"median_ms":10.5298,"p95_ms":20.0834,"raw_samples_ms":[9.1768,9.6192,9.3643,10.810699999999999,9.533700000000001,10.1011,9.7407,9.332999999999998,10.2151,9.2023,11.6056,22.288800000000002,10.1113,10.75,18.532,17.4244,9.7152,13.3709,9.542,10.5298,19.970100000000002,20.0834,10.9738,10.4049,10.4744,12.1524,15.497300000000001,12.5618,19.7517,9.720899999999999],"raw_work_samples":[101390,101390,101390,101390,101390,101390,101390,101390,101390,101390,101390,101390,101390,101390,101390,101390,101390,101390,101390,101390,101390,101390,101390,101390,101390,101390,101390,101390,101390,101390],"tree_rebalances":2964},"undo":{"maximum_sequence_depth":15,"maximum_work":197309,"median_ms":10.246099999999998,"p95_ms":20.7362,"raw_samples_ms":[8.7925,8.3673,8.5143,11.3949,8.4131,18.1851,9.091999999999999,8.7507,9.1653,8.6465,10.3903,21.892100000000003,9.604700000000001,10.4025,18.2885,15.894100000000002,8.6314,8.9201,10.2747,16.645400000000002,15.1263,20.7362,10.246099999999998,9.3035,9.2835,9.075800000000001,10.5375,17.2258,14.812000000000001,8.6401],"raw_work_samples":[197309,197309,197309,197309,197309,197309,197309,197309,197309,197309,197309,197309,197309,197309,197309,197309,197309,197309,197309,197309,197309,197309,197309,197309,197309,197309,197309,197309,197309,197309],"tree_rebalances":6016},"ungroup":{"maximum_sequence_depth":15,"maximum_work":212341,"median_ms":14.3568,"p95_ms":28.6742,"raw_samples_ms":[12.454099999999999,12.408900000000001,16.209999999999997,12.596400000000001,12.594100000000001,13.6236,23.164,25.0796,18.649700000000003,12.398299999999999,15.8195,14.309000000000001,12.697,22.9102,14.3568,14.0207,12.6968,21.2229,12.551400000000001,38.3763,16.3715,14.2661,15.3458,24.9007,13.563,24.9096,28.6742,12.938,14.1887,15.5786],"raw_work_samples":[212341,212341,212341,212341,212341,212341,212341,212341,212341,212341,212341,212341,212341,212341,212341,212341,212341,212341,212341,212341,212341,212341,212341,212341,212341,212341,212341,212341,212341,212341],"tree_rebalances":6016}},"pattern":"contiguous_front","selection_count":3000,"warmups":10},{"exact_sibling_order_restored":true,"measured_iterations":30,"node_count":10000,"operations":{"group":{"maximum_sequence_depth":15,"maximum_work":231991,"median_ms":14.7485,"p95_ms":32.9018,"raw_samples_ms":[14.3061,14.168999999999999,14.6159,16.6176,14.5122,25.318299999999997,14.184099999999999,14.338,16.0016,36.302099999999996,17.371100000000002,25.2711,15.379,19.8118,14.4271,15.0729,14.1149,14.271600000000001,14.584200000000001,22.9094,14.3078,18.9583,14.5747,14.4974,14.2383,14.7485,14.5111,26.5834,32.9018,15.3071],"raw_work_samples":[231991,231991,231991,231991,231991,231991,231991,231991,231991,231991,231991,231991,231991,231991,231991,231991,231991,231991,231991,231991,231991,231991,231991,231991,231991,231991,231991,231991,231991,231991],"tree_rebalances":2992},"redo":{"maximum_sequence_depth":15,"maximum_work":102752,"median_ms":10.965300000000001,"p95_ms":24.9367,"raw_samples_ms":[10.351600000000001,11.0905,11.1091,10.426,11.1652,10.8188,10.965300000000001,10.6711,26.2352,13.5698,19.0956,11.309700000000001,14.9293,17.654799999999998,11.3519,10.4352,10.8511,10.531600000000001,10.6167,10.5944,13.5653,12.5048,10.9138,10.357999999999999,10.3954,10.2171,10.505600000000001,10.3661,11.7338,24.9367],"raw_work_samples":[102752,102752,102752,102752,102752,102752,102752,102752,102752,102752,102752,102752,102752,102752,102752,102752,102752,102752,102752,102752,102752,102752,102752,102752,102752,102752,102752,102752,102752,102752],"tree_rebalances":2992},"undo":{"maximum_sequence_depth":15,"maximum_work":198357,"median_ms":9.350000000000001,"p95_ms":22.934900000000003,"raw_samples_ms":[9.1456,19.7713,8.676100000000002,8.883500000000002,8.656699999999999,9.803600000000001,8.8448,8.822,11.9541,23.8594,11.2211,9.350000000000001,8.9893,22.6716,9.6477,9.052,9.4342,9.0986,9.412099999999999,9.395999999999999,13.8124,22.934900000000003,8.8924,9.1002,9.2691,9.1479,8.9116,9.2106,10.6977,9.6707],"raw_work_samples":[198357,198357,198357,198357,198357,198357,198357,198357,198357,198357,198357,198357,198357,198357,198357,198357,198357,198357,198357,198357,198357,198357,198357,198357,198357,198357,198357,198357,198357,198357],"tree_rebalances":5990},"ungroup":{"maximum_sequence_depth":15,"maximum_work":213389,"median_ms":13.3508,"p95_ms":33.284,"raw_samples_ms":[12.853399999999999,13.2361,16.8546,13.0749,23.2983,13.343300000000001,13.2486,12.9151,33.409099999999995,16.1856,33.284,13.6022,19.8139,14.3615,13.5938,12.7553,12.9094,13.0761,13.148399999999999,12.804499999999999,13.8793,13.7966,13.3508,13.052100000000001,12.9062,13.1136,12.869200000000001,14.853200000000001,14.4361,23.7917],"raw_work_samples":[213389,213389,213389,213389,213389,213389,213389,213389,213389,213389,213389,213389,213389,213389,213389,213389,213389,213389,213389,213389,213389,213389,213389,213389,213389,213389,213389,213389,213389,213389],"tree_rebalances":5990}},"pattern":"contiguous_middle","selection_count":3000,"warmups":10},{"exact_sibling_order_restored":true,"measured_iterations":30,"node_count":10000,"operations":{"group":{"maximum_sequence_depth":14,"maximum_work":227994,"median_ms":24.905199999999997,"p95_ms":43.342400000000005,"raw_samples_ms":[23.2566,44.3329,22.1541,18.2119,42.985299999999995,18.7414,43.342400000000005,19.1798,19.5957,18.074199999999998,24.905199999999997,28.9756,28.7544,19.970200000000002,26.8583,26.4086,18.6323,18.6907,42.3705,34.422000000000004,32.2413,37.98,18.901600000000002,18.7072,18.3812,33.6331,21.8687,26.084300000000002,26.7404,20.936],"raw_work_samples":[227994,227994,227994,227994,227994,227994,227994,227994,227994,227994,227994,227994,227994,227994,227994,227994,227994,227994,227994,227994,227994,227994,227994,227994,227994,227994,227994,227994,227994,227994],"tree_rebalances":0},"redo":{"maximum_sequence_depth":14,"maximum_work":107502,"median_ms":16.1887,"p95_ms":31.0243,"raw_samples_ms":[29.481,16.9297,14.4634,14.5112,25.6408,18.2761,31.0243,14.4404,14.0036,14.1885,31.1712,14.525500000000001,16.2102,14.0082,16.503,15.264700000000001,19.4931,14.1351,19.3889,24.3035,24.3762,16.1887,13.9887,15.2249,14.36,22.951,14.481300000000001,14.089,18.148500000000002,14.9817],"raw_work_samples":[107502,107502,107502,107502,107502,107502,107502,107502,107502,107502,107502,107502,107502,107502,107502,107502,107502,107502,107502,107502,107502,107502,107502,107502,107502,107502,107502,107502,107502,107502],"tree_rebalances":0},"undo":{"maximum_sequence_depth":14,"maximum_work":166151,"median_ms":12.6181,"p95_ms":25.7449,"raw_samples_ms":[12.6181,20.8544,12.0135,11.9002,25.083000000000002,11.2655,26.6875,11.4827,12.0238,11.338799999999999,25.7449,11.825099999999999,15.5319,12.040199999999999,12.1984,14.7063,16.0352,11.5239,14.7128,13.4565,12.6381,13.568,11.5771,11.341099999999999,11.4938,25.7446,11.8619,11.4801,13.2347,21.7128],"raw_work_samples":[166151,166151,166151,166151,166151,166151,166151,166151,166151,166151,166151,166151,166151,166151,166151,166151,166151,166151,166151,166151,166151,166151,166151,166151,166151,166151,166151,166151,166151,166151],"tree_rebalances":1736},"ungroup":{"maximum_sequence_depth":14,"maximum_work":217893,"median_ms":20.784899999999997,"p95_ms":41.9059,"raw_samples_ms":[30.0201,23.764,17.153399999999998,24.3588,18.4354,44.3348,19.314600000000002,27.149800000000003,19.3202,17.2229,19.522399999999998,20.784899999999997,21.3742,17.4907,33.5215,17.5515,17.3534,25.8111,41.9059,25.681099999999997,36.0069,17.668599999999998,25.395,21.0113,19.4649,25.6044,17.3575,17.648899999999998,20.5288,17.5587],"raw_work_samples":[217893,217893,217893,217893,217893,217893,217893,217893,217893,217893,217893,217893,217893,217893,217893,217893,217893,217893,217893,217893,217893,217893,217893,217893,217893,217893,217893,217893,217893,217893],"tree_rebalances":1736}},"pattern":"uniform","selection_count":3000,"warmups":10},{"exact_sibling_order_restored":true,"measured_iterations":30,"node_count":10000,"operations":{"group":{"maximum_sequence_depth":15,"maximum_work":229509,"median_ms":23.868199999999998,"p95_ms":42.9883,"raw_samples_ms":[18.9639,41.173300000000005,27.7316,28.3013,18.1355,20.5695,21.7656,31.469200000000004,24.624299999999998,42.9883,18.9161,23.868199999999998,19.145599999999998,36.9881,18.7781,21.5454,23.6844,41.34,19.2629,21.9769,18.9275,21.1026,19.77,44.3045,35.0957,22.254800000000003,38.8831,35.8161,24.4097,34.5841],"raw_work_samples":[229509,229509,229509,229509,229509,229509,229509,229509,229509,229509,229509,229509,229509,229509,229509,229509,229509,229509,229509,229509,229509,229509,229509,229509,229509,229509,229509,229509,229509,229509],"tree_rebalances":370},"redo":{"maximum_sequence_depth":15,"maximum_work":107518,"median_ms":17.0857,"p95_ms":28.5426,"raw_samples_ms":[17.4426,23.529899999999998,15.1548,14.460600000000001,14.2865,13.9685,16.4604,17.6112,21.3498,18.9252,21.4582,15.075099999999999,13.9144,19.3608,29.0532,14.3769,15.232000000000001,21.772199999999998,14.096300000000001,14.0981,13.9612,19.6068,28.5426,16.1887,25.0845,14.3286,20.4757,19.456,14.0688,17.0857],"raw_work_samples":[107518,107518,107518,107518,107518,107518,107518,107518,107518,107518,107518,107518,107518,107518,107518,107518,107518,107518,107518,107518,107518,107518,107518,107518,107518,107518,107518,107518,107518,107518],"tree_rebalances":370},"undo":{"maximum_sequence_depth":15,"maximum_work":170807,"median_ms":15.1562,"p95_ms":26.2655,"raw_samples_ms":[11.7636,13.8665,17.2136,12.579099999999999,19.8865,11.4743,13.2465,18.9737,17.8994,15.1562,12.6625,14.879399999999999,11.314400000000001,12.2097,11.251900000000001,17.4597,17.2423,27.610300000000002,11.5653,11.564400000000001,11.259699999999999,18.7254,26.1757,26.2655,23.1869,13.088000000000001,16.380100000000002,21.5655,11.6002,15.354899999999999],"raw_work_samples":[170807,170807,170807,170807,170807,170807,170807,170807,170807,170807,170807,170807,170807,170807,170807,170807,170807,170807,170807,170807,170807,170807,170807,170807,170807,170807,170807,170807,170807,170807],"tree_rebalances":2434},"ungroup":{"maximum_sequence_depth":15,"maximum_work":210714,"median_ms":21.3613,"p95_ms":36.3867,"raw_samples_ms":[35.4754,20.3436,17.508200000000002,16.7612,36.3867,22.974,19.6743,20.8204,30.9893,22.645,19.863100000000003,17.506,16.9473,20.3248,21.3613,17.1908,31.293599999999998,21.8963,26.4385,16.8095,16.7114,22.832,39.7461,29.0135,22.3359,17.1359,25.2365,19.437800000000003,27.355,21.3323],"raw_work_samples":[210714,210714,210714,210714,210714,210714,210714,210714,210714,210714,210714,210714,210714,210714,210714,210714,210714,210714,210714,210714,210714,210714,210714,210714,210714,210714,210714,210714,210714,210714],"tree_rebalances":2434}},"pattern":"random_seed_0x5eed","selection_count":3000,"warmups":10},{"exact_sibling_order_restored":true,"measured_iterations":30,"node_count":10000,"operations":{"group":{"maximum_sequence_depth":15,"maximum_work":233156,"median_ms":14.7829,"p95_ms":36.014900000000004,"raw_samples_ms":[16.764999999999997,18.1549,14.1042,14.095699999999999,14.2925,17.020699999999998,15.4354,14.3476,22.754900000000003,14.137,14.0258,14.091700000000001,14.2685,14.357999999999999,14.3804,14.5543,14.311499999999999,19.2499,20.1549,14.7829,26.2453,36.014900000000004,15.741700000000002,14.7683,14.1823,14.3192,16.585800000000003,15.305,36.2441,18.9572],"raw_work_samples":[233156,233156,233156,233156,233156,233156,233156,233156,233156,233156,233156,233156,233156,233156,233156,233156,233156,233156,233156,233156,233156,233156,233156,233156,233156,233156,233156,233156,233156,233156],"tree_rebalances":2956},"redo":{"maximum_sequence_depth":15,"maximum_work":105874,"median_ms":10.809600000000001,"p95_ms":26.7645,"raw_samples_ms":[27.651,10.6683,10.107700000000001,10.621500000000001,10.639100000000001,10.3082,10.809600000000001,10.7338,10.7324,10.552900000000001,10.7447,10.503200000000001,10.523299999999999,11.266,10.5616,10.600999999999999,10.7525,26.5549,11.7064,10.8787,10.955,18.408399999999997,10.887300000000002,10.5432,19.0793,13.8437,10.9595,21.7336,26.7645,16.2687],"raw_work_samples":[105874,105874,105874,105874,105874,105874,105874,105874,105874,105874,105874,105874,105874,105874,105874,105874,105874,105874,105874,105874,105874,105874,105874,105874,105874,105874,105874,105874,105874,105874],"tree_rebalances":2956},"undo":{"maximum_sequence_depth":15,"maximum_work":197793,"median_ms":9.389800000000001,"p95_ms":20.2088,"raw_samples_ms":[19.287599999999998,9.386500000000002,9.1731,8.880600000000001,9.0493,9.3852,9.6593,8.8066,9.4435,9.1801,9.0359,8.8997,9.0556,9.389800000000001,9.2154,9.1215,8.748199999999999,11.9837,10.3937,9.4614,12.1736,20.2088,9.5235,9.1886,10.477,11.9148,9.004399999999999,13.5899,22.9957,14.2383],"raw_work_samples":[197793,197793,197793,197793,197793,197793,197793,197793,197793,197793,197793,197793,197793,197793,197793,197793,197793,197793,197793,197793,197793,197793,197793,197793,197793,197793,197793,197793,197793,197793],"tree_rebalances":5948},"ungroup":{"maximum_sequence_depth":15,"maximum_work":212890,"median_ms":13.369900000000001,"p95_ms":33.3446,"raw_samples_ms":[22.6875,12.850999999999999,12.757900000000001,12.8645,17.095,13.7344,12.9266,12.9478,12.751900000000001,12.9799,13.487300000000001,12.911900000000001,13.1048,12.8153,12.959999999999999,13.1363,23.3931,33.79130000000001,13.3342,12.9727,25.612,17.8083,13.0224,13.5265,13.369900000000001,16.608500000000003,23.0705,33.3446,30.9136,13.6184],"raw_work_samples":[212890,212890,212890,212890,212890,212890,212890,212890,212890,212890,212890,212890,212890,212890,212890,212890,212890,212890,212890,212890,212890,212890,212890,212890,212890,212890,212890,212890,212890,212890],"tree_rebalances":5948}},"pattern":"multiple_runs","selection_count":3000,"warmups":10},{"exact_sibling_order_restored":true,"measured_iterations":30,"node_count":10000,"operations":{"group":{"maximum_sequence_depth":14,"maximum_work":707697,"median_ms":54.4791,"p95_ms":84.3138,"raw_samples_ms":[49.4418,61.8166,73.949,56.016799999999996,101.7965,66.213,49.5979,49.3604,75.48150000000001,73.3364,49.5919,49.5865,48.81,61.004599999999996,60.144999999999996,54.4791,49.925900000000006,79.1755,50.331300000000006,50.4081,68.4939,49.5148,49.2109,50.121,63.4469,68.5337,84.3138,50.5546,49.7637,52.867900000000006],"raw_work_samples":[707697,707697,707697,707697,707697,707697,707697,707697,707697,707697,707697,707697,707697,707697,707697,707697,707697,707697,707697,707697,707697,707697,707697,707697,707697,707697,707697,707697,707697,707697],"tree_rebalances":9974},"redo":{"maximum_sequence_depth":14,"maximum_work":306818,"median_ms":44.7108,"p95_ms":56.836400000000005,"raw_samples_ms":[36.8941,37.0597,43.6107,49.268,39.6373,44.7108,36.8387,37.2023,36.9737,42.125299999999996,56.836400000000005,37.1393,48.3405,44.7316,56.6535,53.060900000000004,50.9282,47.8718,44.2079,47.6126,43.3884,45.0818,66.8843,40.447700000000005,48.2237,40.1596,47.6793,37.2764,41.4439,48.44070000000001],"raw_work_samples":[306818,306818,306818,306818,306818,306818,306818,306818,306818,306818,306818,306818,306818,306818,306818,306818,306818,306818,306818,306818,306818,306818,306818,306818,306818,306818,306818,306818,306818,306818],"tree_rebalances":9974},"undo":{"maximum_sequence_depth":14,"maximum_work":594359,"median_ms":33.7854,"p95_ms":49.4186,"raw_samples_ms":[30.4785,31.0282,32.0398,34.907000000000004,35.2897,30.4929,30.3114,30.4562,32.792500000000004,33.7854,30.7731,30.651600000000002,40.044700000000006,40.6644,34.8898,45.714999999999996,30.7385,31.5415,43.829,30.7931,42.3129,49.4186,30.636699999999998,30.586499999999997,67.28059999999999,41.963899999999995,34.156400000000005,40.038900000000005,44.265699999999995,30.5105],"raw_work_samples":[594359,594359,594359,594359,594359,594359,594359,594359,594359,594359,594359,594359,594359,594359,594359,594359,594359,594359,594359,594359,594359,594359,594359,594359,594359,594359,594359,594359,594359,594359],"tree_rebalances":19972},"ungroup":{"maximum_sequence_depth":14,"maximum_work":644361,"median_ms":54.7089,"p95_ms":66.7629,"raw_samples_ms":[65.55709999999999,56.6782,58.6058,56.8778,62.6882,44.746300000000005,44.451499999999996,44.5227,59.6068,54.7089,44.9494,44.0045,60.911699999999996,66.7629,46.403,45.5864,62.6033,45.938100000000006,46.3547,58.6514,45.2631,80.9543,66.372,62.5977,49.0055,54.0934,45.1691,45.0652,56.8651,53.7648],"raw_work_samples":[644361,644361,644361,644361,644361,644361,644361,644361,644361,644361,644361,644361,644361,644361,644361,644361,644361,644361,644361,644361,644361,644361,644361,644361,644361,644361,644361,644361,644361,644361],"tree_rebalances":19972}},"pattern":"contiguous_front","selection_count":10000,"warmups":10},{"exact_sibling_order_restored":true,"measured_iterations":30,"node_count":10000,"operations":{"group":{"maximum_sequence_depth":14,"maximum_work":707697,"median_ms":57.5824,"p95_ms":89.7711,"raw_samples_ms":[50.6982,71.2532,75.86519999999999,53.1703,50.0594,89.7711,60.623599999999996,50.7046,54.7235,80.5091,51.803000000000004,49.088300000000004,57.5824,99.5772,52.9311,49.6361,57.2544,56.9049,50.4186,64.4593,49.3643,60.345000000000006,79.1361,84.0988,62.230599999999995,61.9758,49.5666,76.6093,75.7963,49.2275],"raw_work_samples":[707697,707697,707697,707697,707697,707697,707697,707697,707697,707697,707697,707697,707697,707697,707697,707697,707697,707697,707697,707697,707697,707697,707697,707697,707697,707697,707697,707697,707697,707697],"tree_rebalances":9974},"redo":{"maximum_sequence_depth":14,"maximum_work":306818,"median_ms":42.62,"p95_ms":61.145900000000005,"raw_samples_ms":[42.62,36.6334,61.145900000000005,39.8241,36.4958,47.4891,37.306,36.6845,36.4959,49.102,36.783,38.534800000000004,67.9285,43.2775,40.1511,36.7937,36.8575,52.9884,37.0657,36.416999999999994,60.6779,43.0771,49.6171,48.7851,51.191,50.0445,53.7098,47.2577,40.564,36.6995],"raw_work_samples":[306818,306818,306818,306818,306818,306818,306818,306818,306818,306818,306818,306818,306818,306818,306818,306818,306818,306818,306818,306818,306818,306818,306818,306818,306818,306818,306818,306818,306818,306818],"tree_rebalances":9974},"undo":{"maximum_sequence_depth":14,"maximum_work":594359,"median_ms":35.302600000000005,"p95_ms":58.7239,"raw_samples_ms":[33.0218,32.5837,36.6569,36.5368,30.839399999999998,38.3367,35.0292,30.483,30.904799999999998,41.913,32.2057,40.951,51.5509,51.0105,31.217000000000002,30.7577,31.8448,36.7204,30.9544,30.6889,30.4242,56.8457,58.7239,35.7433,47.3687,35.7948,35.302600000000005,70.6575,30.5744,30.4368],"raw_work_samples":[594359,594359,594359,594359,594359,594359,594359,594359,594359,594359,594359,594359,594359,594359,594359,594359,594359,594359,594359,594359,594359,594359,594359,594359,594359,594359,594359,594359,594359,594359],"tree_rebalances":19972},"ungroup":{"maximum_sequence_depth":14,"maximum_work":644361,"median_ms":54.4974,"p95_ms":89.1034,"raw_samples_ms":[48.0454,45.3446,80.73089999999999,44.4881,103.47370000000001,86.56469999999999,61.0849,44.2777,61.004599999999996,62.3711,44.358599999999996,60.2307,73.7439,52.4313,51.6073,57.3961,44.5437,44.4808,59.3903,44.3083,54.4974,89.1034,55.8173,74.8051,45.700900000000004,63.4238,52.295300000000005,44.966499999999996,43.990700000000004,44.8731],"raw_work_samples":[644361,644361,644361,644361,644361,644361,644361,644361,644361,644361,644361,644361,644361,644361,644361,644361,644361,644361,644361,644361,644361,644361,644361,644361,644361,644361,644361,644361,644361,644361],"tree_rebalances":19972}},"pattern":"contiguous_middle","selection_count":10000,"warmups":10},{"exact_sibling_order_restored":true,"measured_iterations":30,"node_count":10000,"operations":{"group":{"maximum_sequence_depth":14,"maximum_work":707697,"median_ms":63.5469,"p95_ms":100.6203,"raw_samples_ms":[67.6634,64.0873,84.4158,66.8336,49.3686,62.9304,64.8937,69.7762,49.2878,77.08139999999999,60.3968,69.90899999999999,56.980000000000004,100.6203,84.47540000000001,51.3322,97.5903,51.0845,98.7517,63.5469,49.7744,49.523900000000005,50.1392,105.3618,53.059799999999996,62.5681,59.219500000000004,90.1482,58.5852,62.657500000000006],"raw_work_samples":[707697,707697,707697,707697,707697,707697,707697,707697,707697,707697,707697,707697,707697,707697,707697,707697,707697,707697,707697,707697,707697,707697,707697,707697,707697,707697,707697,707697,707697,707697],"tree_rebalances":9974},"redo":{"maximum_sequence_depth":14,"maximum_work":306818,"median_ms":43.886,"p95_ms":74.7504,"raw_samples_ms":[37.714,47.2707,43.886,40.3586,37.4574,74.7504,45.7876,46.8932,36.6515,37.9673,39.0663,40.659,55.4809,45.899,38.604800000000004,49.3519,67.5318,64.9822,38.5114,39.3972,37.0619,88.1909,36.797000000000004,64.9148,37.1757,50.8075,37.5018,37.774,58.556,47.7385],"raw_work_samples":[306818,306818,306818,306818,306818,306818,306818,306818,306818,306818,306818,306818,306818,306818,306818,306818,306818,306818,306818,306818,306818,306818,306818,306818,306818,306818,306818,306818,306818,306818],"tree_rebalances":9974},"undo":{"maximum_sequence_depth":14,"maximum_work":594359,"median_ms":35.6417,"p95_ms":58.192800000000005,"raw_samples_ms":[39.3197,30.554000000000002,58.192800000000005,33.3776,39.895399999999995,31.4775,31.1033,44.3444,30.7974,35.6417,30.4479,36.5621,41.1839,37.647,41.3756,52.1793,59.4815,30.505999999999997,36.6013,54.7486,30.6437,42.375099999999996,30.5518,33.9413,30.768,43.3756,30.489700000000003,32.2577,31.0635,35.27460000000001],"raw_work_samples":[594359,594359,594359,594359,594359,594359,594359,594359,594359,594359,594359,594359,594359,594359,594359,594359,594359,594359,594359,594359,594359,594359,594359,594359,594359,594359,594359,594359,594359,594359],"tree_rebalances":19972},"ungroup":{"maximum_sequence_depth":14,"maximum_work":644361,"median_ms":55.2327,"p95_ms":78.00150000000001,"raw_samples_ms":[69.16170000000001,44.2964,72.5889,47.9644,55.0987,74.23920000000001,44.7056,44.6987,67.7042,45.1625,48.2932,54.8082,73.0412,76.2678,49.2303,47.8266,61.1816,75.42150000000001,76.2906,44.3908,44.227799999999995,55.2327,78.00150000000001,75.3202,44.562400000000004,62.985299999999995,87.1293,46.8064,58.878800000000005,52.005],"raw_work_samples":[644361,644361,644361,644361,644361,644361,644361,644361,644361,644361,644361,644361,644361,644361,644361,644361,644361,644361,644361,644361,644361,644361,644361,644361,644361,644361,644361,644361,644361,644361],"tree_rebalances":19972}},"pattern":"uniform","selection_count":10000,"warmups":10},{"exact_sibling_order_restored":true,"measured_iterations":30,"node_count":10000,"operations":{"group":{"maximum_sequence_depth":14,"maximum_work":707697,"median_ms":65.2236,"p95_ms":102.1667,"raw_samples_ms":[91.4701,102.1667,74.2613,50.1763,61.5773,70.4816,69.4278,92.52829999999999,87.8852,64.1779,54.582,49.961600000000004,61.94029999999999,67.3389,71.7063,52.0327,50.8163,69.3099,53.7528,103.4154,71.42099999999999,63.99199999999999,50.0313,65.2334,62.8023,93.9068,49.8192,65.2236,55.7946,61.9139],"raw_work_samples":[707697,707697,707697,707697,707697,707697,707697,707697,707697,707697,707697,707697,707697,707697,707697,707697,707697,707697,707697,707697,707697,707697,707697,707697,707697,707697,707697,707697,707697,707697],"tree_rebalances":9974},"redo":{"maximum_sequence_depth":14,"maximum_work":306818,"median_ms":46.6231,"p95_ms":72.9126,"raw_samples_ms":[48.8536,72.6717,37.9237,37.0491,40.9938,48.2722,42.6993,71.75049999999999,91.83370000000001,50.1067,36.5465,48.715599999999995,36.8054,72.4042,67.871,54.616499999999995,66.8485,52.0899,46.6231,38.0172,38.440599999999996,46.0254,36.6737,36.7462,36.9812,37.7042,36.9708,40.7709,47.506600000000006,72.9126],"raw_work_samples":[306818,306818,306818,306818,306818,306818,306818,306818,306818,306818,306818,306818,306818,306818,306818,306818,306818,306818,306818,306818,306818,306818,306818,306818,306818,306818,306818,306818,306818,306818],"tree_rebalances":9974},"undo":{"maximum_sequence_depth":14,"maximum_work":594359,"median_ms":37.6015,"p95_ms":65.39920000000001,"raw_samples_ms":[63.998,42.7271,33.0852,31.0681,33.8072,31.0395,46.6178,65.39920000000001,90.7637,39.744,30.7573,36.1448,30.5909,59.2748,41.5995,31.1268,41.0309,48.1699,51.5843,37.6015,47.6349,36.4923,36.0139,31.5439,30.8819,33.5301,30.672,40.7024,30.9744,43.7489],"raw_work_samples":[594359,594359,594359,594359,594359,594359,594359,594359,594359,594359,594359,594359,594359,594359,594359,594359,594359,594359,594359,594359,594359,594359,594359,594359,594359,594359,594359,594359,594359,594359],"tree_rebalances":19972},"ungroup":{"maximum_sequence_depth":14,"maximum_work":644361,"median_ms":55.1006,"p95_ms":104.31559999999999,"raw_samples_ms":[62.9024,108.018,44.6425,44.617,61.1495,58.733599999999996,44.629000000000005,104.31559999999999,76.2873,45.0218,45.1256,47.361599999999996,44.1445,60.426899999999996,62.8281,82.2431,45.2149,45.5437,80.0164,67.4644,62.4595,44.7265,58.5948,44.8398,55.1006,45.9078,45.0509,81.14630000000001,49.806999999999995,47.1683],"raw_work_samples":[644361,644361,644361,644361,644361,644361,644361,644361,644361,644361,644361,644361,644361,644361,644361,644361,644361,644361,644361,644361,644361,644361,644361,644361,644361,644361,644361,644361,644361,644361],"tree_rebalances":19972}},"pattern":"random_seed_0x5eed","selection_count":10000,"warmups":10},{"exact_sibling_order_restored":true,"measured_iterations":30,"node_count":10000,"operations":{"group":{"maximum_sequence_depth":14,"maximum_work":707697,"median_ms":60.677099999999996,"p95_ms":110.0144,"raw_samples_ms":[63.2678,49.604099999999995,49.904900000000005,69.7319,110.8055,51.88,72.2038,49.6554,69.5214,60.677099999999996,51.3442,49.4895,110.0144,107.23100000000001,102.196,57.5417,50.9121,50.2964,53.6991,84.6611,49.9013,78.0566,52.0484,56.6554,98.1789,50.568799999999996,76.2804,88.6223,54.9253,71.801],"raw_work_samples":[707697,707697,707697,707697,707697,707697,707697,707697,707697,707697,707697,707697,707697,707697,707697,707697,707697,707697,707697,707697,707697,707697,707697,707697,707697,707697,707697,707697,707697,707697],"tree_rebalances":9974},"redo":{"maximum_sequence_depth":14,"maximum_work":306818,"median_ms":48.957300000000004,"p95_ms":80.61550000000001,"raw_samples_ms":[39.4022,37.060500000000005,80.61550000000001,54.626599999999996,67.0275,74.176,37.406,47.8093,51.7669,47.3071,46.5635,37.1521,38.466,59.2332,40.0736,49.8268,40.6238,65.50580000000001,52.6058,48.957300000000004,49.086400000000005,58.5386,71.924,46.036500000000004,92.5454,52.8748,36.984,37.6211,37.0464,45.018299999999996],"raw_work_samples":[306818,306818,306818,306818,306818,306818,306818,306818,306818,306818,306818,306818,306818,306818,306818,306818,306818,306818,306818,306818,306818,306818,306818,306818,306818,306818,306818,306818,306818,306818],"tree_rebalances":9974},"undo":{"maximum_sequence_depth":14,"maximum_work":594359,"median_ms":35.3956,"p95_ms":62.0629,"raw_samples_ms":[30.9229,48.0773,34.5524,35.3956,62.0629,48.5268,31.7202,54.4103,53.4387,31.649200000000004,30.472099999999998,30.7176,34.2601,52.139199999999995,43.494499999999995,31.0677,37.1644,34.3495,43.0085,40.643899999999995,30.7388,54.146100000000004,30.319399999999998,33.3512,63.473600000000005,35.1507,31.2304,37.2136,30.619699999999998,36.401999999999994],"raw_work_samples":[594359,594359,594359,594359,594359,594359,594359,594359,594359,594359,594359,594359,594359,594359,594359,594359,594359,594359,594359,594359,594359,594359,594359,594359,594359,594359,594359,594359,594359,594359],"tree_rebalances":19972},"ungroup":{"maximum_sequence_depth":14,"maximum_work":644361,"median_ms":51.3093,"p95_ms":75.1721,"raw_samples_ms":[45.254000000000005,44.3706,47.6441,46.265100000000004,75.1721,106.8978,44.6345,66.62089999999999,45.2993,48.4037,54.6186,49.696,57.7718,64.66860000000001,68.0303,52.9411,44.5882,73.9649,55.738099999999996,44.866099999999996,44.1419,47.7857,61.4051,51.3093,61.6503,44.5572,53.4856,66.81660000000001,44.7478,44.3345],"raw_work_samples":[644361,644361,644361,644361,644361,644361,644361,644361,644361,644361,644361,644361,644361,644361,644361,644361,644361,644361,644361,644361,644361,644361,644361,644361,644361,644361,644361,644361,644361,644361],"tree_rebalances":19972}},"pattern":"multiple_runs","selection_count":10000,"warmups":10},{"exact_sibling_order_restored":true,"measured_iterations":30,"node_count":100000,"operations":{"group":{"maximum_sequence_depth":17,"maximum_work":335,"median_ms":0.0206,"p95_ms":0.0299,"raw_samples_ms":[0.0207,0.0299,0.0207,0.0266,0.0202,0.0306,0.029,0.0206,0.0206,0.0205,0.0201,0.0203,0.0258,0.019899999999999998,0.0204,0.0202,0.0203,0.0212,0.0212,0.0205,0.0211,0.0202,0.022099999999999998,0.0293,0.0201,0.0201,0.0203,0.0201,0.0203,0.0206],"raw_work_samples":[335,335,335,335,335,335,335,335,335,335,335,335,335,335,335,335,335,335,335,335,335,335,335,335,335,335,335,335,335,335],"tree_rebalances":2},"redo":{"maximum_sequence_depth":17,"maximum_work":196,"median_ms":0.0145,"p95_ms":0.015000000000000001,"raw_samples_ms":[0.0143,0.015000000000000001,0.0146,0.0148,0.0144,0.0148,0.0148,0.0146,0.0144,0.0145,0.0146,0.0145,0.0147,0.0144,0.0144,0.0148,0.0157,0.0146,0.0144,0.0143,0.014199999999999999,0.0145,0.0144,0.0148,0.0144,0.014199999999999999,0.014199999999999999,0.0143,0.0146,0.0147],"raw_work_samples":[196,196,196,196,196,196,196,196,196,196,196,196,196,196,196,196,196,196,196,196,196,196,196,196,196,196,196,196,196,196],"tree_rebalances":2},"undo":{"maximum_sequence_depth":17,"maximum_work":289,"median_ms":0.013699999999999999,"p95_ms":0.0147,"raw_samples_ms":[0.0138,0.0147,0.013600000000000001,0.0144,0.013699999999999999,0.0147,0.0146,0.0138,0.014199999999999999,0.013699999999999999,0.0133,0.013699999999999999,0.014199999999999999,0.0135,0.0135,0.0135,0.0185,0.0138,0.0135,0.0138,0.013600000000000001,0.013600000000000001,0.0138,0.0141,0.013600000000000001,0.013600000000000001,0.0135,0.0134,0.013600000000000001,0.0135],"raw_work_samples":[289,289,289,289,289,289,289,289,289,289,289,289,289,289,289,289,289,289,289,289,289,289,289,289,289,289,289,289,289,289],"tree_rebalances":8},"ungroup":{"maximum_sequence_depth":17,"maximum_work":354,"median_ms":0.022,"p95_ms":0.031,"raw_samples_ms":[0.022099999999999998,0.0224,0.0218,0.0223,0.0219,0.0222,0.022600000000000002,0.0218,0.0222,0.021500000000000002,0.0218,0.0217,0.0219,0.0214,0.022,0.022,0.022600000000000002,0.022,0.0218,0.0222,0.021500000000000002,0.0216,0.0395,0.022099999999999998,0.0216,0.0217,0.0216,0.022,0.0218,0.031],"raw_work_samples":[354,354,354,354,354,354,354,354,354,354,354,354,354,354,354,354,354,354,354,354,354,354,354,354,354,354,354,354,354,354],"tree_rebalances":8}},"pattern":"contiguous_front","selection_count":3,"warmups":10},{"exact_sibling_order_restored":true,"measured_iterations":30,"node_count":100000,"operations":{"group":{"maximum_sequence_depth":17,"maximum_work":334,"median_ms":0.022799999999999997,"p95_ms":0.034100000000000005,"raw_samples_ms":[0.0236,0.0262,0.022699999999999998,0.023,0.022799999999999997,0.022699999999999998,0.0241,0.0224,0.0229,0.023200000000000002,0.022600000000000002,0.022500000000000003,0.0318,0.0396,0.022600000000000002,0.022600000000000002,0.022799999999999997,0.0231,0.022500000000000003,0.0224,0.0224,0.034100000000000005,0.0248,0.0252,0.0223,0.0222,0.022600000000000002,0.0233,0.022699999999999998,0.023],"raw_work_samples":[334,334,334,334,334,334,334,334,334,334,334,334,334,334,334,334,334,334,334,334,334,334,334,334,334,334,334,334,334,334],"tree_rebalances":2},"redo":{"maximum_sequence_depth":17,"maximum_work":196,"median_ms":0.016,"p95_ms":0.0163,"raw_samples_ms":[0.0162,0.0161,0.0159,0.016,0.0159,0.0159,0.0159,0.0158,0.0162,0.0159,0.016,0.0158,0.0161,0.0158,0.0158,0.016,0.0163,0.016,0.0162,0.016,0.0158,0.0166,0.0158,0.0161,0.0158,0.0156,0.0159,0.0158,0.0161,0.016],"raw_work_samples":[196,196,196,196,196,196,196,196,196,196,196,196,196,196,196,196,196,196,196,196,196,196,196,196,196,196,196,196,196,196],"tree_rebalances":2},"undo":{"maximum_sequence_depth":17,"maximum_work":273,"median_ms":0.015000000000000001,"p95_ms":0.0156,"raw_samples_ms":[0.015000000000000001,0.015099999999999999,0.0147,0.0147,0.0149,0.0149,0.0148,0.0148,0.0153,0.015000000000000001,0.015000000000000001,0.015000000000000001,0.0156,0.0152,0.0152,0.015000000000000001,0.0152,0.0148,0.015000000000000001,0.0147,0.015099999999999999,0.0158,0.015099999999999999,0.0148,0.015000000000000001,0.0148,0.0152,0.0148,0.015000000000000001,0.0149],"raw_work_samples":[273,273,273,273,273,273,273,273,273,273,273,273,273,273,273,273,273,273,273,273,273,273,273,273,273,273,273,273,273,273],"tree_rebalances":4},"ungroup":{"maximum_sequence_depth":17,"maximum_work":338,"median_ms":0.023799999999999998,"p95_ms":0.0247,"raw_samples_ms":[0.024300000000000002,0.0241,0.0237,0.023799999999999998,0.0237,0.023799999999999998,0.024,0.0241,0.0242,0.0239,0.0242,0.024,0.0247,0.0242,0.024300000000000002,0.0237,0.0239,0.0237,0.0236,0.0235,0.0234,0.0239,0.023799999999999998,0.0237,0.0236,0.0236,0.0237,0.023799999999999998,0.023799999999999998,0.0277],"raw_work_samples":[338,338,338,338,338,338,338,338,338,338,338,338,338,338,338,338,338,338,338,338,338,338,338,338,338,338,338,338,338,338],"tree_rebalances":4}},"pattern":"contiguous_middle","selection_count":3,"warmups":10},{"exact_sibling_order_restored":true,"measured_iterations":30,"node_count":100000,"operations":{"group":{"maximum_sequence_depth":17,"maximum_work":317,"median_ms":0.0235,"p95_ms":0.0296,"raw_samples_ms":[0.0234,0.0296,0.0234,0.0235,0.0235,0.023799999999999998,0.0266,0.0258,0.0299,0.0252,0.023200000000000002,0.023200000000000002,0.0245,0.024300000000000002,0.0234,0.0233,0.0242,0.0261,0.0235,0.0234,0.023200000000000002,0.0258,0.025400000000000002,0.023200000000000002,0.0234,0.0235,0.023200000000000002,0.0233,0.0253,0.0234],"raw_work_samples":[317,317,317,317,317,317,317,317,317,317,317,317,317,317,317,317,317,317,317,317,317,317,317,317,317,317,317,317,317,317],"tree_rebalances":0},"redo":{"maximum_sequence_depth":17,"maximum_work":192,"median_ms":0.017,"p95_ms":0.0192,"raw_samples_ms":[0.017,0.0174,0.0167,0.0174,0.0171,0.0171,0.016900000000000002,0.017,0.0192,0.016900000000000002,0.017,0.0168,0.016900000000000002,0.016900000000000002,0.017,0.017,0.0171,0.0171,0.017,0.0172,0.017,0.0171,0.022099999999999998,0.0171,0.016900000000000002,0.016900000000000002,0.0171,0.0167,0.017,0.0167],"raw_work_samples":[192,192,192,192,192,192,192,192,192,192,192,192,192,192,192,192,192,192,192,192,192,192,192,192,192,192,192,192,192,192],"tree_rebalances":0},"undo":{"maximum_sequence_depth":17,"maximum_work":249,"median_ms":0.0159,"p95_ms":0.0177,"raw_samples_ms":[0.0162,0.0168,0.0161,0.0158,0.0158,0.016,0.016,0.022600000000000002,0.0177,0.0161,0.0157,0.0156,0.0162,0.0159,0.0161,0.0158,0.0161,0.016,0.0157,0.0157,0.0159,0.0159,0.0158,0.0156,0.0157,0.0156,0.0158,0.0155,0.0158,0.0158],"raw_work_samples":[249,249,249,249,249,249,249,249,249,249,249,249,249,249,249,249,249,249,249,249,249,249,249,249,249,249,249,249,249,249],"tree_rebalances":0},"ungroup":{"maximum_sequence_depth":17,"maximum_work":346,"median_ms":0.0248,"p95_ms":0.0313,"raw_samples_ms":[0.0307,0.0252,0.0247,0.0247,0.0255,0.0245,0.0313,0.0327,0.0257,0.0251,0.0249,0.0245,0.0248,0.0249,0.0246,0.0309,0.0249,0.0251,0.0248,0.0247,0.0245,0.0246,0.0248,0.0249,0.0246,0.0244,0.0247,0.0244,0.0245,0.0242],"raw_work_samples":[346,346,346,346,346,346,346,346,346,346,346,346,346,346,346,346,346,346,346,346,346,346,346,346,346,346,346,346,346,346],"tree_rebalances":0}},"pattern":"uniform","selection_count":3,"warmups":10},{"exact_sibling_order_restored":true,"measured_iterations":30,"node_count":100000,"operations":{"group":{"maximum_sequence_depth":17,"maximum_work":340,"median_ms":0.0209,"p95_ms":0.0337,"raw_samples_ms":[0.0207,0.0233,0.0209,0.0205,0.0205,0.0207,0.022,0.022699999999999998,0.0262,0.0212,0.0207,0.0217,0.0214,0.0205,0.0216,0.0209,0.0207,0.0237,0.0209,0.0204,0.0203,0.0337,0.034,0.0209,0.0204,0.0203,0.0201,0.0239,0.0223,0.0203],"raw_work_samples":[340,340,340,340,340,340,340,340,340,340,340,340,340,340,340,340,340,340,340,340,340,340,340,340,340,340,340,340,340,340],"tree_rebalances":0},"redo":{"maximum_sequence_depth":17,"maximum_work":192,"median_ms":0.0146,"p95_ms":0.015099999999999999,"raw_samples_ms":[0.0144,0.0147,0.0145,0.0145,0.0145,0.0147,0.0147,0.0148,0.0165,0.0146,0.0146,0.0145,0.0145,0.0145,0.0146,0.0146,0.0147,0.015099999999999999,0.014199999999999999,0.0145,0.0147,0.0148,0.0144,0.0144,0.0148,0.0145,0.014199999999999999,0.0148,0.0145,0.0145],"raw_work_samples":[192,192,192,192,192,192,192,192,192,192,192,192,192,192,192,192,192,192,192,192,192,192,192,192,192,192,192,192,192,192],"tree_rebalances":0},"undo":{"maximum_sequence_depth":17,"maximum_work":249,"median_ms":0.0138,"p95_ms":0.0143,"raw_samples_ms":[0.0138,0.013900000000000001,0.0135,0.013699999999999999,0.013600000000000001,0.0138,0.0135,0.014199999999999999,0.015400000000000002,0.0135,0.0138,0.013699999999999999,0.0138,0.013600000000000001,0.0141,0.0138,0.0138,0.013900000000000001,0.0134,0.013600000000000001,0.0134,0.0143,0.0141,0.0138,0.0135,0.013600000000000001,0.013600000000000001,0.0141,0.013600000000000001,0.0135],"raw_work_samples":[249,249,249,249,249,249,249,249,249,249,249,249,249,249,249,249,249,249,249,249,249,249,249,249,249,249,249,249,249,249],"tree_rebalances":0},"ungroup":{"maximum_sequence_depth":17,"maximum_work":346,"median_ms":0.0218,"p95_ms":0.0276,"raw_samples_ms":[0.0276,0.0217,0.0218,0.0216,0.0222,0.0216,0.023799999999999998,0.0285,0.022,0.022,0.0217,0.0217,0.0218,0.0258,0.022600000000000002,0.0219,0.0219,0.0219,0.0216,0.021500000000000002,0.022099999999999998,0.0224,0.0224,0.0217,0.0214,0.021500000000000002,0.021500000000000002,0.0217,0.0218,0.021500000000000002],"raw_work_samples":[346,346,346,346,346,346,346,346,346,346,346,346,346,346,346,346,346,346,346,346,346,346,346,346,346,346,346,346,346,346],"tree_rebalances":0}},"pattern":"random_seed_0x5eed","selection_count":3,"warmups":10},{"exact_sibling_order_restored":true,"measured_iterations":30,"node_count":100000,"operations":{"group":{"maximum_sequence_depth":17,"maximum_work":304,"median_ms":0.0222,"p95_ms":0.0291,"raw_samples_ms":[0.0234,0.0251,0.0219,0.0219,0.0222,0.0218,0.0247,0.0244,0.0291,0.0235,0.0224,0.022799999999999997,0.022699999999999998,0.023200000000000002,0.022,0.022099999999999998,0.022,0.028,0.022,0.022099999999999998,0.0219,0.0384,0.0241,0.0217,0.022,0.022099999999999998,0.022,0.0216,0.0236,0.0219],"raw_work_samples":[304,304,304,304,304,304,304,304,304,304,304,304,304,304,304,304,304,304,304,304,304,304,304,304,304,304,304,304,304,304],"tree_rebalances":0},"redo":{"maximum_sequence_depth":17,"maximum_work":192,"median_ms":0.0157,"p95_ms":0.0183,"raw_samples_ms":[0.016,0.0157,0.0157,0.0159,0.0157,0.0155,0.0156,0.0159,0.0183,0.0159,0.015400000000000002,0.0158,0.0157,0.0157,0.0157,0.0156,0.019700000000000002,0.0161,0.0159,0.0156,0.0156,0.0158,0.0157,0.0155,0.0153,0.0156,0.0155,0.015400000000000002,0.0155,0.0159],"raw_work_samples":[192,192,192,192,192,192,192,192,192,192,192,192,192,192,192,192,192,192,192,192,192,192,192,192,192,192,192,192,192,192],"tree_rebalances":0},"undo":{"maximum_sequence_depth":17,"maximum_work":249,"median_ms":0.0145,"p95_ms":0.015400000000000002,"raw_samples_ms":[0.0152,0.015000000000000001,0.0145,0.014199999999999999,0.0145,0.0144,0.0145,0.0152,0.0165,0.0146,0.0145,0.0146,0.0145,0.0145,0.0143,0.0143,0.0146,0.015000000000000001,0.0145,0.0143,0.0145,0.015400000000000002,0.0148,0.0144,0.0144,0.0145,0.0143,0.014199999999999999,0.0146,0.0145],"raw_work_samples":[249,249,249,249,249,249,249,249,249,249,249,249,249,249,249,249,249,249,249,249,249,249,249,249,249,249,249,249,249,249],"tree_rebalances":0},"ungroup":{"maximum_sequence_depth":17,"maximum_work":346,"median_ms":0.0231,"p95_ms":0.0265,"raw_samples_ms":[0.0239,0.0236,0.0231,0.0229,0.0234,0.022799999999999997,0.0265,0.031099999999999996,0.0237,0.0231,0.0229,0.0231,0.0229,0.023,0.0229,0.023,0.0246,0.0233,0.023200000000000002,0.023,0.023,0.0234,0.023200000000000002,0.023200000000000002,0.023,0.023200000000000002,0.023,0.023,0.0231,0.0231],"raw_work_samples":[346,346,346,346,346,346,346,346,346,346,346,346,346,346,346,346,346,346,346,346,346,346,346,346,346,346,346,346,346,346],"tree_rebalances":0}},"pattern":"multiple_runs","selection_count":3,"warmups":10},{"exact_sibling_order_restored":true,"measured_iterations":30,"node_count":100000,"operations":{"group":{"maximum_sequence_depth":18,"maximum_work":2865,"median_ms":0.13520000000000001,"p95_ms":0.1577,"raw_samples_ms":[0.1351,0.14229999999999998,0.1328,0.13190000000000002,0.1339,0.1336,0.1373,0.1339,0.1577,0.13520000000000001,0.1351,0.1324,0.1363,0.13549999999999998,0.1457,0.1341,0.16620000000000001,0.1545,0.1412,0.13999999999999999,0.1412,0.1405,0.1379,0.1331,0.1439,0.1326,0.1317,0.1346,0.1332,0.1332],"raw_work_samples":[2865,2865,2865,2865,2865,2865,2865,2865,2865,2865,2865,2865,2865,2865,2865,2865,2865,2865,2865,2865,2865,2865,2865,2865,2865,2865,2865,2865,2865,2865],"tree_rebalances":26},"redo":{"maximum_sequence_depth":18,"maximum_work":1338,"median_ms":0.0965,"p95_ms":0.1078,"raw_samples_ms":[0.0958,0.0953,0.09519999999999999,0.1069,0.0959,0.1078,0.09519999999999999,0.0961,0.0976,0.0965,0.0957,0.1015,0.0968,0.0984,0.096,0.0956,0.2105,0.1001,0.10060000000000001,0.0989,0.0991,0.1028,0.0955,0.0953,0.0961,0.0958,0.0956,0.0957,0.0992,0.0998],"raw_work_samples":[1338,1338,1338,1338,1338,1338,1338,1338,1338,1338,1338,1338,1338,1338,1338,1338,1338,1338,1338,1338,1338,1338,1338,1338,1338,1338,1338,1338,1338,1338],"tree_rebalances":26},"undo":{"maximum_sequence_depth":18,"maximum_work":2368,"median_ms":0.08990000000000001,"p95_ms":0.1055,"raw_samples_ms":[0.0877,0.0909,0.0859,0.08670000000000001,0.0868,0.08990000000000001,0.0893,0.08990000000000001,0.092,0.0888,0.1055,0.0888,0.0887,0.09050000000000001,0.0898,0.0875,0.1712,0.0982,0.0927,0.0911,0.091,0.0935,0.0885,0.0875,0.0895,0.08839999999999999,0.1034,0.0887,0.09519999999999999,0.09000000000000001],"raw_work_samples":[2368,2368,2368,2368,2368,2368,2368,2368,2368,2368,2368,2368,2368,2368,2368,2368,2368,2368,2368,2368,2368,2368,2368,2368,2368,2368,2368,2368,2368,2368],"tree_rebalances":62},"ungroup":{"maximum_sequence_depth":18,"maximum_work":2565,"median_ms":0.13770000000000002,"p95_ms":0.15589999999999998,"raw_samples_ms":[0.13019999999999998,0.13019999999999998,0.1308,0.14679999999999999,0.13329999999999997,0.13770000000000002,0.1388,0.1868,0.13540000000000002,0.1521,0.1349,0.14300000000000002,0.1418,0.1389,0.1332,0.1328,0.1495,0.15589999999999998,0.1393,0.1517,0.1404,0.1467,0.13219999999999998,0.1331,0.1327,0.13219999999999998,0.1336,0.1324,0.1379,0.1347],"raw_work_samples":[2565,2565,2565,2565,2565,2565,2565,2565,2565,2565,2565,2565,2565,2565,2565,2565,2565,2565,2565,2565,2565,2565,2565,2565,2565,2565,2565,2565,2565,2565],"tree_rebalances":62}},"pattern":"contiguous_front","selection_count":30,"warmups":10},{"exact_sibling_order_restored":true,"measured_iterations":30,"node_count":100000,"operations":{"group":{"maximum_sequence_depth":18,"maximum_work":2924,"median_ms":0.1544,"p95_ms":0.43600000000000005,"raw_samples_ms":[0.15410000000000001,0.1539,0.1521,0.1517,0.15080000000000002,0.1536,0.1565,0.1542,0.1528,0.1548,0.15339999999999998,0.1538,0.1546,0.1537,0.1517,0.1542,0.1522,0.1531,0.1587,0.1544,0.4733,0.43600000000000005,0.42450000000000004,0.4176,0.4163,0.4188,0.41659999999999997,0.41829999999999995,0.41869999999999996,0.4149],"raw_work_samples":[2924,2924,2924,2924,2924,2924,2924,2924,2924,2924,2924,2924,2924,2924,2924,2924,2924,2924,2924,2924,2924,2924,2924,2924,2924,2924,2924,2924,2924,2924],"tree_rebalances":24},"redo":{"maximum_sequence_depth":18,"maximum_work":1350,"median_ms":0.1093,"p95_ms":0.2961,"raw_samples_ms":[0.10830000000000001,0.1145,0.1254,0.10890000000000001,0.1077,0.1093,0.1086,0.10880000000000001,0.10890000000000001,0.10840000000000001,0.10890000000000001,0.10900000000000001,0.10959999999999999,0.10919999999999999,0.10840000000000001,0.10900000000000001,0.10880000000000001,0.1085,0.1085,0.1094,0.5329,0.2961,0.2928,0.29090000000000005,0.2917,0.29359999999999997,0.29109999999999997,0.2918,0.2913,0.29],"raw_work_samples":[1350,1350,1350,1350,1350,1350,1350,1350,1350,1350,1350,1350,1350,1350,1350,1350,1350,1350,1350,1350,1350,1350,1350,1350,1350,1350,1350,1350,1350,1350],"tree_rebalances":24},"undo":{"maximum_sequence_depth":18,"maximum_work":2349,"median_ms":0.1017,"p95_ms":0.27490000000000003,"raw_samples_ms":[0.1005,0.0998,0.0998,0.09899999999999999,0.0994,0.10110000000000001,0.1027,0.1028,0.1015,0.10160000000000001,0.1012,0.1014,0.1017,0.10110000000000001,0.1023,0.1007,0.1007,0.1008,0.10239999999999999,0.1009,0.5313,0.27490000000000003,0.2702,0.2675,0.26870000000000005,0.2691,0.2684,0.26870000000000005,0.26689999999999997,0.2677],"raw_work_samples":[2349,2349,2349,2349,2349,2349,2349,2349,2349,2349,2349,2349,2349,2349,2349,2349,2349,2349,2349,2349,2349,2349,2349,2349,2349,2349,2349,2349,2349,2349],"tree_rebalances":52},"ungroup":{"maximum_sequence_depth":18,"maximum_work":2543,"median_ms":0.1532,"p95_ms":0.4176,"raw_samples_ms":[0.1505,0.1494,0.1532,0.1531,0.1487,0.1522,0.1545,0.1525,0.1523,0.15109999999999998,0.15589999999999998,0.15330000000000002,0.15100000000000002,0.1527,0.15080000000000002,0.15239999999999998,0.152,0.1523,0.1535,0.1519,0.5716,0.4176,0.41140000000000004,0.4082,0.4109,0.4105,0.4145,0.40850000000000003,0.4087,0.4144],"raw_work_samples":[2543,2543,2543,2543,2543,2543,2543,2543,2543,2543,2543,2543,2543,2543,2543,2543,2543,2543,2543,2543,2543,2543,2543,2543,2543,2543,2543,2543,2543,2543],"tree_rebalances":52}},"pattern":"contiguous_middle","selection_count":30,"warmups":10},{"exact_sibling_order_restored":true,"measured_iterations":30,"node_count":100000,"operations":{"group":{"maximum_sequence_depth":17,"maximum_work":2820,"median_ms":0.2673,"p95_ms":0.2833,"raw_samples_ms":[0.2705,0.2685,0.2688,0.2678,0.26699999999999996,0.2703,0.2833,0.26830000000000004,0.27090000000000003,0.26239999999999997,0.2705,0.2702,0.2675,0.26630000000000004,0.26699999999999996,0.2672,0.2665,0.2726,0.2673,0.2611,0.25989999999999996,0.25970000000000004,0.4956,0.2627,0.2652,0.2643,0.2659,0.2636,0.2668,0.2796],"raw_work_samples":[2820,2820,2820,2820,2820,2820,2820,2820,2820,2820,2820,2820,2820,2820,2820,2820,2820,2820,2820,2820,2820,2820,2820,2820,2820,2820,2820,2820,2820,2820],"tree_rebalances":0},"redo":{"maximum_sequence_depth":17,"maximum_work":1326,"median_ms":0.20650000000000002,"p95_ms":0.2455,"raw_samples_ms":[0.21000000000000002,0.2089,0.20909999999999998,0.2094,0.30820000000000003,0.2455,0.2071,0.2124,0.2039,0.2027,0.2086,0.20809999999999998,0.2062,0.206,0.207,0.20650000000000002,0.20650000000000002,0.2064,0.20670000000000002,0.2051,0.2,0.2033,0.2051,0.2049,0.2056,0.2047,0.20350000000000001,0.20359999999999998,0.2069,0.1959],"raw_work_samples":[1326,1326,1326,1326,1326,1326,1326,1326,1326,1326,1326,1326,1326,1326,1326,1326,1326,1326,1326,1326,1326,1326,1326,1326,1326,1326,1326,1326,1326,1326],"tree_rebalances":0},"undo":{"maximum_sequence_depth":17,"maximum_work":2031,"median_ms":0.1969,"p95_ms":0.21430000000000002,"raw_samples_ms":[0.1986,0.1973,0.19699999999999998,0.1981,0.21430000000000002,0.1997,0.2004,0.201,0.21589999999999998,0.1942,0.1983,0.1961,0.2028,0.1946,0.1967,0.1971,0.1982,0.1965,0.1969,0.1908,0.191,0.1931,0.203,0.1955,0.19249999999999998,0.1928,0.1953,0.1939,0.192,0.18939999999999999],"raw_work_samples":[2031,2031,2031,2031,2031,2031,2031,2031,2031,2031,2031,2031,2031,2031,2031,2031,2031,2031,2031,2031,2031,2031,2031,2031,2031,2031,2031,2031,2031,2031],"tree_rebalances":0},"ungroup":{"maximum_sequence_depth":17,"maximum_work":2674,"median_ms":0.27290000000000003,"p95_ms":0.29100000000000004,"raw_samples_ms":[0.27690000000000003,0.2738,0.2737,0.29100000000000004,0.3371,0.2779,0.2723,0.27559999999999996,0.2689,0.2809,0.2723,0.273,0.27290000000000003,0.273,0.27290000000000003,0.2737,0.2744,0.27280000000000004,0.2873,0.2648,0.26830000000000004,0.2689,0.2682,0.2707,0.2706,0.2702,0.26990000000000003,0.2682,0.2698,0.2671],"raw_work_samples":[2674,2674,2674,2674,2674,2674,2674,2674,2674,2674,2674,2674,2674,2674,2674,2674,2674,2674,2674,2674,2674,2674,2674,2674,2674,2674,2674,2674,2674,2674],"tree_rebalances":0}},"pattern":"uniform","selection_count":30,"warmups":10},{"exact_sibling_order_restored":true,"measured_iterations":30,"node_count":100000,"operations":{"group":{"maximum_sequence_depth":17,"maximum_work":2825,"median_ms":0.2512,"p95_ms":0.2614,"raw_samples_ms":[0.25589999999999996,0.2512,0.24469999999999997,0.24509999999999998,0.2872,0.2479,0.2614,0.247,0.24899999999999997,0.2605,0.2581,0.2511,0.2514,0.2519,0.2535,0.2512,0.2603,0.24899999999999997,0.2556,0.2542,0.24830000000000002,0.24630000000000002,0.2521,0.247,0.2532,0.24869999999999998,0.2535,0.2509,0.2473,0.2484],"raw_work_samples":[2825,2825,2825,2825,2825,2825,2825,2825,2825,2825,2825,2825,2825,2825,2825,2825,2825,2825,2825,2825,2825,2825,2825,2825,2825,2825,2825,2825,2825,2825],"tree_rebalances":0},"redo":{"maximum_sequence_depth":17,"maximum_work":1326,"median_ms":0.1886,"p95_ms":0.1938,"raw_samples_ms":[0.1867,0.1864,0.1864,0.18589999999999998,0.1914,0.1929,0.1871,0.1884,0.191,0.1907,0.19110000000000002,0.1913,0.19210000000000002,0.19790000000000002,0.1913,0.1923,0.1886,0.18780000000000002,0.18760000000000002,0.1887,0.18789999999999998,0.19249999999999998,0.1936,0.18760000000000002,0.1875,0.1883,0.1873,0.1874,0.1885,0.1938],"raw_work_samples":[1326,1326,1326,1326,1326,1326,1326,1326,1326,1326,1326,1326,1326,1326,1326,1326,1326,1326,1326,1326,1326,1326,1326,1326,1326,1326,1326,1326,1326,1326],"tree_rebalances":0},"undo":{"maximum_sequence_depth":17,"maximum_work":2031,"median_ms":0.18009999999999998,"p95_ms":0.1855,"raw_samples_ms":[0.1786,0.1792,0.1842,0.1828,0.178,0.17980000000000002,0.18009999999999998,0.1789,0.18100000000000002,0.1835,0.18259999999999998,0.1855,0.18450000000000003,0.18080000000000002,0.1819,0.1821,0.1806,0.1784,0.179,0.1807,0.185,0.1794,0.18009999999999998,0.17880000000000001,0.1797,0.17980000000000002,0.18000000000000002,0.18000000000000002,0.1855,0.1796],"raw_work_samples":[2031,2031,2031,2031,2031,2031,2031,2031,2031,2031,2031,2031,2031,2031,2031,2031,2031,2031,2031,2031,2031,2031,2031,2031,2031,2031,2031,2031,2031,2031],"tree_rebalances":0},"ungroup":{"maximum_sequence_depth":17,"maximum_work":2667,"median_ms":0.25329999999999997,"p95_ms":0.2751,"raw_samples_ms":[0.248,0.2482,0.2484,0.2751,0.24939999999999998,0.2537,0.25720000000000004,0.2566,0.25539999999999996,0.25579999999999997,0.25310000000000005,0.25329999999999997,0.2542,0.2611,0.25970000000000004,0.3036,0.2564,0.2499,0.2482,0.2501,0.24869999999999998,0.24879999999999997,0.2501,0.2551,0.2544,0.2501,0.2495,0.24899999999999997,0.24939999999999998,0.2667],"raw_work_samples":[2667,2667,2667,2667,2667,2667,2667,2667,2667,2667,2667,2667,2667,2667,2667,2667,2667,2667,2667,2667,2667,2667,2667,2667,2667,2667,2667,2667,2667,2667],"tree_rebalances":0}},"pattern":"random_seed_0x5eed","selection_count":30,"warmups":10},{"exact_sibling_order_restored":true,"measured_iterations":30,"node_count":100000,"operations":{"group":{"maximum_sequence_depth":17,"maximum_work":2803,"median_ms":0.17909999999999998,"p95_ms":0.1953,"raw_samples_ms":[0.1772,0.1782,0.17650000000000002,0.176,0.1784,0.1776,0.1953,0.1818,0.1778,0.2898,0.18689999999999998,0.1794,0.18000000000000002,0.1803,0.1786,0.1805,0.1795,0.1772,0.17909999999999998,0.1799,0.1761,0.1774,0.18080000000000002,0.17789999999999997,0.1783,0.1795,0.176,0.1766,0.1793,0.1797],"raw_work_samples":[2803,2803,2803,2803,2803,2803,2803,2803,2803,2803,2803,2803,2803,2803,2803,2803,2803,2803,2803,2803,2803,2803,2803,2803,2803,2803,2803,2803,2803,2803],"tree_rebalances":16},"redo":{"maximum_sequence_depth":17,"maximum_work":1342,"median_ms":0.13190000000000002,"p95_ms":0.1447,"raw_samples_ms":[0.13219999999999998,0.1297,0.1305,0.12990000000000002,0.1301,0.1316,0.1332,0.1314,0.236,0.1447,0.135,0.13190000000000002,0.132,0.1323,0.1314,0.1326,0.1316,0.1332,0.1326,0.1317,0.131,0.13090000000000002,0.1338,0.1334,0.1316,0.1313,0.1316,0.1325,0.13779999999999998,0.1317],"raw_work_samples":[1342,1342,1342,1342,1342,1342,1342,1342,1342,1342,1342,1342,1342,1342,1342,1342,1342,1342,1342,1342,1342,1342,1342,1342,1342,1342,1342,1342,1342,1342],"tree_rebalances":16},"undo":{"maximum_sequence_depth":17,"maximum_work":2291,"median_ms":0.12129999999999999,"p95_ms":0.12449999999999999,"raw_samples_ms":[0.1216,0.1197,0.1185,0.1186,0.1202,0.1212,0.12300000000000001,0.122,0.1206,0.1341,0.12449999999999999,0.1226,0.12079999999999999,0.12010000000000001,0.12129999999999999,0.1207,0.1209,0.12300000000000001,0.12229999999999999,0.1206,0.1219,0.1205,0.1227,0.1202,0.1214,0.1216,0.1202,0.12290000000000001,0.1216,0.1209],"raw_work_samples":[2291,2291,2291,2291,2291,2291,2291,2291,2291,2291,2291,2291,2291,2291,2291,2291,2291,2291,2291,2291,2291,2291,2291,2291,2291,2291,2291,2291,2291,2291],"tree_rebalances":44},"ungroup":{"maximum_sequence_depth":17,"maximum_work":2586,"median_ms":0.1754,"p95_ms":0.1818,"raw_samples_ms":[0.1718,0.1717,0.1706,0.1784,0.1733,0.176,0.1752,0.1754,0.2992,0.18080000000000002,0.1749,0.1752,0.1749,0.1763,0.1763,0.1735,0.174,0.1818,0.17809999999999998,0.17300000000000001,0.1729,0.1766,0.17550000000000002,0.1757,0.1747,0.1742,0.17479999999999998,0.1764,0.17880000000000001,0.1764],"raw_work_samples":[2586,2586,2586,2586,2586,2586,2586,2586,2586,2586,2586,2586,2586,2586,2586,2586,2586,2586,2586,2586,2586,2586,2586,2586,2586,2586,2586,2586,2586,2586],"tree_rebalances":44}},"pattern":"multiple_runs","selection_count":30,"warmups":10},{"exact_sibling_order_restored":true,"measured_iterations":30,"node_count":100000,"operations":{"group":{"maximum_sequence_depth":17,"maximum_work":9247,"median_ms":0.5274,"p95_ms":1.1211,"raw_samples_ms":[0.4172,0.4218,0.4144,0.4137,0.4497,1.0953,1.1211,1.1368,1.0949,1.1179000000000001,1.1049,1.1019,1.1020999999999999,0.4936,0.4677,0.4709,0.5274,0.4671,0.4653,0.4673,0.4695,0.4663,0.467,0.4642,1.1180999999999999,1.1017,1.1036,1.1047,0.7155,0.664],"raw_work_samples":[9247,9247,9247,9247,9247,9247,9247,9247,9247,9247,9247,9247,9247,9247,9247,9247,9247,9247,9247,9247,9247,9247,9247,9247,9247,9247,9247,9247,9247,9247],"tree_rebalances":98},"redo":{"maximum_sequence_depth":17,"maximum_work":4232,"median_ms":0.48879999999999996,"p95_ms":0.8120999999999999,"raw_samples_ms":[0.304,0.3036,0.30469999999999997,0.48879999999999996,0.7982,0.7874,0.7927000000000001,0.7866000000000001,0.7852,0.8120999999999999,0.7803,0.7857,0.7955,0.3768,0.3433,0.33849999999999997,0.3375,0.3347,0.3388,0.3371,0.33809999999999996,0.3545,0.34900000000000003,0.9382,0.7939,0.7902,0.7868,0.7847999999999999,0.46690000000000004,0.4691],"raw_work_samples":[4232,4232,4232,4232,4232,4232,4232,4232,4232,4232,4232,4232,4232,4232,4232,4232,4232,4232,4232,4232,4232,4232,4232,4232,4232,4232,4232,4232,4232,4232],"tree_rebalances":98},"undo":{"maximum_sequence_depth":17,"maximum_work":7828,"median_ms":0.4279,"p95_ms":0.7382000000000001,"raw_samples_ms":[0.2746,0.2762,0.2763,0.2742,0.3346,0.7357,0.7201,0.719,0.7186,0.7163999999999999,0.7131000000000001,0.7138,0.7382000000000001,0.317,0.3059,0.3067,0.3067,0.3038,0.3056,0.3043,0.305,0.3059,0.30469999999999997,0.9100999999999999,0.7328,0.7181000000000001,0.7191,0.7169,0.42860000000000004,0.4279],"raw_work_samples":[7828,7828,7828,7828,7828,7828,7828,7828,7828,7828,7828,7828,7828,7828,7828,7828,7828,7828,7828,7828,7828,7828,7828,7828,7828,7828,7828,7828,7828,7828],"tree_rebalances":200},"ungroup":{"maximum_sequence_depth":17,"maximum_work":8375,"median_ms":0.6388,"p95_ms":1.2022000000000002,"raw_samples_ms":[0.4027,0.41829999999999995,0.4042,0.4299,1.0711,1.2022000000000002,1.0893000000000002,1.0763,1.4324,1.0869,1.0834,1.0978999999999999,1.1605999999999999,0.4625,0.4541,0.45580000000000004,0.45399999999999996,0.45439999999999997,0.4517,0.4541,0.45370000000000005,0.4566,0.4552,1.1145,1.0834,1.0972,1.183,1.1769,0.6328,0.6388],"raw_work_samples":[8375,8375,8375,8375,8375,8375,8375,8375,8375,8375,8375,8375,8375,8375,8375,8375,8375,8375,8375,8375,8375,8375,8375,8375,8375,8375,8375,8375,8375,8375],"tree_rebalances":200}},"pattern":"contiguous_front","selection_count":100,"warmups":10},{"exact_sibling_order_restored":true,"measured_iterations":30,"node_count":100000,"operations":{"group":{"maximum_sequence_depth":18,"maximum_work":9650,"median_ms":0.4845,"p95_ms":0.5404,"raw_samples_ms":[0.479,0.4736,0.4757,0.5404,0.4937,0.4896,0.48769999999999997,0.4835,0.483,0.4843,0.4873,0.4842,0.49069999999999997,0.4838,0.4929,0.49129999999999996,0.4835,0.4842,0.48410000000000003,0.4842,0.48529999999999995,0.4842,0.4845,0.48319999999999996,0.5586,0.4897,0.4922,0.5402,0.4889,0.4845],"raw_work_samples":[9650,9650,9650,9650,9650,9650,9650,9650,9650,9650,9650,9650,9650,9650,9650,9650,9650,9650,9650,9650,9650,9650,9650,9650,9650,9650,9650,9650,9650,9650],"tree_rebalances":94},"redo":{"maximum_sequence_depth":18,"maximum_work":4368,"median_ms":0.3473,"p95_ms":0.44470000000000004,"raw_samples_ms":[0.34259999999999996,0.3442,0.34919999999999995,0.35100000000000003,0.44470000000000004,0.347,0.3449,0.3474,0.3553,0.3474,0.3431,0.34509999999999996,0.3466,0.4113,0.3551,0.3458,0.34640000000000004,0.3473,0.34650000000000003,0.3573,0.34440000000000004,0.3473,0.3472,0.45849999999999996,0.3515,0.3457,0.34680000000000005,0.3519,0.3456,0.3487],"raw_work_samples":[4368,4368,4368,4368,4368,4368,4368,4368,4368,4368,4368,4368,4368,4368,4368,4368,4368,4368,4368,4368,4368,4368,4368,4368,4368,4368,4368,4368,4368,4368],"tree_rebalances":94},"undo":{"maximum_sequence_depth":18,"maximum_work":7924,"median_ms":0.3208,"p95_ms":0.3816,"raw_samples_ms":[0.3167,0.3259,0.3178,0.35750000000000004,0.49520000000000003,0.3212,0.3205,0.3388,0.3185,0.3202,0.3202,0.3195,0.3211,0.3816,0.3202,0.3186,0.319,0.3208,0.3196,0.3185,0.3196,0.3202,0.3208,0.3262,0.3217,0.3211,0.3246,0.3251,0.32039999999999996,0.35169999999999996],"raw_work_samples":[7924,7924,7924,7924,7924,7924,7924,7924,7924,7924,7924,7924,7924,7924,7924,7924,7924,7924,7924,7924,7924,7924,7924,7924,7924,7924,7924,7924,7924,7924],"tree_rebalances":194},"ungroup":{"maximum_sequence_depth":18,"maximum_work":8471,"median_ms":0.4719,"p95_ms":0.5184,"raw_samples_ms":[0.4593,0.4789,0.4629,0.4726,0.4809,0.4712,0.4691,0.4708,0.4691,0.4723,0.4688,0.5045,0.4753,0.5417,0.4711,0.4697,0.4682,0.4713,0.4719,0.4774,0.4774,0.47150000000000003,0.47409999999999997,0.5184,0.47169999999999995,0.475,0.4724,0.4699,0.4757,0.47140000000000004],"raw_work_samples":[8471,8471,8471,8471,8471,8471,8471,8471,8471,8471,8471,8471,8471,8471,8471,8471,8471,8471,8471,8471,8471,8471,8471,8471,8471,8471,8471,8471,8471,8471],"tree_rebalances":194}},"pattern":"contiguous_middle","selection_count":100,"warmups":10},{"exact_sibling_order_restored":true,"measured_iterations":30,"node_count":100000,"operations":{"group":{"maximum_sequence_depth":17,"maximum_work":9277,"median_ms":0.976,"p95_ms":2.1363,"raw_samples_ms":[1.8877,1.9854,1.9381,2.4312,1.9161,1.8973,0.976,1.0235,0.939,0.9694,0.9517,0.9394,0.8689,0.8543999999999999,0.8548,0.8612,1.0046,0.8577,0.8842,0.8362,0.8481,0.9871000000000001,1.9707000000000001,1.9425,2.1363,1.9436,0.9536,0.9737,0.9909999999999999,0.9700000000000001],"raw_work_samples":[9277,9277,9277,9277,9277,9277,9277,9277,9277,9277,9277,9277,9277,9277,9277,9277,9277,9277,9277,9277,9277,9277,9277,9277,9277,9277,9277,9277,9277,9277],"tree_rebalances":0},"redo":{"maximum_sequence_depth":17,"maximum_work":4278,"median_ms":0.7058,"p95_ms":1.4507999999999999,"raw_samples_ms":[0.6695,1.4311,1.4263,1.4154,1.374,0.9385,0.7064,0.6985,0.6901,0.7058,0.7357,0.6428999999999999,0.6433,0.6413,0.6436000000000001,0.6214000000000001,0.6382,0.6192,0.616,0.6091,0.6586,1.4507999999999999,1.3921000000000001,1.5211999999999999,1.4411999999999998,0.7029,0.7029,0.7676000000000001,0.7228,0.723],"raw_work_samples":[4278,4278,4278,4278,4278,4278,4278,4278,4278,4278,4278,4278,4278,4278,4278,4278,4278,4278,4278,4278,4278,4278,4278,4278,4278,4278,4278,4278,4278,4278],"tree_rebalances":0},"undo":{"maximum_sequence_depth":17,"maximum_work":6711,"median_ms":0.6661,"p95_ms":1.4745,"raw_samples_ms":[0.6396000000000001,1.3236999999999999,1.3102,1.3488,1.2864,1.4745,0.6544,0.6628,0.6565,0.6666000000000001,0.6661,0.6185,0.6093000000000001,0.6081,0.6066,0.5971000000000001,0.6141,0.5971000000000001,0.5927,0.5902999999999999,0.5809,1.5279,1.3103,1.3094999999999999,1.3223,1.267,0.6638,0.8016,0.6771,0.6786],"raw_work_samples":[6711,6711,6711,6711,6711,6711,6711,6711,6711,6711,6711,6711,6711,6711,6711,6711,6711,6711,6711,6711,6711,6711,6711,6711,6711,6711,6711,6711,6711,6711],"tree_rebalances":12},"ungroup":{"maximum_sequence_depth":17,"maximum_work":8774,"median_ms":0.9519,"p95_ms":1.9944,"raw_samples_ms":[0.941,1.9113,1.8944,1.8957,1.8692,0.9882999999999998,0.9330999999999999,0.929,0.9252,0.9416,0.9608000000000001,0.8562,0.8534,0.901,0.8612,0.8297,0.8394,0.8434999999999999,0.8281000000000001,0.8622000000000001,0.8254999999999999,1.9567999999999999,1.9944,2.0125,1.9481,0.9519,0.9609,0.9866,0.9541000000000001,0.9558],"raw_work_samples":[8774,8774,8774,8774,8774,8774,8774,8774,8774,8774,8774,8774,8774,8774,8774,8774,8774,8774,8774,8774,8774,8774,8774,8774,8774,8774,8774,8774,8774,8774],"tree_rebalances":12}},"pattern":"uniform","selection_count":100,"warmups":10},{"exact_sibling_order_restored":true,"measured_iterations":30,"node_count":100000,"operations":{"group":{"maximum_sequence_depth":17,"maximum_work":9252,"median_ms":1.1089,"p95_ms":2.0552,"raw_samples_ms":[0.8222,0.8224,0.8067000000000001,0.8935,2.0552,1.8687,1.9246999999999999,1.2582,1.1623,1.1702,1.1924,1.1819,1.1724,1.1089,0.8439,0.848,2.0633,1.8787,1.98,1.0640999999999998,1.0656999999999999,1.0613000000000001,1.1282,1.1073000000000002,1.1020999999999999,1.0968,1.1136,0.8809,0.8718,0.8834],"raw_work_samples":[9252,9252,9252,9252,9252,9252,9252,9252,9252,9252,9252,9252,9252,9252,9252,9252,9252,9252,9252,9252,9252,9252,9252,9252,9252,9252,9252,9252,9252,9252],"tree_rebalances":0},"redo":{"maximum_sequence_depth":17,"maximum_work":4274,"median_ms":0.8426,"p95_ms":1.5423,"raw_samples_ms":[0.6116999999999999,0.6148,0.5989,0.6038,1.3586,1.3699000000000001,1.5423,0.8659,0.8426,0.852,1.0662,0.8564999999999999,0.8688,0.6291,0.6256,1.5995,1.365,1.3639999999999999,1.3769,0.7756,0.7773,0.9911,0.8277,0.8056,0.7998000000000001,0.8083,0.9365,0.6433,0.6433,0.6454],"raw_work_samples":[4274,4274,4274,4274,4274,4274,4274,4274,4274,4274,4274,4274,4274,4274,4274,4274,4274,4274,4274,4274,4274,4274,4274,4274,4274,4274,4274,4274,4274,4274],"tree_rebalances":0},"undo":{"maximum_sequence_depth":17,"maximum_work":6691,"median_ms":0.7542,"p95_ms":1.3936,"raw_samples_ms":[0.5724,0.5769,0.5617000000000001,0.5630999999999999,1.3936,1.2522,1.2586,0.796,0.7873,0.7978,0.8003,0.8022,0.7977000000000001,0.5843,0.5838,1.4852,1.2692,1.2831,1.2994,0.7261000000000001,0.7245,0.7328,0.7487,0.7542,0.7525000000000001,0.7389,0.7716,0.6053000000000001,0.6003000000000001,0.6013000000000001],"raw_work_samples":[6691,6691,6691,6691,6691,6691,6691,6691,6691,6691,6691,6691,6691,6691,6691,6691,6691,6691,6691,6691,6691,6691,6691,6691,6691,6691,6691,6691,6691,6691],"tree_rebalances":8},"ungroup":{"maximum_sequence_depth":17,"maximum_work":8747,"median_ms":1.1012000000000002,"p95_ms":1.944,"raw_samples_ms":[0.8169,0.8154,0.7857,0.7869,1.8307,1.944,1.2148,1.1433,1.1498000000000002,1.1461,1.1861000000000002,1.1569,1.1403999999999999,0.8266,0.8247,1.9318,1.8629,2.2214,1.5923,1.0836999999999999,1.0388000000000002,1.1012000000000002,1.1566,1.0675000000000001,1.0801999999999998,1.0744,0.9280999999999999,0.851,0.8492999999999999,0.8633],"raw_work_samples":[8747,8747,8747,8747,8747,8747,8747,8747,8747,8747,8747,8747,8747,8747,8747,8747,8747,8747,8747,8747,8747,8747,8747,8747,8747,8747,8747,8747,8747,8747],"tree_rebalances":8}},"pattern":"random_seed_0x5eed","selection_count":100,"warmups":10},{"exact_sibling_order_restored":true,"measured_iterations":30,"node_count":100000,"operations":{"group":{"maximum_sequence_depth":18,"maximum_work":9504,"median_ms":0.5213,"p95_ms":0.6292,"raw_samples_ms":[0.6292,0.521,0.5081,0.5246,0.5224,0.5295,0.5213,0.9424,0.5347000000000001,0.5212,0.5176999999999999,0.5169,0.518,0.517,0.5155,0.517,0.5922,0.5213,0.5569000000000001,0.5183,0.5176000000000001,0.5262,0.5191,0.5157999999999999,0.5225,0.6,0.5263000000000001,0.523,0.5226999999999999,0.5207999999999999],"raw_work_samples":[9504,9504,9504,9504,9504,9504,9504,9504,9504,9504,9504,9504,9504,9504,9504,9504,9504,9504,9504,9504,9504,9504,9504,9504,9504,9504,9504,9504,9504,9504],"tree_rebalances":74},"redo":{"maximum_sequence_depth":18,"maximum_work":4368,"median_ms":0.3806,"p95_ms":0.3945,"raw_samples_ms":[0.3815,0.3776,0.3945,0.3875,0.3877,0.38880000000000003,0.3775,0.4378,0.3826,0.38029999999999997,0.3811,0.3792,0.3872,0.3779,0.3786,0.377,0.3906,0.3814,0.3792,0.3806,0.3782,0.3789,0.3799,0.3812,0.378,0.3876,0.3792,0.3787,0.3796,0.3861],"raw_work_samples":[4368,4368,4368,4368,4368,4368,4368,4368,4368,4368,4368,4368,4368,4368,4368,4368,4368,4368,4368,4368,4368,4368,4368,4368,4368,4368,4368,4368,4368,4368],"tree_rebalances":74},"undo":{"maximum_sequence_depth":18,"maximum_work":7704,"median_ms":0.345,"p95_ms":0.4375,"raw_samples_ms":[0.3442,0.3431,0.3884,0.34600000000000003,0.3479,0.35169999999999996,0.3438,0.4423,0.345,0.34600000000000003,0.345,0.3448,0.34459999999999996,0.34450000000000003,0.3449,0.34249999999999997,0.4375,0.345,0.3457,0.3533,0.3427,0.34440000000000004,0.3442,0.3417,0.34259999999999996,0.3638,0.3502,0.3443,0.3482,0.3438],"raw_work_samples":[7704,7704,7704,7704,7704,7704,7704,7704,7704,7704,7704,7704,7704,7704,7704,7704,7704,7704,7704,7704,7704,7704,7704,7704,7704,7704,7704,7704,7704,7704],"tree_rebalances":168},"ungroup":{"maximum_sequence_depth":18,"maximum_work":8344,"median_ms":0.4971,"p95_ms":0.5773,"raw_samples_ms":[0.4878,0.4845,0.5011,0.4996,0.5024,0.5773,0.5049,0.5104000000000001,0.4986,0.4957,0.49510000000000004,0.49620000000000003,0.4968,0.495,0.494,0.4958,0.5069,0.4973,0.4971,0.49470000000000003,0.49839999999999995,0.4967,0.49720000000000003,0.4964,0.4939,0.509,0.5783999999999999,0.4944,0.4956,0.5092],"raw_work_samples":[8344,8344,8344,8344,8344,8344,8344,8344,8344,8344,8344,8344,8344,8344,8344,8344,8344,8344,8344,8344,8344,8344,8344,8344,8344,8344,8344,8344,8344,8344],"tree_rebalances":168}},"pattern":"multiple_runs","selection_count":100,"warmups":10},{"exact_sibling_order_restored":true,"measured_iterations":30,"node_count":100000,"operations":{"group":{"maximum_sequence_depth":17,"maximum_work":27412,"median_ms":1.4441,"p95_ms":3.5225,"raw_samples_ms":[1.392,1.3867,3.2842000000000002,1.4441,1.4962,1.4932999999999998,1.857,1.4002000000000001,1.4207,1.4764000000000002,1.3247,1.3048,1.2733,1.2650000000000001,1.2738,1.2635,1.2819,4.467,3.3043,1.2923,1.2711000000000001,1.3621,3.5225,3.3202000000000003,1.7147,1.7371999999999999,1.7776,1.7245,1.7057,1.4387],"raw_work_samples":[27412,27412,27412,27412,27412,27412,27412,27412,27412,27412,27412,27412,27412,27412,27412,27412,27412,27412,27412,27412,27412,27412,27412,27412,27412,27412,27412,27412,27412,27412],"tree_rebalances":296},"redo":{"maximum_sequence_depth":17,"maximum_work":12362,"median_ms":1.099,"p95_ms":2.5573,"raw_samples_ms":[1.0937,2.5573,2.3879,1.1061999999999999,1.0970000000000002,1.1087,1.0618999999999998,1.1075,1.0184,1.099,0.9412999999999999,0.9358,1.0057,1.4751,0.9938,0.9942,0.9916,2.5052,0.9571999999999999,0.9298000000000001,0.9991,0.9219999999999999,2.3836999999999997,2.5585,1.2172999999999998,1.2119,1.2585000000000002,1.2304,1.4724,0.9886],"raw_work_samples":[12362,12362,12362,12362,12362,12362,12362,12362,12362,12362,12362,12362,12362,12362,12362,12362,12362,12362,12362,12362,12362,12362,12362,12362,12362,12362,12362,12362,12362,12362],"tree_rebalances":296},"undo":{"maximum_sequence_depth":17,"maximum_work":23436,"median_ms":0.9657,"p95_ms":2.2108000000000003,"raw_samples_ms":[0.9565,1.6932,2.1473999999999998,0.9731,0.9639,0.9637,1.1439,0.9657,0.9163,0.8925,0.8479,0.856,0.8802,1.1183,0.8723,0.8721,0.8675999999999999,2.2108000000000003,1.661,0.8357,0.8767,0.8635,2.1689000000000003,2.313,1.1461,1.1097,1.1178,1.1475000000000002,1.0987,0.8939],"raw_work_samples":[23436,23436,23436,23436,23436,23436,23436,23436,23436,23436,23436,23436,23436,23436,23436,23436,23436,23436,23436,23436,23436,23436,23436,23436,23436,23436,23436,23436,23436,23436],"tree_rebalances":606},"ungroup":{"maximum_sequence_depth":17,"maximum_work":24983,"median_ms":1.3986999999999998,"p95_ms":3.2445,"raw_samples_ms":[1.3986999999999998,3.2445,2.8804,1.4201000000000001,1.4091,1.3185,1.3514,1.4294,1.3895,1.4074,1.262,1.2227,1.2866,1.2422,1.2229,1.2801,1.2893,3.4135,1.2338,1.2324,1.2857999999999998,1.2918,3.1881,2.3688,1.5956,1.8173,1.6161999999999999,1.6328,1.6911999999999998,1.2683],"raw_work_samples":[24983,24983,24983,24983,24983,24983,24983,24983,24983,24983,24983,24983,24983,24983,24983,24983,24983,24983,24983,24983,24983,24983,24983,24983,24983,24983,24983,24983,24983,24983],"tree_rebalances":606}},"pattern":"contiguous_front","selection_count":300,"warmups":10},{"exact_sibling_order_restored":true,"measured_iterations":30,"node_count":100000,"operations":{"group":{"maximum_sequence_depth":18,"maximum_work":28633,"median_ms":1.4803,"p95_ms":3.637,"raw_samples_ms":[1.4208,1.4213,1.4017000000000002,1.4605,1.4724,1.4005,1.5410000000000001,1.8269,1.9159,1.4262000000000001,1.5116,1.4433,1.4128,1.4996,1.3989,1.3928,1.4803,1.4623,1.379,4.4148,3.637,2.1288,2.1957,2.1138,2.2553,1.5332,1.4304000000000001,1.517,1.4842,1.4580000000000002],"raw_work_samples":[28633,28633,28633,28633,28633,28633,28633,28633,28633,28633,28633,28633,28633,28633,28633,28633,28633,28633,28633,28633,28633,28633,28633,28633,28633,28633,28633,28633,28633,28633],"tree_rebalances":294},"redo":{"maximum_sequence_depth":18,"maximum_work":12726,"median_ms":1.0754,"p95_ms":2.0,"raw_samples_ms":[1.0138,1.0074999999999998,0.9986,1.0777,0.9964999999999999,1.0939,1.3369,1.3621,1.4718,1.0723,1.0754,1.0885999999999998,1.003,0.9956999999999999,0.9940000000000001,1.0123,1.0562,0.9803,0.9790000000000001,2.5442,2.0,1.5958999999999999,1.5488,1.597,1.462,1.0788,1.0156,1.0618999999999998,1.0826,1.0618999999999998],"raw_work_samples":[12726,12726,12726,12726,12726,12726,12726,12726,12726,12726,12726,12726,12726,12726,12726,12726,12726,12726,12726,12726,12726,12726,12726,12726,12726,12726,12726,12726,12726,12726],"tree_rebalances":294},"undo":{"maximum_sequence_depth":18,"maximum_work":23796,"median_ms":1.0074999999999998,"p95_ms":2.4833,"raw_samples_ms":[0.9825999999999999,0.9649,0.9719000000000001,1.0242,0.9822,0.9969,1.3309000000000002,1.2815999999999999,1.2847,1.0132999999999999,1.0206,0.9773,0.9724,0.982,0.9470000000000001,0.9485,0.9973,0.9406,0.9367,2.4833,2.7357,1.5070000000000001,1.6431,1.5333,1.517,1.0169000000000001,0.9634,1.0074999999999998,1.0230000000000001,1.0028000000000001],"raw_work_samples":[23796,23796,23796,23796,23796,23796,23796,23796,23796,23796,23796,23796,23796,23796,23796,23796,23796,23796,23796,23796,23796,23796,23796,23796,23796,23796,23796,23796,23796,23796],"tree_rebalances":594},"ungroup":{"maximum_sequence_depth":18,"maximum_work":25343,"median_ms":1.4625000000000001,"p95_ms":2.2401,"raw_samples_ms":[1.3808,1.3687,1.5885,1.4691999999999998,1.3608,1.3991,1.8223,1.8688,1.4224,1.4625000000000001,1.4928000000000001,1.4385,1.4159000000000002,1.4067,1.4606000000000001,1.4278,1.4439,1.3558000000000001,1.5724999999999998,3.6284,2.106,2.2401,2.0971,2.1545,1.4574,1.4641000000000002,1.4262000000000001,1.7817,1.4771,1.4501],"raw_work_samples":[25343,25343,25343,25343,25343,25343,25343,25343,25343,25343,25343,25343,25343,25343,25343,25343,25343,25343,25343,25343,25343,25343,25343,25343,25343,25343,25343,25343,25343,25343],"tree_rebalances":594}},"pattern":"contiguous_middle","selection_count":300,"warmups":10},{"exact_sibling_order_restored":true,"measured_iterations":30,"node_count":100000,"operations":{"group":{"maximum_sequence_depth":17,"maximum_work":27699,"median_ms":2.5003,"p95_ms":3.1202,"raw_samples_ms":[6.3333,2.9921,2.3841,2.6734,2.4156,2.6389,2.3274,2.4158999999999997,2.4599,2.3989,2.5003,2.3908,2.8304,2.3811,2.7796000000000003,2.7813999999999997,3.1202,2.399,2.8893999999999997,2.3314999999999997,3.0469999999999997,2.3076,2.4729,2.3763,2.6992000000000003,2.4813,2.384,2.5361,2.5591,2.5099],"raw_work_samples":[27699,27699,27699,27699,27699,27699,27699,27699,27699,27699,27699,27699,27699,27699,27699,27699,27699,27699,27699,27699,27699,27699,27699,27699,27699,27699,27699,27699,27699,27699],"tree_rebalances":0},"redo":{"maximum_sequence_depth":17,"maximum_work":12686,"median_ms":1.8133,"p95_ms":2.7582,"raw_samples_ms":[3.8152,1.696,2.4527,1.6926,2.1621,1.6746,2.4223,1.6939,1.9425,1.6945000000000001,2.1039000000000003,1.7013,2.1388000000000003,1.6927999999999999,1.8133,1.7886,1.9038,1.7193,1.7151,1.9522000000000002,1.7099000000000002,2.7582,1.6997,2.1883,1.7063,2.1748000000000003,1.7006000000000001,2.0282,1.6679,1.8563],"raw_work_samples":[12686,12686,12686,12686,12686,12686,12686,12686,12686,12686,12686,12686,12686,12686,12686,12686,12686,12686,12686,12686,12686,12686,12686,12686,12686,12686,12686,12686,12686,12686],"tree_rebalances":0},"undo":{"maximum_sequence_depth":17,"maximum_work":19951,"median_ms":1.7042,"p95_ms":2.2892,"raw_samples_ms":[3.9508,1.7086,1.537,1.6540000000000001,1.642,1.5753,2.2611,1.5457999999999998,1.9867000000000001,1.5311000000000001,2.0468,1.537,2.2892,1.5342,1.8588,1.8417,2.0683,1.538,1.8805,1.5296999999999998,1.7042,1.6586,1.5404,1.8002,1.589,1.8117,1.5552000000000001,2.0101,1.5502,1.8329],"raw_work_samples":[19951,19951,19951,19951,19951,19951,19951,19951,19951,19951,19951,19951,19951,19951,19951,19951,19951,19951,19951,19951,19951,19951,19951,19951,19951,19951,19951,19951,19951,19951],"tree_rebalances":20},"ungroup":{"maximum_sequence_depth":17,"maximum_work":26097,"median_ms":2.4112999999999998,"p95_ms":3.0835,"raw_samples_ms":[3.0835,2.2659,2.8521,2.2463,2.4221,2.2864999999999998,2.8352,2.2369,2.5812,2.2298999999999998,2.6579,2.2455000000000003,2.4466,2.2141,2.3013999999999997,3.1893999999999996,2.7182,2.8705,2.2315,3.0547,2.2565,3.0715,2.2425,2.5555,2.2563,2.7449000000000003,2.2685,2.4112999999999998,2.2883,2.3236],"raw_work_samples":[26097,26097,26097,26097,26097,26097,26097,26097,26097,26097,26097,26097,26097,26097,26097,26097,26097,26097,26097,26097,26097,26097,26097,26097,26097,26097,26097,26097,26097,26097],"tree_rebalances":20}},"pattern":"uniform","selection_count":300,"warmups":10},{"exact_sibling_order_restored":true,"measured_iterations":30,"node_count":100000,"operations":{"group":{"maximum_sequence_depth":17,"maximum_work":27690,"median_ms":2.4514,"p95_ms":5.9606,"raw_samples_ms":[2.8270999999999997,2.2157999999999998,2.7112,2.2176,2.9107,2.2464999999999997,2.3817999999999997,2.2864999999999998,2.2215,2.3543000000000003,2.22,2.3777,2.2366,3.2797,2.2345,2.7359,2.2574,2.5391,2.4514,5.9606,6.4708,2.9034,3.0636,2.8888999999999996,2.6955999999999998,2.3144,2.4743999999999997,2.3073,2.6326,2.2817],"raw_work_samples":[27690,27690,27690,27690,27690,27690,27690,27690,27690,27690,27690,27690,27690,27690,27690,27690,27690,27690,27690,27690,27690,27690,27690,27690,27690,27690,27690,27690,27690,27690],"tree_rebalances":0},"redo":{"maximum_sequence_depth":17,"maximum_work":12682,"median_ms":1.7367000000000001,"p95_ms":3.9121,"raw_samples_ms":[1.699,1.6184,1.7539,1.6179000000000001,1.6803000000000001,1.5965,1.735,1.5966,1.7367000000000001,1.5923999999999998,2.4237,1.6401000000000001,6.4794,1.9480000000000002,1.6148,1.7827,1.6228,1.8155000000000001,1.5986,3.9121,3.834,2.0447,2.4382,1.7991000000000001,1.8251000000000002,1.6171,1.8101,1.6264,1.8977,1.5926],"raw_work_samples":[12682,12682,12682,12682,12682,12682,12682,12682,12682,12682,12682,12682,12682,12682,12682,12682,12682,12682,12682,12682,12682,12682,12682,12682,12682,12682,12682,12682,12682,12682],"tree_rebalances":0},"undo":{"maximum_sequence_depth":17,"maximum_work":19931,"median_ms":1.6727999999999998,"p95_ms":4.0516,"raw_samples_ms":[1.7706,1.4606000000000001,1.6693,1.4586,1.6727999999999998,1.4609,1.7162,1.4666,1.6325,1.4672,1.925,1.5797,4.6251,1.9176,1.4725000000000001,1.7101,1.4674,1.8709,1.4895,4.0516,3.7136,1.7112,2.334,1.6486,1.7853999999999999,1.4978,1.8394,1.4665,2.0073,1.4581],"raw_work_samples":[19931,19931,19931,19931,19931,19931,19931,19931,19931,19931,19931,19931,19931,19931,19931,19931,19931,19931,19931,19931,19931,19931,19931,19931,19931,19931,19931,19931,19931,19931],"tree_rebalances":16},"ungroup":{"maximum_sequence_depth":17,"maximum_work":26031,"median_ms":2.2891,"p95_ms":5.6417,"raw_samples_ms":[2.1793,2.2891,2.1492999999999998,2.1419,2.3541,2.1725999999999996,2.3719,2.3462,2.2239999999999998,2.1172999999999997,2.4437,2.1557999999999997,5.5899,2.2920000000000003,2.089,2.2491999999999996,2.153,2.2726,2.1414,5.6417,5.6597,2.6293,2.8237,2.3933999999999997,2.3414,2.1300999999999997,2.4169,2.1381,2.4955,2.1112],"raw_work_samples":[26031,26031,26031,26031,26031,26031,26031,26031,26031,26031,26031,26031,26031,26031,26031,26031,26031,26031,26031,26031,26031,26031,26031,26031,26031,26031,26031,26031,26031,26031],"tree_rebalances":16}},"pattern":"random_seed_0x5eed","selection_count":300,"warmups":10},{"exact_sibling_order_restored":true,"measured_iterations":30,"node_count":100000,"operations":{"group":{"maximum_sequence_depth":18,"maximum_work":28622,"median_ms":1.4954,"p95_ms":3.7979,"raw_samples_ms":[1.4716,1.4288,3.7979,1.6991,1.4558,1.444,1.5056,1.4954,1.5678,1.5253,1.4768999999999999,1.538,1.5244,1.4398,1.4392,1.464,1.4252,1.6037,1.442,1.4906,1.4361000000000002,1.4569999999999999,1.4288,1.4476,3.8554,2.261,2.1145,2.1935000000000002,2.1063,1.5012999999999999],"raw_work_samples":[28622,28622,28622,28622,28622,28622,28622,28622,28622,28622,28622,28622,28622,28622,28622,28622,28622,28622,28622,28622,28622,28622,28622,28622,28622,28622,28622,28622,28622,28622],"tree_rebalances":270},"redo":{"maximum_sequence_depth":18,"maximum_work":12980,"median_ms":1.1061,"p95_ms":2.3847,"raw_samples_ms":[1.1161,2.3847,1.2184,1.0674000000000001,1.0598,1.0536,1.0532,1.1139,1.1155,1.0621999999999998,1.0602,1.1106,1.1061,1.1203999999999998,1.0476,1.0464,1.0423,1.0546,1.1077000000000001,1.071,1.0621,1.0655000000000001,1.0475,1.0481,2.7066,1.5229,1.5183,1.6417000000000002,1.5379,1.121],"raw_work_samples":[12980,12980,12980,12980,12980,12980,12980,12980,12980,12980,12980,12980,12980,12980,12980,12980,12980,12980,12980,12980,12980,12980,12980,12980,12980,12980,12980,12980,12980,12980],"tree_rebalances":270},"undo":{"maximum_sequence_depth":18,"maximum_work":23480,"median_ms":0.9964999999999999,"p95_ms":1.4131,"raw_samples_ms":[0.9932000000000001,0.949,1.3737000000000001,0.9964999999999999,0.9571000000000001,0.9565,0.9786,1.0071999999999999,1.0067,1.0501,0.9748,1.006,0.9970999999999999,0.9534,0.9488,0.9610000000000001,0.9473,0.9801,0.9984,0.949,1.1106,0.9516,0.9483,0.9697,2.4876,1.4065,1.3854,1.4131,1.4091,1.0774000000000001],"raw_work_samples":[23480,23480,23480,23480,23480,23480,23480,23480,23480,23480,23480,23480,23480,23480,23480,23480,23480,23480,23480,23480,23480,23480,23480,23480,23480,23480,23480,23480,23480,23480],"tree_rebalances":564},"ungroup":{"maximum_sequence_depth":18,"maximum_work":25118,"median_ms":1.4298,"p95_ms":4.1464,"raw_samples_ms":[1.4112,4.1464,1.5801,1.4298,1.3831,1.3632,1.4195,1.4427999999999999,1.4426,1.3646,1.4221,1.4427,1.4934,1.3805,1.3615000000000002,1.3575,1.4747000000000001,1.369,1.4392999999999998,1.3584,1.3652,1.4147,1.3516,4.1704,2.1759,1.9962,1.9973999999999998,2.0306,1.9916999999999998,1.4168],"raw_work_samples":[25118,25118,25118,25118,25118,25118,25118,25118,25118,25118,25118,25118,25118,25118,25118,25118,25118,25118,25118,25118,25118,25118,25118,25118,25118,25118,25118,25118,25118,25118],"tree_rebalances":564}},"pattern":"multiple_runs","selection_count":300,"warmups":10},{"exact_sibling_order_restored":true,"measured_iterations":30,"node_count":100000,"operations":{"group":{"maximum_sequence_depth":18,"maximum_work":94530,"median_ms":5.157100000000001,"p95_ms":12.591099999999999,"raw_samples_ms":[13.0045,5.4033,4.6226,4.5911,4.6316,4.526,12.591099999999999,5.157100000000001,4.829,4.47,4.4289000000000005,8.7669,5.3991999999999996,5.189100000000001,4.767600000000001,4.4961,4.4054,5.501200000000001,5.3984000000000005,5.4533000000000005,5.346100000000001,4.6606,4.8229,9.138200000000001,7.26,4.8179,4.8568999999999996,4.4957,6.614400000000001,5.7355],"raw_work_samples":[94530,94530,94530,94530,94530,94530,94530,94530,94530,94530,94530,94530,94530,94530,94530,94530,94530,94530,94530,94530,94530,94530,94530,94530,94530,94530,94530,94530,94530,94530],"tree_rebalances":1320},"redo":{"maximum_sequence_depth":18,"maximum_work":42944,"median_ms":3.5136,"p95_ms":8.9143,"raw_samples_ms":[9.1439,4.393,3.4737,3.4619,3.3173999999999997,3.2041999999999997,6.7921,3.9565,3.6497,3.3270999999999997,3.2028,3.5575,3.5625,3.2901,3.2583,3.3552,8.6289,4.517799999999999,8.9143,3.6305,3.5136,3.251,3.2376,6.4109,3.367,3.4148,3.454,3.3993,6.4682,3.9186000000000005],"raw_work_samples":[42944,42944,42944,42944,42944,42944,42944,42944,42944,42944,42944,42944,42944,42944,42944,42944,42944,42944,42944,42944,42944,42944,42944,42944,42944,42944,42944,42944,42944,42944],"tree_rebalances":1320},"undo":{"maximum_sequence_depth":18,"maximum_work":82991,"median_ms":3.3175000000000003,"p95_ms":7.7776,"raw_samples_ms":[8.4383,3.3346,3.1736,3.1628,3.0945,2.878,7.7776,3.3829,2.9385000000000003,2.9003,2.8657,3.4718999999999998,3.4053999999999998,3.1532999999999998,3.1376,3.0987,6.521599999999999,3.451,3.4527,3.3175000000000003,3.2498,2.9879,3.0211,5.1198,3.29,3.472,3.641,3.0923000000000003,6.0351,3.5218],"raw_work_samples":[82991,82991,82991,82991,82991,82991,82991,82991,82991,82991,82991,82991,82991,82991,82991,82991,82991,82991,82991,82991,82991,82991,82991,82991,82991,82991,82991,82991,82991,82991],"tree_rebalances":2882},"ungroup":{"maximum_sequence_depth":18,"maximum_work":88029,"median_ms":4.5876,"p95_ms":10.1456,"raw_samples_ms":[5.4814,4.7128,4.5755,4.5002,4.5298,9.7756,4.9432,4.9243999999999994,4.496,4.4345,11.4589,4.5925,4.5876,4.2013,4.351500000000001,4.1789000000000005,6.859999999999999,5.795599999999999,10.1456,5.0748,4.3853,4.3711,4.1678,7.884600000000001,4.4274,4.2887,4.2752,4.306500000000001,7.1995000000000005,5.7824],"raw_work_samples":[88029,88029,88029,88029,88029,88029,88029,88029,88029,88029,88029,88029,88029,88029,88029,88029,88029,88029,88029,88029,88029,88029,88029,88029,88029,88029,88029,88029,88029,88029],"tree_rebalances":2882}},"pattern":"contiguous_front","selection_count":1000,"warmups":10},{"exact_sibling_order_restored":true,"measured_iterations":30,"node_count":100000,"operations":{"group":{"maximum_sequence_depth":18,"maximum_work":94535,"median_ms":5.3458000000000006,"p95_ms":11.8616,"raw_samples_ms":[12.530100000000001,6.832000000000001,5.7933,5.1204,5.1419999999999995,4.7551,7.166399999999999,5.2677000000000005,5.3458000000000006,7.7337,7.3865,7.930700000000001,5.0406,4.9079,5.8259,5.5221,11.8616,4.7762,6.5764,5.5738,5.736,5.2131,5.0176,4.9466,4.907500000000001,4.9196,4.8323,4.9733,5.3853,5.1217],"raw_work_samples":[94535,94535,94535,94535,94535,94535,94535,94535,94535,94535,94535,94535,94535,94535,94535,94535,94535,94535,94535,94535,94535,94535,94535,94535,94535,94535,94535,94535,94535,94535],"tree_rebalances":990},"redo":{"maximum_sequence_depth":18,"maximum_work":41488,"median_ms":3.5997999999999997,"p95_ms":8.9451,"raw_samples_ms":[8.9451,3.7072,3.6789,3.2950000000000004,3.7201,4.5653999999999995,3.4089,3.5572,3.3028,5.7701,5.4238,3.7119,3.6093,6.3792,3.4454,3.5099,3.5339,9.3098,3.766,3.6461,3.5997999999999997,3.5168999999999997,3.265,3.2715,3.2688,3.3442,3.3408,3.6858,3.532,3.4819],"raw_work_samples":[41488,41488,41488,41488,41488,41488,41488,41488,41488,41488,41488,41488,41488,41488,41488,41488,41488,41488,41488,41488,41488,41488,41488,41488,41488,41488,41488,41488,41488,41488],"tree_rebalances":990},"undo":{"maximum_sequence_depth":18,"maximum_work":78686,"median_ms":3.4436,"p95_ms":8.4941,"raw_samples_ms":[8.4941,3.6740000000000004,3.7710999999999997,3.1805000000000003,3.2323999999999997,3.1700999999999997,3.3314999999999997,3.457,3.3427000000000002,4.9522,5.235,3.3649,3.4491,3.1954000000000002,3.5553,3.4436,3.5122,9.224599999999999,3.5923000000000003,3.6380000000000003,3.5158,3.2451,3.1779,3.2122,3.1597999999999997,3.1571,3.2092,3.1625,3.4726000000000004,3.2279999999999998],"raw_work_samples":[78686,78686,78686,78686,78686,78686,78686,78686,78686,78686,78686,78686,78686,78686,78686,78686,78686,78686,78686,78686,78686,78686,78686,78686,78686,78686,78686,78686,78686,78686],"tree_rebalances":1990},"ungroup":{"maximum_sequence_depth":18,"maximum_work":83727,"median_ms":5.2596,"p95_ms":12.217699999999999,"raw_samples_ms":[12.217699999999999,5.833699999999999,5.4587,6.939,4.9224000000000006,12.1494,4.7036999999999995,4.8588,5.8736,7.4332,7.4814,5.238300000000001,5.0172,12.2495,4.6814,8.424900000000001,4.5705,12.2106,5.1024,5.2596,5.555499999999999,4.9273,4.9289,4.8393999999999995,5.014399999999999,4.8967,5.1845,5.5604000000000005,5.2028,10.1609],"raw_work_samples":[83727,83727,83727,83727,83727,83727,83727,83727,83727,83727,83727,83727,83727,83727,83727,83727,83727,83727,83727,83727,83727,83727,83727,83727,83727,83727,83727,83727,83727,83727],"tree_rebalances":1990}},"pattern":"contiguous_middle","selection_count":1000,"warmups":10},{"exact_sibling_order_restored":true,"measured_iterations":30,"node_count":100000,"operations":{"group":{"maximum_sequence_depth":17,"maximum_work":92182,"median_ms":11.7736,"p95_ms":21.9278,"raw_samples_ms":[12.7791,11.126199999999999,13.875200000000001,18.613500000000002,16.8325,12.088700000000001,11.015,10.8811,10.8023,11.0543,19.4812,11.7736,12.4283,10.924299999999999,10.750900000000001,10.7513,11.351999999999999,25.8922,17.816300000000002,16.363699999999998,13.5371,12.4387,11.8698,21.9278,11.2073,11.3128,11.0245,10.4987,11.0489,11.15],"raw_work_samples":[92182,92182,92182,92182,92182,92182,92182,92182,92182,92182,92182,92182,92182,92182,92182,92182,92182,92182,92182,92182,92182,92182,92182,92182,92182,92182,92182,92182,92182,92182],"tree_rebalances":0},"redo":{"maximum_sequence_depth":17,"maximum_work":42146,"median_ms":9.464500000000001,"p95_ms":16.0578,"raw_samples_ms":[10.8527,8.022,13.3872,11.872900000000001,10.6632,10.3042,8.7496,8.9648,8.1907,12.1526,11.469800000000001,8.9497,8.011600000000001,9.3301,8.74,8.9542,9.6289,9.951500000000001,14.0193,18.001199999999997,9.457,16.0578,11.967,13.2096,8.4999,9.464500000000001,7.9702,8.2126,8.898299999999999,8.831],"raw_work_samples":[42146,42146,42146,42146,42146,42146,42146,42146,42146,42146,42146,42146,42146,42146,42146,42146,42146,42146,42146,42146,42146,42146,42146,42146,42146,42146,42146,42146,42146,42146],"tree_rebalances":0},"undo":{"maximum_sequence_depth":17,"maximum_work":66451,"median_ms":8.4881,"p95_ms":14.4995,"raw_samples_ms":[8.783600000000002,8.4955,14.4995,10.4831,10.0271,11.7211,7.1911,7.449,8.4881,7.965699999999999,13.0927,8.1965,8.3089,7.924,7.8177,8.0586,7.2338000000000005,11.589,8.467600000000001,11.419500000000001,9.3353,14.3249,7.828399999999999,15.344899999999999,8.4035,9.0461,8.8391,7.844399999999999,6.9674000000000005,7.3228],"raw_work_samples":[66451,66451,66451,66451,66451,66451,66451,66451,66451,66451,66451,66451,66451,66451,66451,66451,66451,66451,66451,66451,66451,66451,66451,66451,66451,66451,66451,66451,66451,66451],"tree_rebalances":80},"ungroup":{"maximum_sequence_depth":17,"maximum_work":86798,"median_ms":11.2328,"p95_ms":20.5913,"raw_samples_ms":[11.6357,10.9364,13.3177,12.741499999999998,12.238000000000001,10.780100000000001,10.2926,10.6009,11.0817,20.4755,11.2313,11.5715,10.510399999999999,10.359399999999999,10.4432,11.2328,11.5596,20.5913,21.271600000000003,19.4005,11.2779,12.2776,16.6239,13.6955,10.866000000000001,10.7049,10.8927,10.606300000000001,9.9331,9.935899999999998],"raw_work_samples":[86798,86798,86798,86798,86798,86798,86798,86798,86798,86798,86798,86798,86798,86798,86798,86798,86798,86798,86798,86798,86798,86798,86798,86798,86798,86798,86798,86798,86798,86798],"tree_rebalances":80}},"pattern":"uniform","selection_count":1000,"warmups":10},{"exact_sibling_order_restored":true,"measured_iterations":30,"node_count":100000,"operations":{"group":{"maximum_sequence_depth":18,"maximum_work":92243,"median_ms":13.538400000000001,"p95_ms":24.2757,"raw_samples_ms":[10.0695,13.8164,13.9803,21.9522,23.217000000000002,17.668799999999997,24.2757,13.3389,14.6381,11.1781,10.8326,16.2517,13.9228,20.715899999999998,12.062899999999999,11.143099999999999,12.302,11.9393,31.4529,13.538400000000001,16.566000000000003,9.5595,11.9315,12.131599999999999,13.633799999999999,11.453700000000001,12.2433,10.790799999999999,10.3273,16.555],"raw_work_samples":[92243,92243,92243,92243,92243,92243,92243,92243,92243,92243,92243,92243,92243,92243,92243,92243,92243,92243,92243,92243,92243,92243,92243,92243,92243,92243,92243,92243,92243,92243],"tree_rebalances":4},"redo":{"maximum_sequence_depth":18,"maximum_work":42150,"median_ms":9.9337,"p95_ms":17.263299999999997,"raw_samples_ms":[7.7573,8.892000000000001,10.4191,17.6404,16.5941,9.51,17.263299999999997,9.3341,10.8682,9.9337,8.4796,13.0029,8.825899999999999,16.0417,8.8142,12.9242,15.8832,8.9302,13.5683,10.191600000000001,7.659400000000001,7.2315000000000005,9.638900000000001,10.0475,10.366200000000001,11.1729,8.605599999999999,8.452,8.2486,8.7565],"raw_work_samples":[42150,42150,42150,42150,42150,42150,42150,42150,42150,42150,42150,42150,42150,42150,42150,42150,42150,42150,42150,42150,42150,42150,42150,42150,42150,42150,42150,42150,42150,42150],"tree_rebalances":4},"undo":{"maximum_sequence_depth":18,"maximum_work":66539,"median_ms":9.1117,"p95_ms":15.0823,"raw_samples_ms":[7.6449,13.771099999999999,9.1117,15.0823,15.4469,8.5823,14.9813,8.5869,12.8691,7.9793,7.0317,14.5183,7.0555,14.3728,8.6393,7.6485,13.517299999999999,8.9865,11.7656,10.6168,8.5222,7.9235,12.3537,9.0792,9.7889,9.900300000000001,6.8896,6.9174,6.7462,10.3101],"raw_work_samples":[66539,66539,66539,66539,66539,66539,66539,66539,66539,66539,66539,66539,66539,66539,66539,66539,66539,66539,66539,66539,66539,66539,66539,66539,66539,66539,66539,66539,66539,66539],"tree_rebalances":94},"ungroup":{"maximum_sequence_depth":18,"maximum_work":86836,"median_ms":12.5512,"p95_ms":21.0819,"raw_samples_ms":[10.359200000000001,16.821099999999998,20.8711,21.5535,21.0819,15.0558,21.038999999999998,11.991,12.639600000000002,10.3208,10.0683,15.9036,11.7943,14.0896,11.803299999999998,14.608899999999998,20.355700000000002,11.936300000000001,16.849800000000002,11.905000000000001,10.166500000000001,10.1859,11.774099999999999,17.4519,13.4769,12.4341,10.0523,9.8254,12.5512,9.6188],"raw_work_samples":[86836,86836,86836,86836,86836,86836,86836,86836,86836,86836,86836,86836,86836,86836,86836,86836,86836,86836,86836,86836,86836,86836,86836,86836,86836,86836,86836,86836,86836,86836],"tree_rebalances":94}},"pattern":"random_seed_0x5eed","selection_count":1000,"warmups":10},{"exact_sibling_order_restored":true,"measured_iterations":30,"node_count":100000,"operations":{"group":{"maximum_sequence_depth":18,"maximum_work":94993,"median_ms":5.3754,"p95_ms":10.6676,"raw_samples_ms":[4.7036999999999995,4.679799999999999,6.8803,6.5591,5.4268,8.045200000000001,5.2378,5.3426,5.3485,5.3359000000000005,5.0671,10.6676,7.0586,9.7779,13.3008,6.0724,5.5393,5.0516,5.8857,5.6978,5.3842,5.3754,5.133900000000001,4.8556,5.0968,5.0294,5.2104,4.8075,4.7549,9.3855],"raw_work_samples":[94993,94993,94993,94993,94993,94993,94993,94993,94993,94993,94993,94993,94993,94993,94993,94993,94993,94993,94993,94993,94993,94993,94993,94993,94993,94993,94993,94993,94993,94993],"tree_rebalances":972},"redo":{"maximum_sequence_depth":18,"maximum_work":42672,"median_ms":4.0792,"p95_ms":9.6933,"raw_samples_ms":[4.1221,9.6933,5.9109,3.7843,3.7155,3.5488999999999997,3.4326,3.3909000000000002,3.5271999999999997,3.5556,3.611,4.6759,8.5443,6.2153,9.969199999999999,4.6296,4.1871,4.1549000000000005,5.4814,3.4678999999999998,3.8503000000000003,3.4924,3.5782000000000003,3.7797,3.7452,3.776,4.5712,4.0792,5.0868,6.2326999999999995],"raw_work_samples":[42672,42672,42672,42672,42672,42672,42672,42672,42672,42672,42672,42672,42672,42672,42672,42672,42672,42672,42672,42672,42672,42672,42672,42672,42672,42672,42672,42672,42672,42672],"tree_rebalances":972},"undo":{"maximum_sequence_depth":18,"maximum_work":78997,"median_ms":3.4494000000000002,"p95_ms":8.6928,"raw_samples_ms":[3.1947,5.1317,4.1754,3.7213,3.6437,4.3762,3.3124000000000002,3.1485,3.1742,3.1208,3.3439,4.7998,4.2151000000000005,5.3551,9.2236,3.6763,3.3989,4.1247,5.591900000000001,3.2535,3.6074,3.3252,3.1327,3.1041,3.1551,3.1847,3.4438,3.2296,3.4494000000000002,8.6928],"raw_work_samples":[78997,78997,78997,78997,78997,78997,78997,78997,78997,78997,78997,78997,78997,78997,78997,78997,78997,78997,78997,78997,78997,78997,78997,78997,78997,78997,78997,78997,78997,78997],"tree_rebalances":1966},"ungroup":{"maximum_sequence_depth":18,"maximum_work":84135,"median_ms":5.104100000000001,"p95_ms":11.3044,"raw_samples_ms":[4.8574,9.214,6.5154000000000005,4.8427,5.0124,4.9089,5.0172,5.0098,4.871,4.8968,11.3044,6.652500000000001,13.1449,7.1572,7.5965,5.831799999999999,5.0995,4.9807999999999995,6.8342,5.0815,5.6899999999999995,5.104100000000001,5.085100000000001,5.2766,5.001099999999999,5.1149000000000004,5.1266,4.8231,6.1231,4.9822],"raw_work_samples":[84135,84135,84135,84135,84135,84135,84135,84135,84135,84135,84135,84135,84135,84135,84135,84135,84135,84135,84135,84135,84135,84135,84135,84135,84135,84135,84135,84135,84135,84135],"tree_rebalances":1966}},"pattern":"multiple_runs","selection_count":1000,"warmups":10},{"exact_sibling_order_restored":true,"measured_iterations":30,"node_count":100000,"operations":{"group":{"maximum_sequence_depth":18,"maximum_work":269778,"median_ms":15.6119,"p95_ms":33.3423,"raw_samples_ms":[15.3065,15.373,15.2036,14.9796,18.497799999999998,15.589799999999999,15.3472,33.3423,18.102,31.158,28.783,33.4287,18.561899999999998,26.0852,15.4527,15.2834,15.121,15.507200000000001,15.6119,14.9956,25.1942,16.6696,15.728499999999999,15.085899999999999,15.523800000000001,15.203700000000001,15.625900000000001,18.7133,15.1468,15.966500000000002],"raw_work_samples":[269778,269778,269778,269778,269778,269778,269778,269778,269778,269778,269778,269778,269778,269778,269778,269778,269778,269778,269778,269778,269778,269778,269778,269778,269778,269778,269778,269778,269778,269778],"tree_rebalances":2950},"redo":{"maximum_sequence_depth":18,"maximum_work":118992,"median_ms":11.138399999999999,"p95_ms":26.630000000000003,"raw_samples_ms":[11.0997,10.960700000000001,11.001000000000001,10.795900000000001,11.4644,11.138399999999999,11.0165,22.822100000000002,22.9156,17.5876,24.1452,28.730900000000002,26.630000000000003,11.6642,11.674999999999999,10.6737,10.7232,10.8041,11.4361,21.0298,26.191,11.1479,10.744,11.0659,11.0501,10.8289,11.3355,11.0685,10.756,10.697999999999999],"raw_work_samples":[118992,118992,118992,118992,118992,118992,118992,118992,118992,118992,118992,118992,118992,118992,118992,118992,118992,118992,118992,118992,118992,118992,118992,118992,118992,118992,118992,118992,118992,118992],"tree_rebalances":2950},"undo":{"maximum_sequence_depth":18,"maximum_work":234206,"median_ms":10.3209,"p95_ms":25.303099999999997,"raw_samples_ms":[10.1071,10.0669,10.0009,9.8154,10.244299999999999,10.0623,9.9342,25.303099999999997,25.1511,26.5072,18.854300000000002,18.953500000000002,13.6672,14.217600000000001,10.444,10.2884,10.3514,10.2799,10.5191,9.9352,10.547799999999999,10.1895,10.296299999999999,10.4872,10.8924,10.3209,10.242700000000001,11.3285,10.264199999999999,10.1492],"raw_work_samples":[234206,234206,234206,234206,234206,234206,234206,234206,234206,234206,234206,234206,234206,234206,234206,234206,234206,234206,234206,234206,234206,234206,234206,234206,234206,234206,234206,234206,234206,234206],"tree_rebalances":6016},"ungroup":{"maximum_sequence_depth":18,"maximum_work":249247,"median_ms":14.567200000000001,"p95_ms":33.132799999999996,"raw_samples_ms":[14.640600000000001,14.505,14.2577,24.13,14.9558,14.4039,14.3359,23.8186,33.132799999999996,16.8107,29.11,26.9262,36.0161,15.2332,14.8567,14.2763,14.3834,14.567200000000001,14.3595,14.456999999999999,18.1724,14.523100000000001,14.0609,14.4092,14.2666,14.5938,22.4502,14.3838,14.2744,14.2939],"raw_work_samples":[249247,249247,249247,249247,249247,249247,249247,249247,249247,249247,249247,249247,249247,249247,249247,249247,249247,249247,249247,249247,249247,249247,249247,249247,249247,249247,249247,249247,249247,249247],"tree_rebalances":6016}},"pattern":"contiguous_front","selection_count":3000,"warmups":10},{"exact_sibling_order_restored":true,"measured_iterations":30,"node_count":100000,"operations":{"group":{"maximum_sequence_depth":18,"maximum_work":280464,"median_ms":19.5817,"p95_ms":37.930699999999995,"raw_samples_ms":[16.2847,16.4957,16.526699999999998,25.8456,15.974100000000002,37.930699999999995,22.6493,18.869400000000002,16.4053,16.4069,39.2199,30.0115,20.220599999999997,16.642899999999997,21.3513,16.8783,27.0534,27.197499999999998,18.6679,19.346700000000002,22.092299999999998,17.3708,32.5817,19.5817,16.453599999999998,24.4906,32.4616,25.8282,16.8509,16.8519],"raw_work_samples":[280464,280464,280464,280464,280464,280464,280464,280464,280464,280464,280464,280464,280464,280464,280464,280464,280464,280464,280464,280464,280464,280464,280464,280464,280464,280464,280464,280464,280464,280464],"tree_rebalances":2994},"redo":{"maximum_sequence_depth":18,"maximum_work":121510,"median_ms":14.164,"p95_ms":29.070800000000002,"raw_samples_ms":[21.9894,12.002600000000001,12.421899999999999,12.353299999999999,29.070800000000002,16.116,13.3727,12.5275,12.4598,17.215600000000002,20.2064,15.8365,13.3478,19.2295,13.0329,12.2603,16.5266,29.9295,12.5007,18.3403,21.2676,12.4209,15.745,12.035499999999999,12.3701,19.7194,20.143600000000003,14.164,12.3237,12.463999999999999],"raw_work_samples":[121510,121510,121510,121510,121510,121510,121510,121510,121510,121510,121510,121510,121510,121510,121510,121510,121510,121510,121510,121510,121510,121510,121510,121510,121510,121510,121510,121510,121510,121510],"tree_rebalances":2994},"undo":{"maximum_sequence_depth":18,"maximum_work":237921,"median_ms":11.7804,"p95_ms":24.3339,"raw_samples_ms":[10.661999999999999,10.7462,10.8735,11.035,14.8876,24.3339,13.188099999999999,11.0315,10.6698,11.3744,21.8524,11.7978,14.3908,11.3466,11.7804,10.8923,10.7119,17.994300000000003,11.0693,22.2989,18.1242,11.8413,26.2316,11.2811,10.8018,12.4947,18.624100000000002,17.894099999999998,11.4597,10.6825],"raw_work_samples":[237921,237921,237921,237921,237921,237921,237921,237921,237921,237921,237921,237921,237921,237921,237921,237921,237921,237921,237921,237921,237921,237921,237921,237921,237921,237921,237921,237921,237921,237921],"tree_rebalances":5992},"ungroup":{"maximum_sequence_depth":18,"maximum_work":252965,"median_ms":17.200400000000002,"p95_ms":37.598,"raw_samples_ms":[15.5611,15.3337,15.4474,15.566999999999998,37.598,17.200400000000002,20.5745,26.4068,15.6806,38.3695,26.0981,16.7565,15.86,36.4098,16.3884,15.7099,26.2902,18.0507,15.495999999999999,21.0595,25.113500000000002,18.5327,16.9538,15.8482,27.2852,31.0192,26.0459,16.996199999999998,15.559899999999999,15.369499999999999],"raw_work_samples":[252965,252965,252965,252965,252965,252965,252965,252965,252965,252965,252965,252965,252965,252965,252965,252965,252965,252965,252965,252965,252965,252965,252965,252965,252965,252965,252965,252965,252965,252965],"tree_rebalances":5992}},"pattern":"contiguous_middle","selection_count":3000,"warmups":10},{"exact_sibling_order_restored":true,"measured_iterations":30,"node_count":100000,"operations":{"group":{"maximum_sequence_depth":17,"maximum_work":276435,"median_ms":34.1316,"p95_ms":58.2738,"raw_samples_ms":[49.9722,34.9575,32.9451,32.4492,31.940900000000003,33.0165,35.623599999999996,33.7682,33.1621,58.2738,34.609300000000005,44.9674,33.5764,33.6867,37.652699999999996,37.7089,33.8988,33.7417,48.2155,31.895899999999997,46.8972,34.052600000000005,41.787400000000005,46.4284,64.02,33.2844,33.835499999999996,42.4098,34.1316,32.4127],"raw_work_samples":[276435,276435,276435,276435,276435,276435,276435,276435,276435,276435,276435,276435,276435,276435,276435,276435,276435,276435,276435,276435,276435,276435,276435,276435,276435,276435,276435,276435,276435,276435],"tree_rebalances":0},"redo":{"maximum_sequence_depth":17,"maximum_work":126270,"median_ms":30.736800000000002,"p95_ms":39.8298,"raw_samples_ms":[39.137499999999996,32.3938,25.5571,25.3071,30.736800000000002,25.786099999999998,28.4954,25.529,31.941499999999998,32.0021,25.9099,25.826600000000003,33.427,39.8298,37.0416,32.0912,40.758,25.2945,30.324,24.5342,35.6533,33.4981,27.7196,34.1578,34.2919,33.9162,28.1514,25.5089,25.619300000000003,24.5625],"raw_work_samples":[126270,126270,126270,126270,126270,126270,126270,126270,126270,126270,126270,126270,126270,126270,126270,126270,126270,126270,126270,126270,126270,126270,126270,126270,126270,126270,126270,126270,126270,126270],"tree_rebalances":0},"undo":{"maximum_sequence_depth":17,"maximum_work":199071,"median_ms":23.292299999999997,"p95_ms":38.744099999999996,"raw_samples_ms":[25.723,22.5365,22.7423,22.264200000000002,29.3678,21.8721,26.098799999999997,22.865099999999998,22.103,25.2825,22.316300000000002,36.2888,23.7958,27.8014,34.1013,24.3855,38.744099999999996,22.8599,23.2233,22.554399999999998,34.6143,22.6412,29.6801,33.4044,41.0218,22.8551,23.292299999999997,23.0075,22.3262,22.4899],"raw_work_samples":[199071,199071,199071,199071,199071,199071,199071,199071,199071,199071,199071,199071,199071,199071,199071,199071,199071,199071,199071,199071,199071,199071,199071,199071,199071,199071,199071,199071,199071,199071],"tree_rebalances":204},"ungroup":{"maximum_sequence_depth":17,"maximum_work":260184,"median_ms":33.2817,"p95_ms":51.6794,"raw_samples_ms":[34.906600000000005,30.9005,31.265500000000003,30.829900000000002,31.6185,31.3869,33.0265,31.516000000000002,58.1221,39.022800000000004,31.298600000000004,30.7916,30.0963,46.8326,51.6794,31.9609,34.160000000000004,40.607499999999995,32.1525,41.5205,33.3882,39.0466,44.3502,49.2287,32.417,33.2817,43.9424,31.319399999999998,30.9994,37.1889],"raw_work_samples":[260184,260184,260184,260184,260184,260184,260184,260184,260184,260184,260184,260184,260184,260184,260184,260184,260184,260184,260184,260184,260184,260184,260184,260184,260184,260184,260184,260184,260184,260184],"tree_rebalances":204}},"pattern":"uniform","selection_count":3000,"warmups":10},{"exact_sibling_order_restored":true,"measured_iterations":30,"node_count":100000,"operations":{"group":{"maximum_sequence_depth":18,"maximum_work":277037,"median_ms":39.8161,"p95_ms":53.2586,"raw_samples_ms":[51.7004,39.9802,42.8269,53.2586,44.2233,41.8489,36.5039,36.0308,49.9775,36.3312,31.3108,31.301299999999998,32.2952,31.442199999999996,39.6102,44.8289,43.3871,46.1072,53.2629,49.5906,39.112300000000005,30.627200000000002,31.634299999999996,39.8161,37.3803,49.926199999999994,44.3786,31.281200000000002,30.8015,39.2899],"raw_work_samples":[277037,277037,277037,277037,277037,277037,277037,277037,277037,277037,277037,277037,277037,277037,277037,277037,277037,277037,277037,277037,277037,277037,277037,277037,277037,277037,277037,277037,277037,277037],"tree_rebalances":30},"redo":{"maximum_sequence_depth":18,"maximum_work":126496,"median_ms":29.233800000000002,"p95_ms":41.5346,"raw_samples_ms":[29.233800000000002,33.508,28.533800000000003,36.7295,30.8568,32.7956,26.2821,32.003099999999996,26.2741,33.645300000000006,24.3621,24.2528,23.9294,32.8449,33.702200000000005,25.4726,42.8898,26.1835,34.225,23.9264,24.3162,41.5346,24.4559,27.1461,40.1787,30.171799999999998,36.3054,23.9952,24.4896,24.127699999999997],"raw_work_samples":[126496,126496,126496,126496,126496,126496,126496,126496,126496,126496,126496,126496,126496,126496,126496,126496,126496,126496,126496,126496,126496,126496,126496,126496,126496,126496,126496,126496,126496,126496],"tree_rebalances":30},"undo":{"maximum_sequence_depth":18,"maximum_work":200627,"median_ms":23.9041,"p95_ms":35.0812,"raw_samples_ms":[23.4309,28.188299999999998,21.6187,32.035399999999996,25.4967,21.581300000000002,30.7728,29.8962,35.0812,37.1549,21.5805,21.4981,22.7327,26.147299999999998,22.136200000000002,26.66,21.461399999999998,23.9041,30.578999999999997,22.521800000000002,21.387900000000002,25.4099,21.1771,28.316399999999998,21.781499999999998,33.1507,29.4892,21.7453,21.3856,21.8292],"raw_work_samples":[200627,200627,200627,200627,200627,200627,200627,200627,200627,200627,200627,200627,200627,200627,200627,200627,200627,200627,200627,200627,200627,200627,200627,200627,200627,200627,200627,200627,200627,200627],"tree_rebalances":494},"ungroup":{"maximum_sequence_depth":18,"maximum_work":260150,"median_ms":36.1393,"p95_ms":54.896800000000006,"raw_samples_ms":[45.219,42.4292,35.545300000000005,44.6018,36.788000000000004,30.5358,30.775299999999998,39.0544,30.531599999999997,30.9913,37.546499999999995,29.7051,28.0944,35.550900000000006,32.279,52.4002,59.677800000000005,50.8668,54.896800000000006,38.7387,28.822899999999997,30.451099999999997,35.663599999999995,36.1393,44.7832,41.0304,34.0542,29.7734,47.0307,34.2451],"raw_work_samples":[260150,260150,260150,260150,260150,260150,260150,260150,260150,260150,260150,260150,260150,260150,260150,260150,260150,260150,260150,260150,260150,260150,260150,260150,260150,260150,260150,260150,260150,260150],"tree_rebalances":494}},"pattern":"random_seed_0x5eed","selection_count":3000,"warmups":10},{"exact_sibling_order_restored":true,"measured_iterations":30,"node_count":100000,"operations":{"group":{"maximum_sequence_depth":18,"maximum_work":282346,"median_ms":18.1846,"p95_ms":31.2354,"raw_samples_ms":[24.3822,18.0541,17.5523,25.7088,31.2354,17.8648,26.8711,24.4744,21.9346,18.033,17.9764,17.4677,22.2498,31.6243,17.396700000000003,17.6795,18.1264,19.3922,20.4983,18.2456,17.8549,17.65,17.596799999999998,19.1218,18.1846,18.237099999999998,18.2797,18.164900000000003,17.566200000000002,17.3117],"raw_work_samples":[282346,282346,282346,282346,282346,282346,282346,282346,282346,282346,282346,282346,282346,282346,282346,282346,282346,282346,282346,282346,282346,282346,282346,282346,282346,282346,282346,282346,282346,282346],"tree_rebalances":2956},"redo":{"maximum_sequence_depth":18,"maximum_work":125580,"median_ms":13.5535,"p95_ms":18.157300000000003,"raw_samples_ms":[14.195400000000001,13.0504,13.6697,13.5535,13.5327,14.2649,29.062,17.505699999999997,13.288599999999999,13.5408,13.025699999999999,18.157300000000003,14.1262,14.2431,13.145199999999999,13.072500000000002,13.7396,14.8034,14.5065,13.3015,13.493500000000001,13.3995,13.5127,13.7615,14.9895,13.359599999999999,13.6533,13.3057,13.207,12.162600000000001],"raw_work_samples":[125580,125580,125580,125580,125580,125580,125580,125580,125580,125580,125580,125580,125580,125580,125580,125580,125580,125580,125580,125580,125580,125580,125580,125580,125580,125580,125580,125580,125580,125580],"tree_rebalances":2956},"undo":{"maximum_sequence_depth":18,"maximum_work":237196,"median_ms":12.1687,"p95_ms":17.6598,"raw_samples_ms":[13.2742,12.0195,13.4762,11.9215,11.6014,15.6705,11.6784,27.6344,13.1373,11.7176,12.1687,11.7771,13.7366,17.6598,12.1653,11.5706,12.1997,12.3748,13.521,11.8887,11.844999999999999,12.7126,11.558900000000001,13.2713,12.3759,12.0939,12.0426,11.9082,12.4858,11.514399999999998],"raw_work_samples":[237196,237196,237196,237196,237196,237196,237196,237196,237196,237196,237196,237196,237196,237196,237196,237196,237196,237196,237196,237196,237196,237196,237196,237196,237196,237196,237196,237196,237196,237196],"tree_rebalances":5950},"ungroup":{"maximum_sequence_depth":18,"maximum_work":252328,"median_ms":16.512700000000002,"p95_ms":32.1132,"raw_samples_ms":[16.813499999999998,16.3504,16.4238,20.2727,16.275399999999998,16.228099999999998,32.1132,26.9958,16.4424,16.473100000000002,16.160999999999998,36.8497,18.2872,19.0833,16.4468,16.4814,17.6348,20.154,16.2567,18.8641,16.779,16.209,16.4556,22.9356,23.7974,16.512700000000002,16.2535,16.7364,16.2788,15.4739],"raw_work_samples":[252328,252328,252328,252328,252328,252328,252328,252328,252328,252328,252328,252328,252328,252328,252328,252328,252328,252328,252328,252328,252328,252328,252328,252328,252328,252328,252328,252328,252328,252328],"tree_rebalances":5950}},"pattern":"multiple_runs","selection_count":3000,"warmups":10},{"exact_sibling_order_restored":true,"measured_iterations":30,"node_count":100000,"operations":{"group":{"maximum_sequence_depth":18,"maximum_work":901181,"median_ms":69.5369,"p95_ms":102.76979999999999,"raw_samples_ms":[58.907599999999995,62.615,71.9095,76.0662,66.0466,58.651799999999994,57.7192,59.4573,102.76979999999999,64.2864,71.8631,100.3241,58.168200000000006,81.21390000000001,60.945,71.5269,106.2955,84.1686,67.1034,69.5369,68.1011,57.4859,57.4795,101.2127,57.4041,78.5693,69.5669,71.2522,89.298,58.0467],"raw_work_samples":[901181,901181,901181,901181,901181,901181,901181,901181,901181,901181,901181,901181,901181,901181,901181,901181,901181,901181,901181,901181,901181,901181,901181,901181,901181,901181,901181,901181,901181,901181],"tree_rebalances":9978},"redo":{"maximum_sequence_depth":18,"maximum_work":391790,"median_ms":51.9918,"p95_ms":93.7952,"raw_samples_ms":[43.0803,43.185,44.229499999999994,48.6045,51.191300000000005,46.2597,61.3731,60.8362,43.6602,50.388799999999996,53.2305,75.1145,45.9778,65.9122,42.8807,64.6021,45.220299999999995,93.7952,42.9711,43.7376,64.54459999999999,44.31,56.9551,52.5072,51.9918,53.936499999999995,44.415499999999994,86.3873,56.144600000000004,103.9606],"raw_work_samples":[391790,391790,391790,391790,391790,391790,391790,391790,391790,391790,391790,391790,391790,391790,391790,391790,391790,391790,391790,391790,391790,391790,391790,391790,391790,391790,391790,391790,391790,391790],"tree_rebalances":9978},"undo":{"maximum_sequence_depth":18,"maximum_work":800338,"median_ms":39.119800000000005,"p95_ms":71.31790000000001,"raw_samples_ms":[37.835100000000004,37.359700000000004,38.3785,48.8725,39.119800000000005,37.116299999999995,37.1837,37.1835,49.3807,36.9045,37.955200000000005,71.31790000000001,37.156099999999995,38.4563,38.913700000000006,58.757799999999996,42.5139,87.2564,37.723800000000004,37.1913,56.3932,55.7656,65.54790000000001,40.0435,44.156,43.9545,38.0461,50.1488,39.049,59.477599999999995],"raw_work_samples":[800338,800338,800338,800338,800338,800338,800338,800338,800338,800338,800338,800338,800338,800338,800338,800338,800338,800338,800338,800338,800338,800338,800338,800338,800338,800338,800338,800338,800338,800338],"tree_rebalances":20906},"ungroup":{"maximum_sequence_depth":18,"maximum_work":850379,"median_ms":70.373,"p95_ms":92.0144,"raw_samples_ms":[71.7341,52.4664,64.4514,75.6932,71.9859,73.3839,83.8425,89.3142,56.618700000000004,53.788500000000006,78.91810000000001,53.7004,86.075,79.8824,52.9199,70.373,52.3579,83.65010000000001,52.5447,52.9247,57.9914,52.281099999999995,61.703300000000006,52.631699999999995,77.6374,108.1381,64.32469999999999,92.0144,58.8041,90.1242],"raw_work_samples":[850379,850379,850379,850379,850379,850379,850379,850379,850379,850379,850379,850379,850379,850379,850379,850379,850379,850379,850379,850379,850379,850379,850379,850379,850379,850379,850379,850379,850379,850379],"tree_rebalances":20906}},"pattern":"contiguous_front","selection_count":10000,"warmups":10},{"exact_sibling_order_restored":true,"measured_iterations":30,"node_count":100000,"operations":{"group":{"maximum_sequence_depth":18,"maximum_work":928795,"median_ms":66.16959999999999,"p95_ms":103.2298,"raw_samples_ms":[58.09,65.7521,103.2298,57.6997,122.3257,57.9615,86.9323,102.4399,68.3327,67.9649,66.65050000000001,57.9673,81.1484,57.7582,57.9461,70.6802,69.3007,65.64739999999999,57.8826,68.7753,98.7333,67.9711,58.524899999999995,66.0438,64.21010000000001,61.9016,60.3269,66.16959999999999,95.91199999999999,65.3171],"raw_work_samples":[928795,928795,928795,928795,928795,928795,928795,928795,928795,928795,928795,928795,928795,928795,928795,928795,928795,928795,928795,928795,928795,928795,928795,928795,928795,928795,928795,928795,928795,928795],"tree_rebalances":9992},"redo":{"maximum_sequence_depth":18,"maximum_work":398132,"median_ms":49.738,"p95_ms":81.8841,"raw_samples_ms":[49.720800000000004,61.8382,42.090799999999994,68.6359,55.957100000000004,52.2612,59.790099999999995,52.8523,47.5158,52.5626,42.4114,67.8403,83.0215,42.0817,49.738,81.8841,44.645900000000005,42.2607,59.235299999999995,42.1126,49.664899999999996,41.8379,42.5669,42.072199999999995,55.8772,43.058,42.4164,59.261599999999994,54.580999999999996,42.8909],"raw_work_samples":[398132,398132,398132,398132,398132,398132,398132,398132,398132,398132,398132,398132,398132,398132,398132,398132,398132,398132,398132,398132,398132,398132,398132,398132,398132,398132,398132,398132,398132,398132],"tree_rebalances":9992},"undo":{"maximum_sequence_depth":18,"maximum_work":791982,"median_ms":46.5419,"p95_ms":59.7606,"raw_samples_ms":[41.7489,50.8592,39.8956,53.2076,40.700399999999995,38.5999,46.5419,53.9803,39.7632,49.19,38.0914,38.8427,42.6757,38.4454,59.7606,41.2846,56.4698,38.4553,41.9825,38.2831,56.893899999999995,38.6334,47.891200000000005,42.8679,47.0241,51.2314,50.5814,54.42700000000001,51.3442,67.1447],"raw_work_samples":[791982,791982,791982,791982,791982,791982,791982,791982,791982,791982,791982,791982,791982,791982,791982,791982,791982,791982,791982,791982,791982,791982,791982,791982,791982,791982,791982,791982,791982,791982],"tree_rebalances":19990},"ungroup":{"maximum_sequence_depth":18,"maximum_work":842023,"median_ms":66.5045,"p95_ms":108.7998,"raw_samples_ms":[73.3489,83.3174,54.5035,98.2246,66.5045,61.884,58.2723,55.4669,54.152699999999996,85.397,55.0421,99.9749,59.6188,54.512299999999996,81.47500000000001,75.93690000000001,100.5751,54.5424,108.7998,68.0565,55.1839,83.7169,63.6554,112.8575,55.324999999999996,54.2992,56.287,71.4578,62.1595,77.8331],"raw_work_samples":[842023,842023,842023,842023,842023,842023,842023,842023,842023,842023,842023,842023,842023,842023,842023,842023,842023,842023,842023,842023,842023,842023,842023,842023,842023,842023,842023,842023,842023,842023],"tree_rebalances":19990}},"pattern":"contiguous_middle","selection_count":10000,"warmups":10},{"exact_sibling_order_restored":true,"measured_iterations":30,"node_count":100000,"operations":{"group":{"maximum_sequence_depth":17,"maximum_work":921254,"median_ms":112.19550000000001,"p95_ms":143.9737,"raw_samples_ms":[123.7984,92.8863,102.4843,124.7727,126.28600000000002,123.511,119.96260000000001,117.4115,139.0977,91.56540000000001,90.9856,119.8434,94.37230000000001,143.9737,100.1524,90.4541,90.8268,163.2353,131.7112,109.7572,99.021,92.844,92.7247,99.563,133.2689,112.9287,142.8218,112.19550000000001,93.6757,100.6784],"raw_work_samples":[921254,921254,921254,921254,921254,921254,921254,921254,921254,921254,921254,921254,921254,921254,921254,921254,921254,921254,921254,921254,921254,921254,921254,921254,921254,921254,921254,921254,921254,921254],"tree_rebalances":0},"redo":{"maximum_sequence_depth":17,"maximum_work":420742,"median_ms":83.9519,"p95_ms":107.6939,"raw_samples_ms":[69.70179999999999,104.4425,69.9301,76.5034,79.5136,69.19640000000001,105.7269,93.1169,93.4969,107.6939,68.6078,68.9222,96.973,77.4121,89.9412,68.16460000000001,78.9856,69.9469,78.5964,103.332,95.28880000000001,75.6796,83.9519,80.40990000000001,93.20240000000001,106.02720000000001,90.2684,120.60510000000001,77.0816,86.9648],"raw_work_samples":[420742,420742,420742,420742,420742,420742,420742,420742,420742,420742,420742,420742,420742,420742,420742,420742,420742,420742,420742,420742,420742,420742,420742,420742,420742,420742,420742,420742,420742,420742],"tree_rebalances":0},"undo":{"maximum_sequence_depth":17,"maximum_work":663431,"median_ms":71.2171,"p95_ms":92.69810000000001,"raw_samples_ms":[70.1919,70.4062,68.7857,58.4796,62.1099,78.85040000000001,72.2862,91.4237,98.6546,82.9705,58.047399999999996,59.0969,81.6891,80.6076,65.1865,57.599,57.6937,65.0908,72.8053,74.54570000000001,77.2249,62.3433,60.7907,57.6922,77.2676,92.69810000000001,75.2156,86.88419999999999,62.9074,71.2171],"raw_work_samples":[663431,663431,663431,663431,663431,663431,663431,663431,663431,663431,663431,663431,663431,663431,663431,663431,663431,663431,663431,663431,663431,663431,663431,663431,663431,663431,663431,663431,663431,663431],"tree_rebalances":676},"ungroup":{"maximum_sequence_depth":17,"maximum_work":866933,"median_ms":95.1931,"p95_ms":147.0486,"raw_samples_ms":[112.2759,147.0486,123.42160000000001,100.8392,83.6374,86.7158,105.8155,101.6358,86.6273,84.2253,104.7974,88.28179999999999,116.5587,104.61330000000001,84.43939999999999,81.603,156.0881,95.1931,83.60140000000001,93.04469999999999,93.8906,114.0264,89.559,139.21890000000002,86.0429,112.2186,91.8891,114.97319999999999,82.7568,83.7835],"raw_work_samples":[866933,866933,866933,866933,866933,866933,866933,866933,866933,866933,866933,866933,866933,866933,866933,866933,866933,866933,866933,866933,866933,866933,866933,866933,866933,866933,866933,866933,866933,866933],"tree_rebalances":676}},"pattern":"uniform","selection_count":10000,"warmups":10},{"exact_sibling_order_restored":true,"measured_iterations":30,"node_count":100000,"operations":{"group":{"maximum_sequence_depth":18,"maximum_work":923824,"median_ms":122.1363,"p95_ms":152.494,"raw_samples_ms":[108.5206,92.8306,122.1363,147.6006,93.0262,91.1781,92.3591,180.23600000000002,145.37210000000002,112.9931,147.2578,152.494,96.1484,134.31689999999998,141.55980000000002,119.50040000000001,101.514,106.55770000000001,105.4158,124.6321,123.02059999999999,126.22739999999999,99.3587,91.4378,106.0021,134.91400000000002,127.03829999999999,127.3792,90.3849,138.2826],"raw_work_samples":[923824,923824,923824,923824,923824,923824,923824,923824,923824,923824,923824,923824,923824,923824,923824,923824,923824,923824,923824,923824,923824,923824,923824,923824,923824,923824,923824,923824,923824,923824],"tree_rebalances":328},"redo":{"maximum_sequence_depth":18,"maximum_work":421748,"median_ms":80.773,"p95_ms":130.5985,"raw_samples_ms":[70.5856,68.0222,105.6481,75.062,79.2414,113.63719999999999,101.67099999999999,102.95899999999999,69.4679,80.773,144.5078,130.5985,116.45089999999999,100.2182,95.1099,69.3125,72.3503,77.6364,87.92800000000001,90.1494,78.1701,114.8343,68.5661,67.91369999999999,79.77090000000001,74.8708,73.7889,70.2073,86.4782,96.5084],"raw_work_samples":[421748,421748,421748,421748,421748,421748,421748,421748,421748,421748,421748,421748,421748,421748,421748,421748,421748,421748,421748,421748,421748,421748,421748,421748,421748,421748,421748,421748,421748,421748],"tree_rebalances":328},"undo":{"maximum_sequence_depth":18,"maximum_work":675515,"median_ms":68.40440000000001,"p95_ms":87.9859,"raw_samples_ms":[70.61330000000001,57.6179,66.5906,84.7326,58.2872,78.1364,70.1146,65.0945,73.8536,65.5188,83.7766,77.78699999999999,72.9813,77.512,73.1671,58.40710000000001,62.0933,72.9574,88.1528,57.7855,66.2838,87.9859,57.2562,60.8414,57.933699999999995,59.785,68.40440000000001,58.8806,64.7319,76.2206],"raw_work_samples":[675515,675515,675515,675515,675515,675515,675515,675515,675515,675515,675515,675515,675515,675515,675515,675515,675515,675515,675515,675515,675515,675515,675515,675515,675515,675515,675515,675515,675515,675515],"tree_rebalances":2956},"ungroup":{"maximum_sequence_depth":18,"maximum_work":863328,"median_ms":101.8719,"p95_ms":135.35440000000003,"raw_samples_ms":[89.6166,81.459,142.6962,81.7335,82.6615,122.8171,99.2973,88.144,112.7098,114.915,135.35440000000003,102.2511,87.18599999999999,101.8719,132.0629,85.1706,102.5361,107.8071,109.5183,115.4491,106.2239,87.2067,83.6239,87.2509,118.8467,98.9535,119.8022,92.6524,97.9758,94.3898],"raw_work_samples":[863328,863328,863328,863328,863328,863328,863328,863328,863328,863328,863328,863328,863328,863328,863328,863328,863328,863328,863328,863328,863328,863328,863328,863328,863328,863328,863328,863328,863328,863328],"tree_rebalances":2956}},"pattern":"random_seed_0x5eed","selection_count":10000,"warmups":10},{"exact_sibling_order_restored":true,"measured_iterations":30,"node_count":100000,"operations":{"group":{"maximum_sequence_depth":18,"maximum_work":933381,"median_ms":64.27090000000001,"p95_ms":89.74369999999999,"raw_samples_ms":[70.1267,86.0605,62.6795,67.7534,63.109899999999996,56.3755,64.4236,62.8143,67.2199,56.2309,56.3228,62.9804,56.9386,54.4891,72.4426,64.2182,89.74369999999999,68.7401,61.606899999999996,60.8429,60.8427,69.8382,80.7687,59.4483,65.3875,95.8728,80.24470000000001,75.50919999999999,59.4465,64.27090000000001],"raw_work_samples":[933381,933381,933381,933381,933381,933381,933381,933381,933381,933381,933381,933381,933381,933381,933381,933381,933381,933381,933381,933381,933381,933381,933381,933381,933381,933381,933381,933381,933381,933381],"tree_rebalances":9946},"redo":{"maximum_sequence_depth":18,"maximum_work":410162,"median_ms":46.157700000000006,"p95_ms":72.965,"raw_samples_ms":[48.463899999999995,63.038,50.8623,45.176500000000004,42.3076,42.9609,40.8444,42.1707,48.1096,45.3222,41.9659,41.9336,43.177800000000005,56.1413,40.8624,69.0885,61.191500000000005,46.157700000000006,46.7098,45.6313,42.2397,44.1018,44.452,72.2219,46.398599999999995,81.1374,57.750099999999996,45.2969,65.4021,72.965],"raw_work_samples":[410162,410162,410162,410162,410162,410162,410162,410162,410162,410162,410162,410162,410162,410162,410162,410162,410162,410162,410162,410162,410162,410162,410162,410162,410162,410162,410162,410162,410162,410162],"tree_rebalances":9946},"undo":{"maximum_sequence_depth":18,"maximum_work":789718,"median_ms":42.710699999999996,"p95_ms":78.75,"raw_samples_ms":[43.562200000000004,48.2672,43.994699999999995,44.1191,37.0379,39.5321,42.1338,40.462900000000005,37.0071,42.710699999999996,36.545500000000004,43.4953,47.9984,50.6996,35.1594,35.4649,68.3322,39.5367,47.3311,39.9955,41.641799999999996,39.30970000000001,38.7654,92.03989999999999,71.44069999999999,78.75,38.7097,46.538999999999994,38.6695,48.8932],"raw_work_samples":[789718,789718,789718,789718,789718,789718,789718,789718,789718,789718,789718,789718,789718,789718,789718,789718,789718,789718,789718,789718,789718,789718,789718,789718,789718,789718,789718,789718,789718,789718],"tree_rebalances":19940},"ungroup":{"maximum_sequence_depth":18,"maximum_work":839841,"median_ms":58.853500000000004,"p95_ms":94.1501,"raw_samples_ms":[65.09779999999999,56.251799999999996,58.853500000000004,53.4404,51.391600000000004,54.540400000000005,57.7921,51.1775,51.1381,51.6758,51.1613,52.2788,50.9898,87.1765,50.2765,77.0689,71.30069999999999,62.6824,56.3469,69.3719,57.9191,73.9475,61.4199,94.1501,105.0821,79.79310000000001,80.1009,53.6507,62.6208,76.3083],"raw_work_samples":[839841,839841,839841,839841,839841,839841,839841,839841,839841,839841,839841,839841,839841,839841,839841,839841,839841,839841,839841,839841,839841,839841,839841,839841,839841,839841,839841,839841,839841,839841],"tree_rebalances":19940}},"pattern":"multiple_runs","selection_count":10000,"warmups":10}],"phase":"0E-R3","started_at_utc":"SystemTime { intervals: 134308983388656324 }","thresholds":[{"limit":2.0,"name":"work_per_k_10000_contiguous_front","passed":true,"value":0.9673578452330055},{"limit":15.0,"name":"x10_work_10000_contiguous_front","passed":true,"value":9.942218121100272},{"limit":2.0,"name":"work_per_k_10000_contiguous_middle","passed":true,"value":0.9578488852188274},{"limit":15.0,"name":"x10_work_10000_contiguous_middle","passed":true,"value":9.777922953721655},{"limit":2.0,"name":"work_per_k_10000_uniform","passed":true,"value":0.9714273540690244},{"limit":15.0,"name":"x10_work_10000_uniform","passed":true,"value":9.902449617790133},{"limit":2.0,"name":"work_per_k_10000_random_seed_0x5eed","passed":true,"value":0.975388865278368},{"limit":15.0,"name":"x10_work_10000_random_seed_0x5eed","passed":true,"value":9.932444713723115},{"limit":2.0,"name":"work_per_k_10000_multiple_runs","passed":true,"value":0.9921531914893618},{"limit":15.0,"name":"x10_work_10000_multiple_runs","passed":true,"value":9.813789039481438},{"limit":2.0,"name":"work_per_k_100000_contiguous_front","passed":true,"value":0.9416335078534032},{"limit":15.0,"name":"x10_work_100000_contiguous_front","passed":true,"value":9.841602218006713},{"limit":2.0,"name":"work_per_k_100000_contiguous_middle","passed":true,"value":0.9591792065663475},{"limit":15.0,"name":"x10_work_100000_contiguous_middle","passed":true,"value":9.795131491635525},{"limit":2.0,"name":"work_per_k_100000_uniform","passed":true,"value":0.9802659574468084},{"limit":15.0,"name":"x10_work_100000_uniform","passed":true,"value":9.979963175565905},{"limit":2.0,"name":"work_per_k_100000_random_seed_0x5eed","passed":true,"value":0.9806619469026548},{"limit":15.0,"name":"x10_work_100000_random_seed_0x5eed","passed":true,"value":10.004947634525099},{"limit":2.0,"name":"work_per_k_100000_multiple_runs","passed":true,"value":1.007299322154834},{"limit":15.0,"name":"x10_work_100000_multiple_runs","passed":true,"value":9.864649570260639},{"limit":1.35,"name":"n_ratio_3_contiguous_front","passed":true,"value":1.1921708185053381},{"limit":1.35,"name":"n_ratio_3_contiguous_middle","passed":true,"value":1.1928571428571428},{"limit":1.35,"name":"n_ratio_3_uniform","passed":true,"value":1.2334630350194553},{"limit":1.35,"name":"n_ratio_3_random_seed_0x5eed","passed":true,"value":1.2408759124087592},{"limit":1.35,"name":"n_ratio_3_multiple_runs","passed":true,"value":1.2666666666666666},{"limit":1.35,"name":"n_ratio_30_contiguous_front","passed":true,"value":1.2248824283882},{"limit":1.35,"name":"n_ratio_30_contiguous_middle","passed":true,"value":1.2072667217175888},{"limit":1.35,"name":"n_ratio_30_uniform","passed":true,"value":1.2015338730293992},{"limit":1.35,"name":"n_ratio_30_random_seed_0x5eed","passed":true,"value":1.2005949851253719},{"limit":1.35,"name":"n_ratio_30_multiple_runs","passed":true,"value":1.1927659574468086},{"limit":1.35,"name":"n_ratio_100_contiguous_front","passed":true,"value":1.200909090909091},{"limit":1.35,"name":"n_ratio_100_contiguous_middle","passed":true,"value":1.211702661978905},{"limit":1.35,"name":"n_ratio_100_uniform","passed":true,"value":1.202618615504278},{"limit":1.35,"name":"n_ratio_100_random_seed_0x5eed","passed":true,"value":1.197514884804556},{"limit":1.35,"name":"n_ratio_100_multiple_runs","passed":true,"value":1.2144134934832609},{"limit":1.35,"name":"n_ratio_300_contiguous_front","passed":true,"value":1.2044995166534844},{"limit":1.35,"name":"n_ratio_300_contiguous_middle","passed":true,"value":1.206819522886285},{"limit":1.35,"name":"n_ratio_300_uniform","passed":true,"value":1.2030489923558025},{"limit":1.35,"name":"n_ratio_300_random_seed_0x5eed","passed":true,"value":1.198338165923746},{"limit":1.35,"name":"n_ratio_300_multiple_runs","passed":true,"value":1.2047310379661587},{"limit":1.35,"name":"n_ratio_1000_contiguous_front","passed":true,"value":1.2533145948239288},{"limit":1.35,"name":"n_ratio_1000_contiguous_middle","passed":true,"value":1.2105438387563545},{"limit":1.35,"name":"n_ratio_1000_uniform","passed":true,"value":1.202133486346209},{"limit":1.35,"name":"n_ratio_1000_random_seed_0x5eed","passed":true,"value":1.2057908496732026},{"limit":1.35,"name":"n_ratio_1000_multiple_runs","passed":true,"value":1.1984230114173973},{"limit":1.35,"name":"n_ratio_3000_contiguous_front","passed":true,"value":1.1923099021059378},{"limit":1.35,"name":"n_ratio_3000_contiguous_middle","passed":true,"value":1.208943450392472},{"limit":1.35,"name":"n_ratio_3000_uniform","passed":true,"value":1.2124661175294087},{"limit":1.35,"name":"n_ratio_3000_random_seed_0x5eed","passed":true,"value":1.2070855609148226},{"limit":1.35,"name":"n_ratio_3000_multiple_runs","passed":true,"value":1.210974626430373},{"limit":1.35,"name":"n_ratio_10000_contiguous_front","passed":true,"value":1.2733994915903275},{"limit":1.35,"name":"n_ratio_10000_contiguous_middle","passed":true,"value":1.3124190154826147},{"limit":1.35,"name":"n_ratio_10000_uniform","passed":true,"value":1.3017633252649086},{"limit":1.35,"name":"n_ratio_10000_random_seed_0x5eed","passed":true,"value":1.3053948229256307},{"limit":1.35,"name":"n_ratio_10000_multiple_runs","passed":true,"value":1.3188991899075453}]}
test phase0e_r3_native_release_complexity_matrix ... ok

test result: ok. 1 passed; 0 failed; 0 ignored; 0 measured; 0 filtered out; finished in 208.19s

exit_code=0
finished_at_utc=2026-08-11T05:09:07.1470592Z
