Phase 0E-R3 Native EngineHost output
command=powershell -NoProfile -ExecutionPolicy Bypass -File tools/cargo.ps1 test --release -p visual_authoring_wasm_bridge phase0e_r3_native_engine_host_complexity_matrix -- --nocapture
work_unit_formula=max(entries_examined,rank_order_comparisons)+entries_copied+entries_moved_or_shifted+nodes_allocated+ceil(allocated_bytes/8)+tree_rebalances+fallback/full-scan/full-copy/dense-rewrite counters
started_at_utc=2026-08-11T07:15:52.2879201Z
   Compiling visual_authoring_document v0.1.0 (C:\Users\thdwl\Documents\Codex\WebEditor\crates\document)
   Compiling visual_authoring_spatial v0.1.0 (C:\Users\thdwl\Documents\Codex\WebEditor\crates\spatial)
   Compiling visual_authoring_serialization v0.1.0 (C:\Users\thdwl\Documents\Codex\WebEditor\crates\serialization)
   Compiling visual_authoring_scene v0.1.0 (C:\Users\thdwl\Documents\Codex\WebEditor\crates\scene)
   Compiling visual_authoring_render_model v0.1.0 (C:\Users\thdwl\Documents\Codex\WebEditor\crates\render_model)
   Compiling visual_authoring_runtime v0.1.0 (C:\Users\thdwl\Documents\Codex\WebEditor\crates\runtime)
   Compiling visual_authoring_wasm_bridge v0.1.0 (C:\Users\thdwl\Documents\Codex\WebEditor\crates\wasm_bridge)
    Finished `release` profile [optimized] target(s) in 20.01s
     Running unittests src\lib.rs (target\release\deps\visual_authoring_wasm_bridge-d4aaf128ad5884ac.exe)

running 1 test
test tests::phase0e_r3_native_engine_host_complexity_matrix has been running for over 60 seconds
PHASE0E_R3_ENGINE_HOST_MATRIX_JSON={"all_passed":true,"command":"cargo test --release -p visual_authoring_wasm_bridge phase0e_r3_native_engine_host_complexity_matrix -- --nocapture","finished_at_utc":"SystemTime { intervals: 134309067030685413 }","fixture_creation_and_load_excluded":true,"layer":"native-engine-host","matrix":[{"exact_sibling_order_restored":true,"measured_iterations":30,"node_count":10000,"operations":{"group":{"maximum_sequence_depth":14,"maximum_work":313,"median_ms":0.28919999999999996,"p95_ms":0.7177,"raw_samples_ms":[0.2623,0.3032,0.26689999999999997,0.2655,0.2641,0.2639,0.26990000000000003,0.26420000000000005,0.26439999999999997,0.26239999999999997,0.2636,0.2632,0.26289999999999997,0.2632,0.2646,0.2807,0.7177,0.6956,0.6821,0.6843,0.6976,0.6845,0.7016,0.727,0.6907000000000001,0.6842,0.4724,0.28919999999999996,0.2919,0.3442],"raw_work_samples":[313,313,313,313,313,313,313,313,313,313,313,313,313,313,313,313,313,313,313,313,313,313,313,313,313,313,313,313,313,313],"tree_rebalances":2},"redo":{"maximum_sequence_depth":14,"maximum_work":264,"median_ms":0.2671,"p95_ms":0.6797,"raw_samples_ms":[0.244,0.2491,0.2544,0.2543,0.2545,0.2546,0.2436,0.244,0.2431,0.244,0.2428,0.24330000000000002,0.2428,0.24600000000000002,0.24439999999999998,0.7817,0.6797,0.6362,0.6295,0.6377,0.629,0.6428999999999999,0.6447999999999999,0.6471,0.6345,0.6317999999999999,0.2691,0.2675,0.2671,0.31270000000000003],"raw_work_samples":[264,264,264,264,264,264,264,264,264,264,264,264,264,264,264,264,264,264,264,264,264,264,264,264,264,264,264,264,264,264],"tree_rebalances":2},"undo":{"maximum_sequence_depth":14,"maximum_work":256,"median_ms":0.24850000000000003,"p95_ms":0.6057,"raw_samples_ms":[0.2283,0.2327,0.2264,0.2275,0.2266,0.24939999999999998,0.2259,0.2261,0.2253,0.2255,0.2257,0.225,0.22469999999999998,0.2261,0.22719999999999999,0.2698,0.6057,0.6062,0.5833,0.6005,0.5819,0.5995,0.5836,0.5897,0.5884,0.5854,0.2497,0.24850000000000003,0.24850000000000003,0.2833],"raw_work_samples":[256,256,256,256,256,256,256,256,256,256,256,256,256,256,256,256,256,256,256,256,256,256,256,256,256,256,256,256,256,256],"tree_rebalances":8},"ungroup":{"maximum_sequence_depth":14,"maximum_work":312,"median_ms":0.2689,"p95_ms":0.7345999999999999,"raw_samples_ms":[0.9763999999999999,0.2557,0.2457,0.2453,0.2439,0.2608,0.2635,0.2418,0.2415,0.2422,0.24130000000000001,0.241,0.2409,0.2436,0.2412,0.7263000000000001,0.6918,0.67,0.6431,0.6223,0.6225999999999999,0.6523,0.7345999999999999,0.6960999999999999,0.6261,0.6261,0.26689999999999997,0.2772,0.2908,0.2689],"raw_work_samples":[312,312,312,312,312,312,312,312,312,312,312,312,312,312,312,312,312,312,312,312,312,312,312,312,312,312,312,312,312,312],"tree_rebalances":8}},"pattern":"contiguous_front","selection_count":3,"warmups":10},{"exact_sibling_order_restored":true,"measured_iterations":30,"node_count":10000,"operations":{"group":{"maximum_sequence_depth":14,"maximum_work":319,"median_ms":0.2661,"p95_ms":0.3302,"raw_samples_ms":[0.28600000000000003,0.3556,0.3051,0.29569999999999996,0.2883,0.2902,0.2712,0.2702,0.2717,0.2703,0.2677,0.2661,0.2648,0.2657,0.2713,0.3302,0.3008,0.2659,0.2654,0.2636,0.2632,0.2639,0.2631,0.26420000000000005,0.2628,0.2627,0.26449999999999996,0.26420000000000005,0.2612,0.2623],"raw_work_samples":[319,319,319,319,319,319,319,319,319,319,319,319,319,319,319,319,319,319,319,319,319,319,319,319,319,319,319,319,319,319],"tree_rebalances":2},"redo":{"maximum_sequence_depth":14,"maximum_work":272,"median_ms":0.24939999999999998,"p95_ms":0.27740000000000004,"raw_samples_ms":[0.2757,0.27999999999999997,0.2678,0.26830000000000004,0.2771,0.275,0.2474,0.24649999999999997,0.2474,0.2475,0.2536,0.24939999999999998,0.24830000000000002,0.24810000000000001,0.2484,0.2553,0.24919999999999998,0.254,0.2517,0.25310000000000005,0.24919999999999998,0.24659999999999999,0.2459,0.24649999999999997,0.24429999999999996,0.27740000000000004,0.2522,0.2523,0.2455,0.24459999999999998],"raw_work_samples":[272,272,272,272,272,272,272,272,272,272,272,272,272,272,272,272,272,272,272,272,272,272,272,272,272,272,272,272,272,272],"tree_rebalances":2},"undo":{"maximum_sequence_depth":14,"maximum_work":244,"median_ms":0.2325,"p95_ms":0.30229999999999996,"raw_samples_ms":[0.2497,0.3858,0.2505,0.24860000000000002,0.2495,0.30229999999999996,0.2301,0.2306,0.23,0.2299,0.23029999999999998,0.22890000000000002,0.2354,0.2358,0.2325,0.2789,0.2368,0.2288,0.228,0.2354,0.2399,0.2274,0.228,0.22719999999999999,0.22790000000000002,0.23299999999999998,0.22790000000000002,0.23149999999999998,0.2327,0.2323],"raw_work_samples":[244,244,244,244,244,244,244,244,244,244,244,244,244,244,244,244,244,244,244,244,244,244,244,244,244,244,244,244,244,244],"tree_rebalances":4},"ungroup":{"maximum_sequence_depth":14,"maximum_work":300,"median_ms":0.24810000000000001,"p95_ms":0.2787,"raw_samples_ms":[0.2697,0.2788,0.2752,0.2787,0.2695,0.2701,0.24630000000000002,0.24620000000000003,0.2453,0.2529,0.2523,0.2526,0.24659999999999999,0.2456,0.26689999999999997,0.2566,0.2535,0.24810000000000001,0.24649999999999997,0.2515,0.2434,0.2455,0.24350000000000002,0.24449999999999997,0.2427,0.2611,0.2436,0.2436,0.24350000000000002,0.24250000000000002],"raw_work_samples":[300,300,300,300,300,300,300,300,300,300,300,300,300,300,300,300,300,300,300,300,300,300,300,300,300,300,300,300,300,300],"tree_rebalances":4}},"pattern":"contiguous_middle","selection_count":3,"warmups":10},{"exact_sibling_order_restored":true,"measured_iterations":30,"node_count":10000,"operations":{"group":{"maximum_sequence_depth":14,"maximum_work":306,"median_ms":0.3039,"p95_ms":0.34650000000000003,"raw_samples_ms":[0.3039,0.3031,0.30029999999999996,0.303,0.3026,0.2993,0.3237,0.3005,0.3045,0.2956,0.34650000000000003,0.3347,0.3389,0.3024,0.3033,0.3009,0.2723,0.3098,0.31020000000000003,0.30860000000000004,0.3062,0.3055,0.3055,0.3076,0.3055,0.27599999999999997,0.2706,0.2694,0.2685,0.3967],"raw_work_samples":[306,306,306,306,306,306,306,306,306,306,306,306,306,306,306,306,306,306,306,306,306,306,306,306,306,306,306,306,306,306],"tree_rebalances":0},"redo":{"maximum_sequence_depth":14,"maximum_work":258,"median_ms":0.28190000000000004,"p95_ms":0.3746,"raw_samples_ms":[0.2739,0.2738,0.2812,0.2738,0.2917,0.2817,0.2802,0.27559999999999996,0.27549999999999997,0.3352,0.31070000000000003,0.3368,0.2771,0.2739,0.2733,0.2582,0.3015,0.2875,0.2845,0.28390000000000004,0.28400000000000003,0.2825,0.2832,0.2834,0.28190000000000004,0.2622,0.2723,0.25470000000000004,0.5176999999999999,0.3746],"raw_work_samples":[258,258,258,258,258,258,258,258,258,258,258,258,258,258,258,258,258,258,258,258,258,258,258,258,258,258,258,258,258,258],"tree_rebalances":0},"undo":{"maximum_sequence_depth":14,"maximum_work":206,"median_ms":0.26039999999999996,"p95_ms":0.3327,"raw_samples_ms":[0.2543,0.2517,0.2542,0.2619,0.255,0.2628,0.2717,0.2545,0.2563,0.2514,0.28650000000000003,0.28659999999999997,0.27490000000000003,0.2548,0.254,0.2496,0.4157,0.26380000000000003,0.27940000000000004,0.26180000000000003,0.2612,0.2605,0.2603,0.26039999999999996,0.2608,0.232,0.2307,0.2301,0.243,0.3327],"raw_work_samples":[206,206,206,206,206,206,206,206,206,206,206,206,206,206,206,206,206,206,206,206,206,206,206,206,206,206,206,206,206,206],"tree_rebalances":0},"ungroup":{"maximum_sequence_depth":14,"maximum_work":286,"median_ms":0.2796,"p95_ms":0.4043,"raw_samples_ms":[0.2727,0.2783,0.5155,0.2772,0.28200000000000003,0.28400000000000003,0.277,0.28430000000000005,0.272,0.3231,0.3072,0.3173,0.2733,0.27320000000000005,0.3005,0.251,0.287,0.2831,0.2796,0.28049999999999997,0.27940000000000004,0.2789,0.27940000000000004,0.2783,0.2817,0.2565,0.248,0.2484,0.4043,0.36000000000000004],"raw_work_samples":[286,286,286,286,286,286,286,286,286,286,286,286,286,286,286,286,286,286,286,286,286,286,286,286,286,286,286,286,286,286],"tree_rebalances":0}},"pattern":"uniform","selection_count":3,"warmups":10},{"exact_sibling_order_restored":true,"measured_iterations":30,"node_count":10000,"operations":{"group":{"maximum_sequence_depth":14,"maximum_work":315,"median_ms":0.3053,"p95_ms":0.7926,"raw_samples_ms":[0.2877,0.27109999999999995,0.27320000000000005,0.27099999999999996,0.2706,0.2703,0.2725,0.33809999999999996,0.8194,0.7926,0.7912,0.7893,0.6113,0.3088,0.305,0.3058,0.3063,0.3104,0.3053,0.3058,0.304,0.30469999999999997,0.307,0.3057,0.3054,0.2949,0.2899,0.2682,0.2722,0.2676],"raw_work_samples":[315,315,315,315,315,315,315,315,315,315,315,315,315,315,315,315,315,315,315,315,315,315,315,315,315,315,315,315,315,315],"tree_rebalances":0},"redo":{"maximum_sequence_depth":14,"maximum_work":266,"median_ms":0.2831,"p95_ms":0.741,"raw_samples_ms":[0.2676,0.2515,0.2526,0.2501,0.2517,0.253,0.25379999999999997,1.0373999999999999,0.741,0.7322,0.734,0.7348,0.3008,0.2855,0.28400000000000003,0.28219999999999995,0.2831,0.28430000000000005,0.283,0.2828,0.2878,0.2825,0.28390000000000004,0.2899,0.3369,0.2959,0.2515,0.24869999999999998,0.2495,0.2471],"raw_work_samples":[266,266,266,266,266,266,266,266,266,266,266,266,266,266,266,266,266,266,266,266,266,266,266,266,266,266,266,266,266,266],"tree_rebalances":0},"undo":{"maximum_sequence_depth":14,"maximum_work":216,"median_ms":0.2608,"p95_ms":0.6880999999999999,"raw_samples_ms":[0.23240000000000002,0.2317,0.2337,0.2321,0.2343,0.2397,0.2339,1.0448,0.6880999999999999,0.6748000000000001,0.6727000000000001,0.6742,0.3713,0.2627,0.2608,0.2601,0.26130000000000003,0.2603,0.2608,0.26180000000000003,0.25970000000000004,0.2636,0.26170000000000004,0.2619,0.321,0.37829999999999997,0.235,0.23,0.231,0.231],"raw_work_samples":[216,216,216,216,216,216,216,216,216,216,216,216,216,216,216,216,216,216,216,216,216,216,216,216,216,216,216,216,216,216],"tree_rebalances":0},"ungroup":{"maximum_sequence_depth":14,"maximum_work":295,"median_ms":0.279,"p95_ms":0.7257,"raw_samples_ms":[0.252,0.25060000000000004,0.25,0.2522,0.25329999999999997,0.2524,0.251,0.7883,0.7248,0.7241,0.7226,0.7257,0.2863,0.27980000000000005,0.27999999999999997,0.28049999999999997,0.27980000000000005,0.2786,0.2842,0.279,0.2799,0.2807,0.2799,0.2789,0.2667,0.2565,0.2503,0.2479,0.24869999999999998,0.2478],"raw_work_samples":[295,295,295,295,295,295,295,295,295,295,295,295,295,295,295,295,295,295,295,295,295,295,295,295,295,295,295,295,295,295],"tree_rebalances":0}},"pattern":"random_seed_0x5eed","selection_count":3,"warmups":10},{"exact_sibling_order_restored":true,"measured_iterations":30,"node_count":10000,"operations":{"group":{"maximum_sequence_depth":14,"maximum_work":305,"median_ms":0.27090000000000003,"p95_ms":0.31589999999999996,"raw_samples_ms":[0.2733,0.2739,0.2767,0.27240000000000003,0.2734,0.272,0.2737,0.2706,0.2746,0.2684,0.2686,0.31589999999999996,0.2763,0.2747,0.2682,0.26699999999999996,0.2671,0.2776,0.2665,0.2664,0.2659,0.26689999999999997,0.2664,0.3407,0.28959999999999997,0.2695,0.2698,0.26689999999999997,0.27090000000000003,0.26630000000000004],"raw_work_samples":[305,305,305,305,305,305,305,305,305,305,305,305,305,305,305,305,305,305,305,305,305,305,305,305,305,305,305,305,305,305],"tree_rebalances":0},"redo":{"maximum_sequence_depth":14,"maximum_work":258,"median_ms":0.25329999999999997,"p95_ms":0.2811,"raw_samples_ms":[0.25579999999999997,0.2549,0.2545,0.25379999999999997,0.25329999999999997,0.25470000000000004,0.2541,0.2508,0.2509,0.24860000000000002,0.651,0.25339999999999996,0.2496,0.2495,0.24850000000000003,0.2479,0.25339999999999996,0.24810000000000001,0.2529,0.25179999999999997,0.24860000000000002,0.24869999999999998,0.25329999999999997,0.25520000000000004,0.2811,0.25549999999999995,0.25339999999999996,0.24939999999999998,0.24860000000000002,0.2482],"raw_work_samples":[258,258,258,258,258,258,258,258,258,258,258,258,258,258,258,258,258,258,258,258,258,258,258,258,258,258,258,258,258,258],"tree_rebalances":0},"undo":{"maximum_sequence_depth":14,"maximum_work":205,"median_ms":0.2335,"p95_ms":0.29540000000000005,"raw_samples_ms":[0.23379999999999998,0.2341,0.2343,0.2344,0.23709999999999998,0.23470000000000002,0.23399999999999999,0.23299999999999998,0.2339,0.2307,0.4399,0.2377,0.2321,0.231,0.2297,0.2308,0.22890000000000002,0.2284,0.2292,0.22870000000000001,0.22870000000000001,0.2352,0.285,0.29540000000000005,0.2385,0.2319,0.2294,0.2294,0.2335,0.2332],"raw_work_samples":[205,205,205,205,205,205,205,205,205,205,205,205,205,205,205,205,205,205,205,205,205,205,205,205,205,205,205,205,205,205],"tree_rebalances":0},"ungroup":{"maximum_sequence_depth":14,"maximum_work":282,"median_ms":0.2525,"p95_ms":0.27109999999999995,"raw_samples_ms":[0.2525,0.2557,0.2532,0.2545,0.27109999999999995,0.2544,0.2526,0.2589,0.24919999999999998,0.2474,0.4636,0.2519,0.2498,0.27099999999999996,0.2523,0.2544,0.25270000000000004,0.2525,0.24630000000000002,0.247,0.24689999999999998,0.2468,0.24830000000000002,0.25539999999999996,0.2628,0.2484,0.2473,0.2472,0.24669999999999997,0.2454],"raw_work_samples":[282,282,282,282,282,282,282,282,282,282,282,282,282,282,282,282,282,282,282,282,282,282,282,282,282,282,282,282,282,282],"tree_rebalances":0}},"pattern":"multiple_runs","selection_count":3,"warmups":10},{"exact_sibling_order_restored":true,"measured_iterations":30,"node_count":10000,"operations":{"group":{"maximum_sequence_depth":14,"maximum_work":2553,"median_ms":0.46440000000000003,"p95_ms":1.2037,"raw_samples_ms":[0.4554,0.4673,0.45790000000000003,0.4569,0.4575,0.46030000000000004,0.45609999999999995,0.4575,0.4571,0.45399999999999996,0.5916,0.4637,0.46040000000000003,0.46440000000000003,0.45649999999999996,0.45439999999999997,0.4562,0.4569,0.4749,0.4851,1.2037,1.1973,1.1918,1.3446,0.6195,0.6294,0.6211,0.6123,0.6194,0.6243000000000001],"raw_work_samples":[2553,2553,2553,2553,2553,2553,2553,2553,2553,2553,2553,2553,2553,2553,2553,2553,2553,2553,2553,2553,2553,2553,2553,2553,2553,2553,2553,2553,2553,2553],"tree_rebalances":26},"redo":{"maximum_sequence_depth":14,"maximum_work":2086,"median_ms":0.4052,"p95_ms":1.0456,"raw_samples_ms":[0.5149,0.4017,0.4015,0.402,0.4009,0.4048,0.3996,0.39780000000000004,0.3984,0.3996,0.6893,0.4049,0.4013,0.4052,0.3997,0.4001,0.40049999999999997,0.3992,0.4172,1.02,1.0456,1.049,1.042,0.558,0.5365,0.5461,0.5436,0.5368999999999999,0.5408999999999999,0.5994],"raw_work_samples":[2086,2086,2086,2086,2086,2086,2086,2086,2086,2086,2086,2086,2086,2086,2086,2086,2086,2086,2086,2086,2086,2086,2086,2086,2086,2086,2086,2086,2086,2086],"tree_rebalances":26},"undo":{"maximum_sequence_depth":14,"maximum_work":2251,"median_ms":0.3626,"p95_ms":0.9293,"raw_samples_ms":[0.35550000000000004,0.3598,0.3644,0.35960000000000003,0.35579999999999995,0.3598,0.35710000000000003,0.3553,0.3554,0.357,0.41100000000000003,0.3626,0.35760000000000003,0.3605,0.3567,0.3589,0.3569,0.3577,0.3725,0.5139,0.9293,0.9486,0.9258,0.5929000000000001,0.48899999999999993,0.4802,0.48119999999999996,0.486,0.4831,0.4781],"raw_work_samples":[2251,2251,2251,2251,2251,2251,2251,2251,2251,2251,2251,2251,2251,2251,2251,2251,2251,2251,2251,2251,2251,2251,2251,2251,2251,2251,2251,2251,2251,2251],"tree_rebalances":92},"ungroup":{"maximum_sequence_depth":14,"maximum_work":2439,"median_ms":0.41159999999999997,"p95_ms":1.0678,"raw_samples_ms":[0.4645,0.41159999999999997,0.4034,0.4043,0.4049,0.4043,0.4017,0.4004,0.4021,0.40499999999999997,0.43379999999999996,0.4054,0.4052,0.4031,0.40240000000000004,0.4018,0.4047,0.40240000000000004,0.4216,1.0859999999999999,1.0648,1.0452000000000001,1.0678,0.5546,0.5498000000000001,0.5429,0.539,0.5462,0.5424,0.5553],"raw_work_samples":[2439,2439,2439,2439,2439,2439,2439,2439,2439,2439,2439,2439,2439,2439,2439,2439,2439,2439,2439,2439,2439,2439,2439,2439,2439,2439,2439,2439,2439,2439],"tree_rebalances":92}},"pattern":"contiguous_front","selection_count":30,"warmups":10},{"exact_sibling_order_restored":true,"measured_iterations":30,"node_count":10000,"operations":{"group":{"maximum_sequence_depth":15,"maximum_work":2664,"median_ms":0.7369,"p95_ms":1.2291999999999998,"raw_samples_ms":[0.5791000000000001,0.7647,0.7292000000000001,0.7141,0.7192999999999999,0.7369,0.9909000000000001,0.7203999999999999,0.722,0.7253000000000001,0.722,0.7194,0.7813,0.7383,0.7305,0.7240000000000001,0.7327,0.7218,0.9213,0.7885,1.1157000000000001,1.1131,0.7200000000000001,1.1542,1.2390999999999999,1.2291999999999998,1.218,0.699,1.1187,1.0966],"raw_work_samples":[2664,2664,2664,2664,2664,2664,2664,2664,2664,2664,2664,2664,2664,2664,2664,2664,2664,2664,2664,2664,2664,2664,2664,2664,2664,2664,2664,2664,2664,2664],"tree_rebalances":26},"redo":{"maximum_sequence_depth":15,"maximum_work":2178,"median_ms":0.6281,"p95_ms":1.0751000000000002,"raw_samples_ms":[0.9303,0.6258,0.6174999999999999,0.6154,0.6152,0.6164000000000001,0.6272,0.6273,0.62,0.6251,0.6185,0.6211,0.6348,0.627,0.627,0.6244999999999999,0.6281,0.6311,0.5963999999999999,1.0262,0.9747,0.6457999999999999,0.7506999999999999,0.9282,1.0653,1.0751000000000002,1.0862999999999998,1.0253,0.9728,0.6975],"raw_work_samples":[2178,2178,2178,2178,2178,2178,2178,2178,2178,2178,2178,2178,2178,2178,2178,2178,2178,2178,2178,2178,2178,2178,2178,2178,2178,2178,2178,2178,2178,2178],"tree_rebalances":26},"undo":{"maximum_sequence_depth":15,"maximum_work":2130,"median_ms":0.5693,"p95_ms":0.9668,"raw_samples_ms":[0.467,0.5674,0.5584,0.558,0.5545,0.5582,0.5794,0.5587,0.5590999999999999,0.5622,0.5630999999999999,0.5592,0.5704,0.5783999999999999,0.5672999999999999,0.5643999999999999,0.5693,0.5627,0.6024999999999999,0.9267000000000001,0.8663,0.9277000000000001,0.5601999999999999,0.5852999999999999,0.9627,0.9625,0.9775,0.9233,0.8672000000000001,0.9668],"raw_work_samples":[2130,2130,2130,2130,2130,2130,2130,2130,2130,2130,2130,2130,2130,2130,2130,2130,2130,2130,2130,2130,2130,2130,2130,2130,2130,2130,2130,2130,2130,2130],"tree_rebalances":56},"ungroup":{"maximum_sequence_depth":15,"maximum_work":2321,"median_ms":0.6482,"p95_ms":1.1034,"raw_samples_ms":[1.0645,0.6359,0.629,0.6388,0.628,0.6306,0.6369,0.6303,0.6483,0.6336,0.633,0.8853,0.6482,0.6357,0.6374,0.6542,0.6423000000000001,0.6386999999999999,0.7001000000000001,1.0057,0.9961,0.6324,1.1034,1.1528,1.0936,1.0872,1.0532,1.0275,1.0058999999999998,0.6381],"raw_work_samples":[2321,2321,2321,2321,2321,2321,2321,2321,2321,2321,2321,2321,2321,2321,2321,2321,2321,2321,2321,2321,2321,2321,2321,2321,2321,2321,2321,2321,2321,2321],"tree_rebalances":56}},"pattern":"contiguous_middle","selection_count":30,"warmups":10},{"exact_sibling_order_restored":true,"measured_iterations":30,"node_count":10000,"operations":{"group":{"maximum_sequence_depth":14,"maximum_work":2655,"median_ms":0.589,"p95_ms":1.2557,"raw_samples_ms":[0.5289999999999999,0.8335,0.5937,0.602,0.5915,0.589,0.5910000000000001,0.5910000000000001,0.6037,0.5337000000000001,0.5316000000000001,0.5323,0.5307000000000001,0.5307000000000001,0.5294,0.5306,0.5303,1.2557,1.2458,1.2398,1.2927,1.2508000000000001,1.2406,1.2415,0.5736,0.5788,0.5736,0.5708,0.5754,0.5682],"raw_work_samples":[2655,2655,2655,2655,2655,2655,2655,2655,2655,2655,2655,2655,2655,2655,2655,2655,2655,2655,2655,2655,2655,2655,2655,2655,2655,2655,2655,2655,2655,2655],"tree_rebalances":0},"redo":{"maximum_sequence_depth":14,"maximum_work":2148,"median_ms":0.5107,"p95_ms":1.0856,"raw_samples_ms":[0.4611,0.5197,0.5139,0.5115000000000001,0.5112,0.5139,0.5134,0.5107,0.47909999999999997,0.4627,0.46759999999999996,0.4628,0.4601,0.4608,0.5056,0.4589,1.1583999999999999,1.0854000000000001,1.0714,1.0856,1.0791,1.0749,1.0669,0.545,0.49229999999999996,0.4979,0.499,0.5005,0.4968,0.4875],"raw_work_samples":[2148,2148,2148,2148,2148,2148,2148,2148,2148,2148,2148,2148,2148,2148,2148,2148,2148,2148,2148,2148,2148,2148,2148,2148,2148,2148,2148,2148,2148,2148],"tree_rebalances":0},"undo":{"maximum_sequence_depth":14,"maximum_work":1772,"median_ms":0.4612,"p95_ms":0.972,"raw_samples_ms":[0.4156,0.4777,0.4659,0.4614,0.4612,0.4612,0.4643,0.4626,0.451,0.4214,0.42069999999999996,0.4199,0.4191,0.4198,0.41819999999999996,0.4171,0.5455,0.972,0.9639,0.9689,0.9842,0.9650000000000001,0.9702,0.8925,0.45609999999999995,0.44789999999999996,0.446,0.443,0.44539999999999996,0.4504],"raw_work_samples":[1772,1772,1772,1772,1772,1772,1772,1772,1772,1772,1772,1772,1772,1772,1772,1772,1772,1772,1772,1772,1772,1772,1772,1772,1772,1772,1772,1772,1772,1772],"tree_rebalances":0},"ungroup":{"maximum_sequence_depth":14,"maximum_work":2302,"median_ms":0.5275,"p95_ms":1.1683,"raw_samples_ms":[0.6617,0.536,0.5296,0.5275,0.5306,0.5293,0.5255000000000001,0.5368999999999999,0.49910000000000004,0.4843,0.4839,0.4838,0.48119999999999996,0.4827,0.48250000000000004,0.4794,1.1683,1.1292,1.1163,1.2473,1.1294,1.1219,1.1167,0.533,0.524,0.5186000000000001,0.5162,0.5131,0.5207,0.5178999999999999],"raw_work_samples":[2302,2302,2302,2302,2302,2302,2302,2302,2302,2302,2302,2302,2302,2302,2302,2302,2302,2302,2302,2302,2302,2302,2302,2302,2302,2302,2302,2302,2302,2302],"tree_rebalances":0}},"pattern":"uniform","selection_count":30,"warmups":10},{"exact_sibling_order_restored":true,"measured_iterations":30,"node_count":10000,"operations":{"group":{"maximum_sequence_depth":14,"maximum_work":2661,"median_ms":0.5262,"p95_ms":0.5373,"raw_samples_ms":[0.5206,0.5197,0.5204,0.5214,0.5197,0.5276000000000001,0.5268999999999999,0.5318999999999999,0.5289,0.5263000000000001,0.5373,0.5296,0.5287,0.5252,0.536,0.5301,0.5273,0.5283,0.5397000000000001,0.5197999999999999,0.5207,0.5178999999999999,0.5299,0.5262,0.526,0.5218,0.5226999999999999,0.5206,0.5233,0.5206],"raw_work_samples":[2661,2661,2661,2661,2661,2661,2661,2661,2661,2661,2661,2661,2661,2661,2661,2661,2661,2661,2661,2661,2661,2661,2661,2661,2661,2661,2661,2661,2661,2661],"tree_rebalances":0},"redo":{"maximum_sequence_depth":14,"maximum_work":2158,"median_ms":0.4535,"p95_ms":0.5233,"raw_samples_ms":[0.4548,0.4554,0.4522,0.451,0.4515,0.4594,0.5233,0.4586,0.4597,0.45830000000000004,0.4531,0.4528,0.4535,0.45780000000000004,0.45189999999999997,0.4536,0.4541,0.4509,0.4522,0.4522,0.4521,0.4618,0.4532,0.4531,0.5559999999999999,0.45370000000000005,0.4546,0.4526,0.45330000000000004,0.4526],"raw_work_samples":[2158,2158,2158,2158,2158,2158,2158,2158,2158,2158,2158,2158,2158,2158,2158,2158,2158,2158,2158,2158,2158,2158,2158,2158,2158,2158,2158,2158,2158,2158],"tree_rebalances":0},"undo":{"maximum_sequence_depth":14,"maximum_work":1810,"median_ms":0.412,"p95_ms":0.4238,"raw_samples_ms":[0.4154,0.415,0.4197,0.4091,0.40719999999999995,0.4112,0.40959999999999996,0.41300000000000003,0.4099,0.4083,0.412,0.4118,0.41169999999999995,0.43429999999999996,0.4126,0.41,0.4142,0.4098,0.41209999999999997,0.40719999999999995,0.42010000000000003,0.4174,0.41209999999999997,0.4107,0.4132,0.4238,0.422,0.408,0.4083,0.4087],"raw_work_samples":[1810,1810,1810,1810,1810,1810,1810,1810,1810,1810,1810,1810,1810,1810,1810,1810,1810,1810,1810,1810,1810,1810,1810,1810,1810,1810,1810,1810,1810,1810],"tree_rebalances":8},"ungroup":{"maximum_sequence_depth":14,"maximum_work":2333,"median_ms":0.47600000000000003,"p95_ms":0.51,"raw_samples_ms":[0.48410000000000003,0.4795,0.47300000000000003,0.4752,0.4724,0.4743,0.4824,0.4737,0.4737,0.51,0.47909999999999997,0.481,0.48210000000000003,0.5005,0.4752,0.4796,0.47619999999999996,0.5992999999999999,0.475,0.4729,0.4725,0.47459999999999997,0.48119999999999996,0.4802,0.4922,0.47300000000000003,0.47390000000000004,0.47600000000000003,0.4737,0.4725],"raw_work_samples":[2333,2333,2333,2333,2333,2333,2333,2333,2333,2333,2333,2333,2333,2333,2333,2333,2333,2333,2333,2333,2333,2333,2333,2333,2333,2333,2333,2333,2333,2333],"tree_rebalances":8}},"pattern":"random_seed_0x5eed","selection_count":30,"warmups":10},{"exact_sibling_order_restored":true,"measured_iterations":30,"node_count":10000,"operations":{"group":{"maximum_sequence_depth":14,"maximum_work":2649,"median_ms":0.5608,"p95_ms":1.418,"raw_samples_ms":[0.6256999999999999,0.5367,0.5368999999999999,0.5546,0.4839,0.4788,0.9705,0.5654,0.5608,0.558,0.6661,0.6512,0.5616,0.5544,0.5576,0.6775,0.5537,0.5527000000000001,0.5521,0.5580999999999999,0.6726,0.48919999999999997,0.527,1.418,1.3745,1.5032999999999999,1.2759,1.33,0.8714000000000001,0.5218],"raw_work_samples":[2649,2649,2649,2649,2649,2649,2649,2649,2649,2649,2649,2649,2649,2649,2649,2649,2649,2649,2649,2649,2649,2649,2649,2649,2649,2649,2649,2649,2649,2649],"tree_rebalances":14},"redo":{"maximum_sequence_depth":14,"maximum_work":2162,"median_ms":0.5267,"p95_ms":1.2224,"raw_samples_ms":[0.5638000000000001,0.46549999999999997,0.4834,0.4881,0.4282,0.8204,0.5267,0.4969,0.5316000000000001,0.4863,0.5889,0.7581,0.4838,0.4942,0.48460000000000003,0.5894999999999999,0.4815,0.4815,0.4828,0.4906,0.6591,0.42460000000000003,1.2224,1.1092,1.1294,1.554,1.1004999999999998,1.2018,0.4532,0.5712999999999999],"raw_work_samples":[2162,2162,2162,2162,2162,2162,2162,2162,2162,2162,2162,2162,2162,2162,2162,2162,2162,2162,2162,2162,2162,2162,2162,2162,2162,2162,2162,2162,2162,2162],"tree_rebalances":14},"undo":{"maximum_sequence_depth":14,"maximum_work":2023,"median_ms":0.4406,"p95_ms":1.095,"raw_samples_ms":[0.4575,0.41459999999999997,0.4279,0.43389999999999995,0.4189,0.3734,0.8015,0.43600000000000005,0.4333,0.44079999999999997,0.4528,0.4441,0.4403,0.4406,0.4417,0.44289999999999996,0.43179999999999996,0.432,0.4344,0.4364,0.4439,0.3764,0.9526,1.095,1.3308,1.0070000000000001,1.0751000000000002,1.0101,0.4042,0.40230000000000005],"raw_work_samples":[2023,2023,2023,2023,2023,2023,2023,2023,2023,2023,2023,2023,2023,2023,2023,2023,2023,2023,2023,2023,2023,2023,2023,2023,2023,2023,2023,2023,2023,2023],"tree_rebalances":42},"ungroup":{"maximum_sequence_depth":14,"maximum_work":2288,"median_ms":0.49910000000000004,"p95_ms":1.3278,"raw_samples_ms":[0.4794,0.4705,0.48710000000000003,0.49910000000000004,0.4317,0.8713,0.5054000000000001,0.49739999999999995,0.4957,0.5029,0.49910000000000004,0.5207999999999999,0.49989999999999996,0.49470000000000003,0.4956,0.4994,0.4921,0.4915,0.4992,0.5205000000000001,0.444,0.42569999999999997,1.3386,1.1161,1.1357,1.3278,1.1115000000000002,1.1386,0.4617,0.4729],"raw_work_samples":[2288,2288,2288,2288,2288,2288,2288,2288,2288,2288,2288,2288,2288,2288,2288,2288,2288,2288,2288,2288,2288,2288,2288,2288,2288,2288,2288,2288,2288,2288],"tree_rebalances":42}},"pattern":"multiple_runs","selection_count":30,"warmups":10},{"exact_sibling_order_restored":true,"measured_iterations":30,"node_count":10000,"operations":{"group":{"maximum_sequence_depth":14,"maximum_work":8375,"median_ms":1.119,"p95_ms":2.3999,"raw_samples_ms":[1.383,1.3908,1.189,0.9025,0.8947,0.8931,1.0736999999999999,0.8992,0.9021,0.9051,0.8965000000000001,1.4884,1.3648,1.0196999999999998,0.9142,0.9087999999999999,0.9075,1.8622999999999998,1.214,2.1528,2.3794,2.4211,1.245,1.3191,1.1075,1.119,1.1129,2.3701999999999996,1.0903,2.3999],"raw_work_samples":[8375,8375,8375,8375,8375,8375,8375,8375,8375,8375,8375,8375,8375,8375,8375,8375,8375,8375,8375,8375,8375,8375,8375,8375,8375,8375,8375,8375,8375,8375],"tree_rebalances":96},"redo":{"maximum_sequence_depth":14,"maximum_work":6796,"median_ms":1.0430000000000001,"p95_ms":2.099,"raw_samples_ms":[1.1508,1.1728,0.7652,0.7462000000000001,0.7429,0.7462000000000001,0.759,0.7514000000000001,0.751,0.7524,1.1196,2.3449,0.8542,0.841,0.7624,0.7506999999999999,2.099,0.92,0.9237,2.0302,2.0545,1.5473,1.047,0.9287,1.1689999999999998,1.0430000000000001,1.0487,1.7232,1.6293,2.0391],"raw_work_samples":[6796,6796,6796,6796,6796,6796,6796,6796,6796,6796,6796,6796,6796,6796,6796,6796,6796,6796,6796,6796,6796,6796,6796,6796,6796,6796,6796,6796,6796,6796],"tree_rebalances":96},"undo":{"maximum_sequence_depth":14,"maximum_work":6920,"median_ms":0.7934,"p95_ms":1.7601,"raw_samples_ms":[0.9923,1.0359,0.6462,0.6423000000000001,0.6435,0.6421,0.6571,0.6394000000000001,0.647,0.6455000000000001,0.6445,1.7449,0.7326,0.7182999999999999,0.6439,0.6501,1.5108000000000001,0.7934,0.8069000000000001,1.7601,1.9296,1.3366,0.8795,0.7977000000000001,0.7933,0.8054,0.8622000000000001,1.7232,0.6693,1.7321000000000002],"raw_work_samples":[6920,6920,6920,6920,6920,6920,6920,6920,6920,6920,6920,6920,6920,6920,6920,6920,6920,6920,6920,6920,6920,6920,6920,6920,6920,6920,6920,6920,6920,6920],"tree_rebalances":206},"ungroup":{"maximum_sequence_depth":14,"maximum_work":7455,"median_ms":0.9499000000000001,"p95_ms":2.1101,"raw_samples_ms":[1.1807,1.1844,0.7837999999999999,0.7746,0.7665000000000001,0.7986,0.7686000000000001,0.7834,0.7707999999999999,0.7621,0.829,2.1278,0.8543,0.7892,0.7785,0.7747,2.1001000000000003,0.9608000000000001,0.9354,2.0418,2.0728999999999997,1.0546,1.0366,0.9469,0.9779999999999999,0.9499000000000001,1.0365000000000002,0.9842,2.1101,2.0604],"raw_work_samples":[7455,7455,7455,7455,7455,7455,7455,7455,7455,7455,7455,7455,7455,7455,7455,7455,7455,7455,7455,7455,7455,7455,7455,7455,7455,7455,7455,7455,7455,7455],"tree_rebalances":206}},"pattern":"contiguous_front","selection_count":100,"warmups":10},{"exact_sibling_order_restored":true,"measured_iterations":30,"node_count":10000,"operations":{"group":{"maximum_sequence_depth":15,"maximum_work":8715,"median_ms":0.9538,"p95_ms":1.6197,"raw_samples_ms":[0.9386000000000001,0.9335,0.9359999999999999,0.9538,0.9510000000000001,0.9441999999999999,0.9414,0.9840999999999999,0.9581999999999999,0.9453,0.9374,0.9351999999999999,1.0795,1.0781,0.9478000000000001,0.9418,0.9409000000000001,0.957,0.9611,0.9388000000000001,1.0717999999999999,1.0637999999999999,0.9489000000000001,0.9466,1.0464,0.9634999999999999,1.1156,1.9918000000000002,1.2435,1.6197],"raw_work_samples":[8715,8715,8715,8715,8715,8715,8715,8715,8715,8715,8715,8715,8715,8715,8715,8715,8715,8715,8715,8715,8715,8715,8715,8715,8715,8715,8715,8715,8715,8715],"tree_rebalances":92},"redo":{"maximum_sequence_depth":15,"maximum_work":7082,"median_ms":0.7940999999999999,"p95_ms":1.6274,"raw_samples_ms":[0.7900999999999999,0.7822,0.7978,0.9063,0.7894,0.7818,0.7773,0.8040999999999999,0.8882,0.7936,0.7797999999999999,0.778,0.7957,0.7846,0.8092,0.7810999999999999,0.7845000000000001,0.7956000000000001,0.787,1.1914,0.8801,0.7940999999999999,0.7887000000000001,0.786,0.7937000000000001,0.8003,1.7949000000000002,1.5002,1.0269000000000001,1.6274],"raw_work_samples":[7082,7082,7082,7082,7082,7082,7082,7082,7082,7082,7082,7082,7082,7082,7082,7082,7082,7082,7082,7082,7082,7082,7082,7082,7082,7082,7082,7082,7082,7082],"tree_rebalances":92},"undo":{"maximum_sequence_depth":15,"maximum_work":6929,"median_ms":0.6986,"p95_ms":1.3844,"raw_samples_ms":[0.6896,0.6851999999999999,0.7091000000000001,0.9079,0.6893,0.6858,0.6836,0.7749,0.8355,0.6869000000000001,0.6878,0.6832,0.7189,0.7123999999999999,0.6964,0.6808,0.6839,0.6837,0.6986,1.189,0.7728999999999999,0.7041000000000001,0.687,0.6891999999999999,0.6893,0.7057,1.1179000000000001,1.3844,0.8845,1.5273],"raw_work_samples":[6929,6929,6929,6929,6929,6929,6929,6929,6929,6929,6929,6929,6929,6929,6929,6929,6929,6929,6929,6929,6929,6929,6929,6929,6929,6929,6929,6929,6929,6929],"tree_rebalances":190},"ungroup":{"maximum_sequence_depth":15,"maximum_work":7461,"median_ms":0.821,"p95_ms":1.6677,"raw_samples_ms":[0.8084,0.8061,0.8128000000000001,0.8632,0.8113,0.8139,0.8087,0.832,0.8336,0.8166,0.8040999999999999,0.8048000000000001,0.821,0.8217,0.8077,0.8115,0.8297,0.8246,0.8115,0.9182,0.8945,0.8177,0.8168,0.9873,0.8235,0.8175,1.7148,1.0658,1.0414,1.6677],"raw_work_samples":[7461,7461,7461,7461,7461,7461,7461,7461,7461,7461,7461,7461,7461,7461,7461,7461,7461,7461,7461,7461,7461,7461,7461,7461,7461,7461,7461,7461,7461,7461],"tree_rebalances":190}},"pattern":"contiguous_middle","selection_count":100,"warmups":10},{"exact_sibling_order_restored":true,"measured_iterations":30,"node_count":10000,"operations":{"group":{"maximum_sequence_depth":14,"maximum_work":8736,"median_ms":2.0544000000000002,"p95_ms":4.978899999999999,"raw_samples_ms":[1.8216,1.7429,1.7506,1.7313,1.7328000000000001,2.4862,2.3135,2.3297,1.8458,3.9738,5.4939,4.978899999999999,2.5225,2.0544000000000002,1.9413,2.0650999999999997,1.8994000000000002,2.3452,1.7647,1.735,2.0645,1.7506,1.7258,3.2889999999999997,2.1256999999999997,1.7242,3.144,1.9381,2.9729,1.8154],"raw_work_samples":[8736,8736,8736,8736,8736,8736,8736,8736,8736,8736,8736,8736,8736,8736,8736,8736,8736,8736,8736,8736,8736,8736,8736,8736,8736,8736,8736,8736,8736,8736],"tree_rebalances":0},"redo":{"maximum_sequence_depth":14,"maximum_work":7046,"median_ms":1.8136999999999999,"p95_ms":4.1243,"raw_samples_ms":[1.5305,1.567,1.5279,1.5223,2.3444,2.0728,2.1773000000000002,2.0509,1.5404,4.1243,7.8414,3.9747999999999997,1.8131,1.7052,1.8334,1.8136999999999999,1.6729,1.5981999999999998,1.5319,1.5254999999999999,1.6479000000000001,1.5334999999999999,1.5207,2.9039,1.5365000000000002,3.0152,2.6085000000000003,2.6963999999999997,2.485,1.8441],"raw_work_samples":[7046,7046,7046,7046,7046,7046,7046,7046,7046,7046,7046,7046,7046,7046,7046,7046,7046,7046,7046,7046,7046,7046,7046,7046,7046,7046,7046,7046,7046,7046],"tree_rebalances":0},"undo":{"maximum_sequence_depth":14,"maximum_work":5852,"median_ms":1.0373999999999999,"p95_ms":2.4697,"raw_samples_ms":[0.8641,0.9004,0.862,0.8265,1.8451,1.1008,1.0858,1.1159,0.8455999999999999,2.4697,4.1997,2.3175,1.1520000000000001,0.9543,1.0373999999999999,0.9905,0.9075,1.0484,0.8335,0.8274,1.3205,0.8899,0.8274,1.3339,0.9499000000000001,0.9049,1.4443,1.3053,1.3212,0.9962000000000001],"raw_work_samples":[5852,5852,5852,5852,5852,5852,5852,5852,5852,5852,5852,5852,5852,5852,5852,5852,5852,5852,5852,5852,5852,5852,5852,5852,5852,5852,5852,5852,5852,5852],"tree_rebalances":8},"ungroup":{"maximum_sequence_depth":14,"maximum_work":7539,"median_ms":1.2158,"p95_ms":2.7893000000000003,"raw_samples_ms":[1.0207,1.0584,1.0186,1.0129,1.4763,1.3518000000000001,1.4674,1.3729,1.0317,2.7893000000000003,4.4376,2.5490999999999997,1.2158,1.1475000000000002,1.4437,1.202,1.4052,1.0695999999999999,1.0804,1.0231999999999999,1.085,1.0205,1.0081,1.8195,1.0267,1.8497999999999999,1.8189,1.7332,1.5762,1.1708999999999998],"raw_work_samples":[7539,7539,7539,7539,7539,7539,7539,7539,7539,7539,7539,7539,7539,7539,7539,7539,7539,7539,7539,7539,7539,7539,7539,7539,7539,7539,7539,7539,7539,7539],"tree_rebalances":8}},"pattern":"uniform","selection_count":100,"warmups":10},{"exact_sibling_order_restored":true,"measured_iterations":30,"node_count":10000,"operations":{"group":{"maximum_sequence_depth":14,"maximum_work":8751,"median_ms":1.1363,"p95_ms":1.1834,"raw_samples_ms":[1.1385,1.129,1.1363,1.1277,1.1476,1.1403999999999999,1.1266,1.1264,1.1753,1.1303,1.1305,1.1317,1.1533,1.14,1.1319,1.1255,1.1688,1.1537,1.1283,1.1336,1.1647,1.1374,1.1344,1.1322999999999999,1.1946,1.1476,1.1294,1.1344,1.1834,1.1832],"raw_work_samples":[8751,8751,8751,8751,8751,8751,8751,8751,8751,8751,8751,8751,8751,8751,8751,8751,8751,8751,8751,8751,8751,8751,8751,8751,8751,8751,8751,8751,8751,8751],"tree_rebalances":0},"redo":{"maximum_sequence_depth":14,"maximum_work":7062,"median_ms":0.9379,"p95_ms":1.0985,"raw_samples_ms":[0.9353,0.9436,0.9318,0.9903,0.9385,0.9318,0.9330999999999999,1.047,0.9351,0.9341,0.9311,0.9758,0.9429,0.9294,0.9303,1.0985,0.9379,0.9334,0.9313,0.9774,0.9363,0.9445,0.9287,1.1051,0.9456,0.9325,0.9408,1.0045,0.9376,0.9446],"raw_work_samples":[7062,7062,7062,7062,7062,7062,7062,7062,7062,7062,7062,7062,7062,7062,7062,7062,7062,7062,7062,7062,7062,7062,7062,7062,7062,7062,7062,7062,7062,7062],"tree_rebalances":0},"undo":{"maximum_sequence_depth":14,"maximum_work":5902,"median_ms":0.8266,"p95_ms":1.0426,"raw_samples_ms":[0.8202,0.821,0.8308,0.8928,0.8362,0.8223,0.8174,1.0522,0.8252,0.8597,0.8220000000000001,0.8864,0.8291999999999999,0.8247,0.8304,0.9021,0.8283,0.8227,0.8212,1.0426,0.8272,0.8208,0.8233999999999999,0.8188,0.8289000000000001,0.8266,0.8198,0.8172,0.8404,0.824],"raw_work_samples":[5902,5902,5902,5902,5902,5902,5902,5902,5902,5902,5902,5902,5902,5902,5902,5902,5902,5902,5902,5902,5902,5902,5902,5902,5902,5902,5902,5902,5902,5902],"tree_rebalances":16},"ungroup":{"maximum_sequence_depth":14,"maximum_work":7573,"median_ms":1.0124000000000002,"p95_ms":1.1051,"raw_samples_ms":[1.0069000000000001,1.0509,1.0061,1.0368,1.0347,1.0044,1.0115,1.0868,1.0376,1.0124000000000002,0.9974999999999999,1.073,1.0096,1.0028000000000001,1.0143000000000002,1.1051,1.0679999999999998,1.0066000000000002,0.9977,1.0667,1.0215,1.0066000000000002,0.9969,1.1242999999999999,1.0173,1.0051999999999999,1.001,1.0617999999999999,1.0116,1.011],"raw_work_samples":[7573,7573,7573,7573,7573,7573,7573,7573,7573,7573,7573,7573,7573,7573,7573,7573,7573,7573,7573,7573,7573,7573,7573,7573,7573,7573,7573,7573,7573,7573],"tree_rebalances":16}},"pattern":"random_seed_0x5eed","selection_count":100,"warmups":10},{"exact_sibling_order_restored":true,"measured_iterations":30,"node_count":10000,"operations":{"group":{"maximum_sequence_depth":15,"maximum_work":8704,"median_ms":1.0114,"p95_ms":2.5837,"raw_samples_ms":[2.6102,2.5837,1.0869,1.0669,1.0572,1.0488,1.1053,1.0471,1.042,1.0412,1.2437,1.0146,0.9866,0.9810000000000001,0.977,1.0005000000000002,0.9843000000000001,0.982,0.9835,0.9816,1.0114,0.99,0.9840999999999999,0.9808,1.1463999999999999,0.9917999999999999,0.9986,0.9801,0.9779000000000001,1.4771],"raw_work_samples":[8704,8704,8704,8704,8704,8704,8704,8704,8704,8704,8704,8704,8704,8704,8704,8704,8704,8704,8704,8704,8704,8704,8704,8704,8704,8704,8704,8704,8704,8704],"tree_rebalances":76},"redo":{"maximum_sequence_depth":15,"maximum_work":7102,"median_ms":0.8355,"p95_ms":0.9386000000000001,"raw_samples_ms":[2.1339,0.9158999999999999,0.882,0.8884,0.8796999999999999,0.8871,0.8857999999999999,0.879,0.87,0.8728,0.8522,0.8312,0.8252999999999999,0.8225,0.9303,0.8271,0.8226,0.8194,0.8285,0.9386000000000001,0.8245,0.8222,0.82,0.8170000000000001,0.8355,0.8203,0.8188,0.8184,0.8153,0.8438],"raw_work_samples":[7102,7102,7102,7102,7102,7102,7102,7102,7102,7102,7102,7102,7102,7102,7102,7102,7102,7102,7102,7102,7102,7102,7102,7102,7102,7102,7102,7102,7102,7102],"tree_rebalances":76},"undo":{"maximum_sequence_depth":15,"maximum_work":6831,"median_ms":0.7245,"p95_ms":1.4645000000000001,"raw_samples_ms":[1.8805,1.4645000000000001,0.7789999999999999,0.7723,0.7728999999999999,0.7639,0.7761,0.7791,0.7599,0.7595,0.756,0.7245,0.7176,0.7177,0.7152000000000001,0.7203999999999999,0.7177,0.7139,0.7171000000000001,0.7152999999999999,0.7253999999999999,0.7168,0.7148,0.712,0.7627,0.7172,0.7226999999999999,0.7109,0.714,0.8212],"raw_work_samples":[6831,6831,6831,6831,6831,6831,6831,6831,6831,6831,6831,6831,6831,6831,6831,6831,6831,6831,6831,6831,6831,6831,6831,6831,6831,6831,6831,6831,6831,6831],"tree_rebalances":170},"ungroup":{"maximum_sequence_depth":15,"maximum_work":7442,"median_ms":0.8627,"p95_ms":1.2007,"raw_samples_ms":[2.2066999999999997,0.9427,0.9182,0.9107,0.9259000000000001,1.0248,0.9125,0.9188,0.8961,0.8957,0.8706,0.8569,0.8462,0.8593999999999999,0.8627,0.8488,0.8614,0.8499,0.8471000000000001,0.8883,0.8496,0.8471000000000001,0.841,0.8453999999999999,0.8578,0.8465,0.8647,0.8436,1.2007,0.856],"raw_work_samples":[7442,7442,7442,7442,7442,7442,7442,7442,7442,7442,7442,7442,7442,7442,7442,7442,7442,7442,7442,7442,7442,7442,7442,7442,7442,7442,7442,7442,7442,7442],"tree_rebalances":170}},"pattern":"multiple_runs","selection_count":100,"warmups":10},{"exact_sibling_order_restored":true,"measured_iterations":30,"node_count":10000,"operations":{"group":{"maximum_sequence_depth":14,"maximum_work":24806,"median_ms":3.1924,"p95_ms":6.341,"raw_samples_ms":[3.0,2.9717,2.4277,2.7098999999999998,2.4025000000000003,3.5956,3.5566,2.3905,2.4733,2.4196,4.1583000000000006,3.5239999999999996,2.3737,2.3640000000000003,2.3636,2.3323,3.6315000000000004,4.1163,4.8414,4.6158,3.6807,2.6097,3.6749,4.6974,2.5821,6.3846,3.4483,3.1924,2.7058,6.341],"raw_work_samples":[24806,24806,24806,24806,24806,24806,24806,24806,24806,24806,24806,24806,24806,24806,24806,24806,24806,24806,24806,24806,24806,24806,24806,24806,24806,24806,24806,24806,24806,24806],"tree_rebalances":322},"redo":{"maximum_sequence_depth":14,"maximum_work":20170,"median_ms":2.536,"p95_ms":5.122800000000001,"raw_samples_ms":[2.3855,2.0988,1.9404,2.006,1.9117,3.0653,2.1042,1.9602,2.0571,1.941,3.0385,2.536,1.9434,2.0951,1.9289,2.7691,2.8825000000000003,2.9072,5.0779,3.3991,2.1470000000000002,3.0366,2.9524999999999997,3.3863,5.2292,5.077800000000001,2.7027,2.4382,2.2285999999999997,5.122800000000001],"raw_work_samples":[20170,20170,20170,20170,20170,20170,20170,20170,20170,20170,20170,20170,20170,20170,20170,20170,20170,20170,20170,20170,20170,20170,20170,20170,20170,20170,20170,20170,20170,20170],"tree_rebalances":322},"undo":{"maximum_sequence_depth":14,"maximum_work":21142,"median_ms":2.0984,"p95_ms":4.300400000000001,"raw_samples_ms":[1.9864000000000002,2.0229,1.6177,1.6707,1.5971,2.6099,2.0984,1.6321,1.6123,1.6178,2.6318,2.3853,1.5962999999999998,1.5695,1.5827,1.5759999999999998,2.4126,2.4652,4.3057,2.7626999999999997,1.8528,1.7741,2.5300000000000002,3.1975,2.691,4.300400000000001,2.2583,2.1335,1.8386,4.2818],"raw_work_samples":[21142,21142,21142,21142,21142,21142,21142,21142,21142,21142,21142,21142,21142,21142,21142,21142,21142,21142,21142,21142,21142,21142,21142,21142,21142,21142,21142,21142,21142,21142],"tree_rebalances":626},"ungroup":{"maximum_sequence_depth":14,"maximum_work":22683,"median_ms":2.2653,"p95_ms":5.1036,"raw_samples_ms":[2.4635,2.0276,1.9678999999999998,2.0331,1.9381,3.0261,1.9924000000000002,1.9666000000000001,1.9796000000000002,1.9477,2.9524,1.9916,1.9477,1.9863,1.9368,3.1865,3.1933000000000002,2.9474,5.1445,3.25,2.1525,3.5333,2.9364,2.2653,5.0773,5.1036,2.6846,2.2415,2.1665,4.5472],"raw_work_samples":[22683,22683,22683,22683,22683,22683,22683,22683,22683,22683,22683,22683,22683,22683,22683,22683,22683,22683,22683,22683,22683,22683,22683,22683,22683,22683,22683,22683,22683,22683],"tree_rebalances":626}},"pattern":"contiguous_front","selection_count":300,"warmups":10},{"exact_sibling_order_restored":true,"measured_iterations":30,"node_count":10000,"operations":{"group":{"maximum_sequence_depth":15,"maximum_work":25929,"median_ms":2.5065999999999997,"p95_ms":6.4510000000000005,"raw_samples_ms":[6.4510000000000005,2.6103,2.3674,3.0558,2.6487,2.4796,2.3609999999999998,2.448,2.3462,2.4577,2.3673,2.5084,2.3506,2.5065999999999997,2.3514,2.6289,2.363,2.4377,2.3611999999999997,6.2908,3.2837,6.5261,3.5037,3.3489,3.2858,2.5114,2.4623000000000004,2.4512,2.5293,2.4130000000000003],"raw_work_samples":[25929,25929,25929,25929,25929,25929,25929,25929,25929,25929,25929,25929,25929,25929,25929,25929,25929,25929,25929,25929,25929,25929,25929,25929,25929,25929,25929,25929,25929,25929],"tree_rebalances":296},"redo":{"maximum_sequence_depth":15,"maximum_work":21022,"median_ms":1.9980000000000002,"p95_ms":4.0059,"raw_samples_ms":[3.1961,1.9505,1.8921000000000001,2.1736,2.1269,1.9492,1.8998000000000002,1.9475,2.0026,1.9507999999999999,2.0993,1.965,1.9055,1.9567999999999999,1.8988,1.9980000000000002,2.042,1.9522000000000002,1.9105999999999999,4.0059,2.5677999999999996,5.4887,2.5956,2.6223,2.4476,1.9847,2.0065999999999997,2.0764,1.9565,1.9564000000000001],"raw_work_samples":[21022,21022,21022,21022,21022,21022,21022,21022,21022,21022,21022,21022,21022,21022,21022,21022,21022,21022,21022,21022,21022,21022,21022,21022,21022,21022,21022,21022,21022,21022],"tree_rebalances":296},"undo":{"maximum_sequence_depth":15,"maximum_work":21207,"median_ms":1.6702,"p95_ms":4.3614999999999995,"raw_samples_ms":[4.3614999999999995,1.7064000000000001,1.6406,1.8445,1.8037999999999998,1.647,1.6224,1.6474,1.6161,1.6702,1.63,1.6528,1.6192,1.6661,1.6157000000000001,1.7095,1.6233,1.6338,1.6225,4.2474,2.1894,4.4015,2.2366,2.2607999999999997,2.2922,1.6853,1.7187000000000001,1.6601000000000001,1.7158,1.6523],"raw_work_samples":[21207,21207,21207,21207,21207,21207,21207,21207,21207,21207,21207,21207,21207,21207,21207,21207,21207,21207,21207,21207,21207,21207,21207,21207,21207,21207,21207,21207,21207,21207],"tree_rebalances":594},"ungroup":{"maximum_sequence_depth":15,"maximum_work":22745,"median_ms":2.0447,"p95_ms":5.3745,"raw_samples_ms":[2.0081,2.0447,1.9581,2.185,2.3264,1.9895,2.2845999999999997,1.9665,2.0658,1.9989000000000001,2.013,1.9784999999999997,2.26,1.9738999999999998,2.3302,2.0239,2.0447,1.9886000000000001,5.437,2.8564,3.333,5.3745,2.9556999999999998,2.7028,2.0643,2.0957,2.0374999999999996,2.0122999999999998,2.0124,1.9787],"raw_work_samples":[22745,22745,22745,22745,22745,22745,22745,22745,22745,22745,22745,22745,22745,22745,22745,22745,22745,22745,22745,22745,22745,22745,22745,22745,22745,22745,22745,22745,22745,22745],"tree_rebalances":594}},"pattern":"contiguous_middle","selection_count":300,"warmups":10},{"exact_sibling_order_restored":true,"measured_iterations":30,"node_count":10000,"operations":{"group":{"maximum_sequence_depth":14,"maximum_work":26109,"median_ms":4.1558,"p95_ms":9.5841,"raw_samples_ms":[5.9978,8.4084,7.844800000000001,3.9105,3.9439999999999995,3.6884,4.3619,3.3914,3.5488,3.9642000000000004,3.6684,3.7289,3.9444,4.471,8.5035,4.662,9.5841,3.8556,10.646299999999998,4.1748,6.3338,4.2889,4.1558,3.9861999999999997,3.6757999999999997,3.3994,3.7155,4.1895999999999995,5.4223,4.1475],"raw_work_samples":[26109,26109,26109,26109,26109,26109,26109,26109,26109,26109,26109,26109,26109,26109,26109,26109,26109,26109,26109,26109,26109,26109,26109,26109,26109,26109,26109,26109,26109,26109],"tree_rebalances":0},"redo":{"maximum_sequence_depth":14,"maximum_work":21040,"median_ms":3.348,"p95_ms":7.8045,"raw_samples_ms":[3.5555,7.5535000000000005,3.7642,3.5731,2.9194,2.9018,3.0673,3.2975,2.8911000000000002,2.8926999999999996,2.9987999999999997,2.8914,2.8356000000000003,3.7387,7.2638,8.1205,5.9248,7.8045,5.499300000000001,5.813,3.3416,3.6809,3.1438,2.8481,3.348,3.5923000000000003,2.8021000000000003,2.8851,7.7561,2.8684000000000003],"raw_work_samples":[21040,21040,21040,21040,21040,21040,21040,21040,21040,21040,21040,21040,21040,21040,21040,21040,21040,21040,21040,21040,21040,21040,21040,21040,21040,21040,21040,21040,21040,21040],"tree_rebalances":0},"undo":{"maximum_sequence_depth":14,"maximum_work":17512,"median_ms":2.4949,"p95_ms":6.0562000000000005,"raw_samples_ms":[3.5425,5.5255,2.9667,2.3145000000000002,2.1425,2.3440000000000003,2.3912,2.1139,1.9666000000000001,2.4077,2.353,2.0218,2.1456,2.4949,8.5273,6.0562000000000005,4.1303,4.8824000000000005,4.7322,2.7006,3.6677,2.7569,2.7205,2.1125,2.6277000000000004,2.0072,1.9597,2.4937,5.8307,2.0686],"raw_work_samples":[17512,17512,17512,17512,17512,17512,17512,17512,17512,17512,17512,17512,17512,17512,17512,17512,17512,17512,17512,17512,17512,17512,17512,17512,17512,17512,17512,17512,17512,17512],"tree_rebalances":32},"ungroup":{"maximum_sequence_depth":14,"maximum_work":22502,"median_ms":3.0187999999999997,"p95_ms":7.0222,"raw_samples_ms":[2.7561999999999998,7.1738,2.9031000000000002,3.3476,3.0508,2.5186,2.5079,3.0187999999999997,2.9131,2.5155,2.6515000000000004,3.0572,2.7027,2.8903000000000003,4.8231,7.0222,4.053400000000001,4.689900000000001,3.554,4.8328,2.9347000000000003,3.6984,3.1909,2.5153,2.644,3.1955999999999998,2.6653,2.5311,5.6279,2.6013],"raw_work_samples":[22502,22502,22502,22502,22502,22502,22502,22502,22502,22502,22502,22502,22502,22502,22502,22502,22502,22502,22502,22502,22502,22502,22502,22502,22502,22502,22502,22502,22502,22502],"tree_rebalances":32}},"pattern":"uniform","selection_count":300,"warmups":10},{"exact_sibling_order_restored":true,"measured_iterations":30,"node_count":10000,"operations":{"group":{"maximum_sequence_depth":14,"maximum_work":26085,"median_ms":3.4653,"p95_ms":4.9771,"raw_samples_ms":[3.3671,3.8752999999999997,4.7184,4.2665999999999995,3.359,3.5086000000000004,3.4653,3.0905,3.2573,3.1249,3.211,3.5825,3.0428,3.1757999999999997,3.5168999999999997,3.1414,3.2017,3.6549,5.3513,3.9776000000000002,3.0355999999999996,3.2317,3.5215,3.0366,3.2647,4.0469,3.354,4.848800000000001,4.8864,4.9771],"raw_work_samples":[26085,26085,26085,26085,26085,26085,26085,26085,26085,26085,26085,26085,26085,26085,26085,26085,26085,26085,26085,26085,26085,26085,26085,26085,26085,26085,26085,26085,26085,26085],"tree_rebalances":0},"redo":{"maximum_sequence_depth":14,"maximum_work":21040,"median_ms":2.7112999999999996,"p95_ms":4.4232000000000005,"raw_samples_ms":[2.9009,2.7112999999999996,3.2819,2.7238,2.6567000000000003,2.8053000000000003,2.9277,2.6,2.6693,2.679,2.539,2.4968,2.9673,2.4816000000000003,2.5239,2.6613,2.6635,5.5487,2.7717,2.7085999999999997,3.3091,2.4626,2.5344,3.0256,2.5457,2.6305,4.4232000000000005,4.039,4.2839,2.8249],"raw_work_samples":[21040,21040,21040,21040,21040,21040,21040,21040,21040,21040,21040,21040,21040,21040,21040,21040,21040,21040,21040,21040,21040,21040,21040,21040,21040,21040,21040,21040,21040,21040],"tree_rebalances":0},"undo":{"maximum_sequence_depth":14,"maximum_work":17638,"median_ms":2.1894,"p95_ms":3.3796999999999997,"raw_samples_ms":[2.0541,2.1648,2.8017,2.6259,1.9289,2.0114,2.5362,1.9418,1.967,2.2867,2.0349999999999997,2.1589,2.4041,1.8961,2.2342,2.142,1.9497,2.0525,2.3781000000000003,2.3377,1.9196,1.9143000000000001,2.004,2.2761,2.2459,2.1894,3.781,3.3122999999999996,3.3796999999999997,2.549],"raw_work_samples":[17638,17638,17638,17638,17638,17638,17638,17638,17638,17638,17638,17638,17638,17638,17638,17638,17638,17638,17638,17638,17638,17638,17638,17638,17638,17638,17638,17638,17638,17638],"tree_rebalances":66},"ungroup":{"maximum_sequence_depth":14,"maximum_work":22582,"median_ms":2.8256,"p95_ms":4.0081,"raw_samples_ms":[3.2824999999999998,2.6251,2.9250000000000003,2.5488,2.9567,2.5057,2.6808,2.9227,2.5709999999999997,2.4911,2.8863,2.4055,2.8314,2.9259,2.4399,2.5691,2.9226,6.6385000000000005,2.568,2.4527,2.9532,2.6037999999999997,2.6313,2.8256,2.7817,2.8143000000000002,3.9831,3.9196999999999997,4.0081,2.8596],"raw_work_samples":[22582,22582,22582,22582,22582,22582,22582,22582,22582,22582,22582,22582,22582,22582,22582,22582,22582,22582,22582,22582,22582,22582,22582,22582,22582,22582,22582,22582,22582,22582],"tree_rebalances":66}},"pattern":"random_seed_0x5eed","selection_count":300,"warmups":10},{"exact_sibling_order_restored":true,"measured_iterations":30,"node_count":10000,"operations":{"group":{"maximum_sequence_depth":15,"maximum_work":26123,"median_ms":2.5781,"p95_ms":4.071400000000001,"raw_samples_ms":[2.4878,2.5071,2.5382,2.4286,2.565,2.4090000000000003,2.4644,2.4153,6.6613,3.9908,2.9701,2.6738,2.6477,2.6178,4.071400000000001,3.17,3.3265000000000002,2.7150999999999996,2.4794,2.5781,2.4701,2.5477999999999996,2.4177,2.493,2.6565,2.472,2.4074999999999998,3.7513,3.8725,2.6472],"raw_work_samples":[26123,26123,26123,26123,26123,26123,26123,26123,26123,26123,26123,26123,26123,26123,26123,26123,26123,26123,26123,26123,26123,26123,26123,26123,26123,26123,26123,26123,26123,26123],"tree_rebalances":270},"redo":{"maximum_sequence_depth":15,"maximum_work":21258,"median_ms":2.0894,"p95_ms":5.1167,"raw_samples_ms":[2.1506,1.9369,2.0175,1.9493,2.0722,2.0579,2.0743,1.9848999999999999,5.581799999999999,2.2081,2.2016,2.405,2.0162,5.1167,2.5751,3.1461,2.6548000000000003,2.0724,2.0894,2.0393,2.1716,2.0284999999999997,2.0487,2.0408,2.1189999999999998,1.9899000000000002,3.1248,3.2367,2.9476,2.0861],"raw_work_samples":[21258,21258,21258,21258,21258,21258,21258,21258,21258,21258,21258,21258,21258,21258,21258,21258,21258,21258,21258,21258,21258,21258,21258,21258,21258,21258,21258,21258,21258,21258],"tree_rebalances":270},"undo":{"maximum_sequence_depth":15,"maximum_work":20963,"median_ms":1.772,"p95_ms":4.433999999999999,"raw_samples_ms":[1.7361,1.6789999999999998,1.7524000000000002,1.7026000000000001,1.8041,1.7741,1.7872999999999999,1.6614,4.433999999999999,1.8198,1.9078000000000002,1.9234,1.7561,5.1357,2.2401,2.5713,2.2077,1.7585000000000002,1.7041,1.7326,1.6769,1.7225000000000001,1.6759,1.7051,1.772,1.7503,2.6350000000000002,2.5381,2.5184,1.7149],"raw_work_samples":[20963,20963,20963,20963,20963,20963,20963,20963,20963,20963,20963,20963,20963,20963,20963,20963,20963,20963,20963,20963,20963,20963,20963,20963,20963,20963,20963,20963,20963,20963],"tree_rebalances":562},"ungroup":{"maximum_sequence_depth":15,"maximum_work":22572,"median_ms":2.164,"p95_ms":5.608700000000001,"raw_samples_ms":[2.1369000000000002,2.0313000000000003,2.0463,2.0221,2.0597,2.0677999999999996,2.0823,5.608700000000001,5.652299999999999,2.6016,2.2908,2.2584,2.0542,5.34,2.749,2.8962,2.1906,2.1456,2.3377,2.0706,2.2947,2.0625999999999998,2.1291,2.0911,2.164,2.0374,3.1521000000000003,3.4825,3.0957,2.0664],"raw_work_samples":[22572,22572,22572,22572,22572,22572,22572,22572,22572,22572,22572,22572,22572,22572,22572,22572,22572,22572,22572,22572,22572,22572,22572,22572,22572,22572,22572,22572,22572,22572],"tree_rebalances":562}},"pattern":"multiple_runs","selection_count":300,"warmups":10},{"exact_sibling_order_restored":true,"measured_iterations":30,"node_count":10000,"operations":{"group":{"maximum_sequence_depth":15,"maximum_work":85984,"median_ms":8.6786,"p95_ms":15.7126,"raw_samples_ms":[8.0655,13.9355,7.8916,8.0451,8.67,16.921100000000003,9.4161,10.8279,11.1464,9.192300000000001,8.4835,7.9767,15.7126,8.146600000000001,8.794599999999999,9.7019,11.6751,10.7948,8.164100000000001,14.7004,8.5976,8.647,8.6786,8.2921,7.9414,8.0184,7.5005999999999995,8.2752,8.8339,9.885299999999999],"raw_work_samples":[85984,85984,85984,85984,85984,85984,85984,85984,85984,85984,85984,85984,85984,85984,85984,85984,85984,85984,85984,85984,85984,85984,85984,85984,85984,85984,85984,85984,85984,85984],"tree_rebalances":2046},"redo":{"maximum_sequence_depth":15,"maximum_work":70440,"median_ms":6.8828,"p95_ms":10.8927,"raw_samples_ms":[6.5419,6.3148,6.0983,6.760000000000001,8.906799999999999,7.1936,7.4621,8.485899999999999,8.772200000000002,6.9711,6.4529000000000005,6.5040000000000004,8.2322,6.5351,11.190900000000001,7.7755,7.0809999999999995,6.6196,7.6061000000000005,6.8828,10.8927,6.8592,6.5419,6.1242,6.3411,6.1871,6.9324,6.5584,7.0851999999999995,6.4243],"raw_work_samples":[70440,70440,70440,70440,70440,70440,70440,70440,70440,70440,70440,70440,70440,70440,70440,70440,70440,70440,70440,70440,70440,70440,70440,70440,70440,70440,70440,70440,70440,70440],"tree_rebalances":2046},"undo":{"maximum_sequence_depth":15,"maximum_work":73993,"median_ms":5.3778999999999995,"p95_ms":8.1485,"raw_samples_ms":[5.3108,5.3586,5.392,5.2486,5.6114,9.921100000000001,8.1485,6.9337,7.0023,5.3099,5.3778999999999995,5.0379,6.7349000000000006,5.083200000000001,5.188199999999999,5.9854,5.7267,5.260199999999999,5.194500000000001,7.7473,5.407900000000001,6.1749,5.2426,5.2818,5.0706,5.298,5.3026,5.0126,5.419700000000001,5.787],"raw_work_samples":[73993,73993,73993,73993,73993,73993,73993,73993,73993,73993,73993,73993,73993,73993,73993,73993,73993,73993,73993,73993,73993,73993,73993,73993,73993,73993,73993,73993,73993,73993],"tree_rebalances":2722},"ungroup":{"maximum_sequence_depth":15,"maximum_work":79025,"median_ms":6.599200000000001,"p95_ms":11.9506,"raw_samples_ms":[6.7298,6.599200000000001,6.3841,6.4609000000000005,7.7968,9.8878,8.6843,8.4656,8.6349,6.6356,6.4108,6.1303,8.0935,6.3424,11.9506,6.522799999999999,10.485299999999999,6.1551,8.6006,6.4733,15.2683,7.0237,6.5943,6.4791,6.3742,6.492900000000001,6.144,6.4818999999999996,6.6873000000000005,6.2766],"raw_work_samples":[79025,79025,79025,79025,79025,79025,79025,79025,79025,79025,79025,79025,79025,79025,79025,79025,79025,79025,79025,79025,79025,79025,79025,79025,79025,79025,79025,79025,79025,79025],"tree_rebalances":2722}},"pattern":"contiguous_front","selection_count":1000,"warmups":10},{"exact_sibling_order_restored":true,"measured_iterations":30,"node_count":10000,"operations":{"group":{"maximum_sequence_depth":15,"maximum_work":85394,"median_ms":8.5287,"p95_ms":21.2949,"raw_samples_ms":[8.037799999999999,8.4523,7.5185,8.4315,10.4973,8.4519,8.5287,7.643,8.2211,10.3002,8.5992,8.594199999999999,12.6325,8.010299999999999,7.816800000000001,8.0491,7.5995,7.8911,8.183599999999998,7.8397,13.6531,21.2949,11.4636,8.548399999999999,10.6737,14.565,8.7785,8.0316,21.933500000000002,9.607299999999999],"raw_work_samples":[85394,85394,85394,85394,85394,85394,85394,85394,85394,85394,85394,85394,85394,85394,85394,85394,85394,85394,85394,85394,85394,85394,85394,85394,85394,85394,85394,85394,85394,85394],"tree_rebalances":994},"redo":{"maximum_sequence_depth":15,"maximum_work":69038,"median_ms":6.6466,"p95_ms":15.244499999999999,"raw_samples_ms":[6.7514,6.0567,6.3593,6.6466,6.731199999999999,6.321000000000001,6.381600000000001,6.428299999999999,15.244499999999999,6.8772,6.5364,6.919899999999999,7.890899999999999,6.3819,6.3025,6.3831,6.031199999999999,6.4452,6.068300000000001,6.3325,7.693099999999999,16.6011,6.2898,7.9597,8.215,10.804599999999999,6.8968,6.6226,14.7451,7.0669],"raw_work_samples":[69038,69038,69038,69038,69038,69038,69038,69038,69038,69038,69038,69038,69038,69038,69038,69038,69038,69038,69038,69038,69038,69038,69038,69038,69038,69038,69038,69038,69038,69038],"tree_rebalances":994},"undo":{"maximum_sequence_depth":15,"maximum_work":70487,"median_ms":5.6013,"p95_ms":15.085899999999999,"raw_samples_ms":[5.2366,5.4692,5.7727,5.3077000000000005,12.7976,5.1438999999999995,5.508,5.5701,5.1054,5.6974,6.0135,6.0489999999999995,5.940499999999999,5.401000000000001,5.5705,5.3216,5.5864,5.2337,5.3745,5.642,5.5288,15.131,5.6013,7.1148,7.0682,13.8827,6.1429,5.4111,15.085899999999999,6.1457999999999995],"raw_work_samples":[70487,70487,70487,70487,70487,70487,70487,70487,70487,70487,70487,70487,70487,70487,70487,70487,70487,70487,70487,70487,70487,70487,70487,70487,70487,70487,70487,70487,70487,70487],"tree_rebalances":1994},"ungroup":{"maximum_sequence_depth":15,"maximum_work":75525,"median_ms":7.1131,"p95_ms":17.378,"raw_samples_ms":[6.589099999999999,6.8407,6.4046,6.6739,6.2288,6.9312000000000005,6.7653,6.4398,17.1241,7.2444,7.3529,14.4969,7.1855,6.7486999999999995,6.5491,6.6584,6.8111999999999995,6.4757,6.7493,11.7484,17.378,18.7318,7.2272,8.571499999999999,9.965200000000001,7.621099999999999,7.1131,6.3369,8.237599999999999,8.0906],"raw_work_samples":[75525,75525,75525,75525,75525,75525,75525,75525,75525,75525,75525,75525,75525,75525,75525,75525,75525,75525,75525,75525,75525,75525,75525,75525,75525,75525,75525,75525,75525,75525],"tree_rebalances":1994}},"pattern":"contiguous_middle","selection_count":1000,"warmups":10},{"exact_sibling_order_restored":true,"measured_iterations":30,"node_count":10000,"operations":{"group":{"maximum_sequence_depth":14,"maximum_work":86907,"median_ms":11.662799999999999,"p95_ms":24.823999999999998,"raw_samples_ms":[12.709,11.2384,13.981,12.8148,11.319799999999999,11.1491,11.1237,11.043600000000001,10.804400000000001,11.3767,11.1784,10.9335,11.2011,11.1715,20.7992,26.411299999999997,14.0169,11.6647,12.6052,15.1795,20.1562,24.823999999999998,11.6775,11.3644,12.851899999999999,11.9007,11.1503,11.662799999999999,11.3317,11.4051],"raw_work_samples":[86907,86907,86907,86907,86907,86907,86907,86907,86907,86907,86907,86907,86907,86907,86907,86907,86907,86907,86907,86907,86907,86907,86907,86907,86907,86907,86907,86907,86907,86907],"tree_rebalances":0},"redo":{"maximum_sequence_depth":14,"maximum_work":70002,"median_ms":9.7909,"p95_ms":18.7891,"raw_samples_ms":[10.1034,11.5474,16.8692,8.6059,9.3484,9.126199999999999,9.555,8.0075,8.6029,9.261800000000001,9.1565,8.765699999999999,8.5009,12.8375,11.9205,12.485299999999999,13.2415,10.2274,18.7891,11.3116,10.887300000000002,14.217,9.688799999999999,16.903100000000002,20.7378,9.7909,8.3532,9.209399999999999,9.2188,9.0655],"raw_work_samples":[70002,70002,70002,70002,70002,70002,70002,70002,70002,70002,70002,70002,70002,70002,70002,70002,70002,70002,70002,70002,70002,70002,70002,70002,70002,70002,70002,70002,70002,70002],"tree_rebalances":0},"undo":{"maximum_sequence_depth":14,"maximum_work":58216,"median_ms":7.4723999999999995,"p95_ms":11.3123,"raw_samples_ms":[7.5705,7.2149,8.7835,8.0071,7.1476,7.26,7.426399999999999,7.5599,6.9994000000000005,6.690899999999999,6.659199999999999,7.306,7.2593,8.111500000000001,8.4572,16.0816,7.8045,7.339499999999999,7.1249,8.6296,8.625300000000001,11.3123,7.4723999999999995,8.101600000000001,8.5224,7.6553,7.1218,6.9747,7.1856,7.403],"raw_work_samples":[58216,58216,58216,58216,58216,58216,58216,58216,58216,58216,58216,58216,58216,58216,58216,58216,58216,58216,58216,58216,58216,58216,58216,58216,58216,58216,58216,58216,58216,58216],"tree_rebalances":92},"ungroup":{"maximum_sequence_depth":14,"maximum_work":74771,"median_ms":9.393699999999999,"p95_ms":20.726100000000002,"raw_samples_ms":[9.4725,16.8825,10.911999999999999,9.2248,9.0238,9.009,9.243400000000001,9.0429,8.9192,8.6646,8.6525,9.108,9.158100000000001,14.956000000000001,20.7654,12.4689,9.824,11.6076,20.726100000000002,14.0683,11.101099999999999,10.8148,9.3887,16.2983,14.7456,9.393699999999999,8.9523,8.7674,9.1225,9.1595],"raw_work_samples":[74771,74771,74771,74771,74771,74771,74771,74771,74771,74771,74771,74771,74771,74771,74771,74771,74771,74771,74771,74771,74771,74771,74771,74771,74771,74771,74771,74771,74771,74771],"tree_rebalances":92}},"pattern":"uniform","selection_count":1000,"warmups":10},{"exact_sibling_order_restored":true,"measured_iterations":30,"node_count":10000,"operations":{"group":{"maximum_sequence_depth":14,"maximum_work":86587,"median_ms":13.6956,"p95_ms":27.1446,"raw_samples_ms":[12.226799999999999,18.5452,14.546399999999998,26.2392,12.0063,27.0783,15.9096,15.1975,11.8482,14.9049,11.6491,12.6953,12.1083,19.017599999999998,24.7754,24.95,16.0256,27.1446,12.919099999999998,33.8209,12.4132,11.5459,11.6836,12.4694,11.4704,11.4155,11.6853,13.6956,22.6293,12.0933],"raw_work_samples":[86587,86587,86587,86587,86587,86587,86587,86587,86587,86587,86587,86587,86587,86587,86587,86587,86587,86587,86587,86587,86587,86587,86587,86587,86587,86587,86587,86587,86587,86587],"tree_rebalances":0},"redo":{"maximum_sequence_depth":14,"maximum_work":69876,"median_ms":12.3496,"p95_ms":21.5287,"raw_samples_ms":[12.3496,15.3445,9.7402,13.3141,16.6937,13.2881,12.2174,10.097,9.1206,11.673599999999999,9.4553,9.3352,14.2773,14.7846,17.0915,10.9546,22.434099999999997,15.773,18.484299999999998,13.356399999999999,10.8563,9.1864,10.6252,9.2964,9.4454,9.4289,21.5287,15.3934,12.3861,10.0762],"raw_work_samples":[69876,69876,69876,69876,69876,69876,69876,69876,69876,69876,69876,69876,69876,69876,69876,69876,69876,69876,69876,69876,69876,69876,69876,69876,69876,69876,69876,69876,69876,69876],"tree_rebalances":0},"undo":{"maximum_sequence_depth":14,"maximum_work":58946,"median_ms":10.2194,"p95_ms":17.258300000000002,"raw_samples_ms":[12.391,17.258300000000002,7.815,16.4065,10.2194,16.8863,10.2487,8.8478,7.2451,9.4378,7.119999999999999,14.8305,11.1111,8.7607,8.8653,9.1329,17.681700000000003,17.1922,8.366,11.04,16.9242,8.1006,7.3628,7.8248999999999995,7.7777,7.236700000000001,11.7896,13.6008,10.8093,7.6872],"raw_work_samples":[58946,58946,58946,58946,58946,58946,58946,58946,58946,58946,58946,58946,58946,58946,58946,58946,58946,58946,58946,58946,58946,58946,58946,58946,58946,58946,58946,58946,58946,58946],"tree_rebalances":324},"ungroup":{"maximum_sequence_depth":14,"maximum_work":74512,"median_ms":10.1887,"p95_ms":20.4468,"raw_samples_ms":[11.9489,13.2162,15.613800000000001,9.539900000000001,12.4818,14.687800000000001,19.8492,9.481,9.738399999999999,9.9197,8.6613,8.8871,10.521799999999999,20.4468,16.8149,10.8325,20.4062,11.7618,20.822799999999997,10.151200000000001,10.1887,9.2164,9.862599999999999,9.683900000000001,9.4154,9.1763,12.2928,9.4805,10.118500000000001,9.8817],"raw_work_samples":[74512,74512,74512,74512,74512,74512,74512,74512,74512,74512,74512,74512,74512,74512,74512,74512,74512,74512,74512,74512,74512,74512,74512,74512,74512,74512,74512,74512,74512,74512],"tree_rebalances":324}},"pattern":"random_seed_0x5eed","selection_count":1000,"warmups":10},{"exact_sibling_order_restored":true,"measured_iterations":30,"node_count":10000,"operations":{"group":{"maximum_sequence_depth":15,"maximum_work":86674,"median_ms":8.7712,"p95_ms":21.5179,"raw_samples_ms":[8.4072,8.038699999999999,7.9515,21.5179,8.7712,8.1846,21.1089,9.204600000000001,12.3879,15.4784,9.1196,8.911999999999999,8.4034,8.7002,13.8517,17.9252,12.7274,28.0013,11.2829,9.5364,8.6376,8.3232,8.0482,12.1697,8.1997,8.4436,8.638200000000001,8.2841,8.2795,8.767999999999999],"raw_work_samples":[86674,86674,86674,86674,86674,86674,86674,86674,86674,86674,86674,86674,86674,86674,86674,86674,86674,86674,86674,86674,86674,86674,86674,86674,86674,86674,86674,86674,86674,86674],"tree_rebalances":966},"redo":{"maximum_sequence_depth":15,"maximum_work":70342,"median_ms":7.1114999999999995,"p95_ms":14.3988,"raw_samples_ms":[6.854,6.0636,7.3464,10.7924,6.8852,6.6441,9.4199,13.117,8.4231,8.977799999999998,7.1186,7.2821,6.41,6.233,7.0764000000000005,10.146199999999999,17.401,14.3988,10.7147,7.1114999999999995,6.8338,6.1118,6.6552,6.4795,7.552,6.6209,6.2385,6.5495,7.5842,6.8366],"raw_work_samples":[70342,70342,70342,70342,70342,70342,70342,70342,70342,70342,70342,70342,70342,70342,70342,70342,70342,70342,70342,70342,70342,70342,70342,70342,70342,70342,70342,70342,70342,70342],"tree_rebalances":966},"undo":{"maximum_sequence_depth":15,"maximum_work":70360,"median_ms":5.9758,"p95_ms":13.9871,"raw_samples_ms":[5.1938,5.7395,6.4251000000000005,14.1379,6.1758999999999995,5.7296,13.9691,6.087000000000001,9.8002,10.3122,6.649,5.7542,5.8664,5.7756,7.6394,8.4404,11.4676,9.25,13.9871,6.2374,5.4783,5.655,5.8837,5.909400000000001,5.9758,5.231000000000001,5.6612,5.6839,5.4031,5.549],"raw_work_samples":[70360,70360,70360,70360,70360,70360,70360,70360,70360,70360,70360,70360,70360,70360,70360,70360,70360,70360,70360,70360,70360,70360,70360,70360,70360,70360,70360,70360,70360,70360],"tree_rebalances":1960},"ungroup":{"maximum_sequence_depth":15,"maximum_work":75466,"median_ms":7.348000000000001,"p95_ms":17.537899999999997,"raw_samples_ms":[6.7734,7.1161,10.715499999999999,7.5736,7.257300000000001,12.2094,7.562,27.2136,10.428099999999999,9.239799999999999,7.348000000000001,6.9991,7.0426,11.7826,8.0518,10.2624,17.537899999999997,12.4376,10.1674,6.7979,6.7872,7.0003,10.2332,6.7486999999999995,6.9466,6.968,6.8795,6.7365,7.275799999999999,6.9743],"raw_work_samples":[75466,75466,75466,75466,75466,75466,75466,75466,75466,75466,75466,75466,75466,75466,75466,75466,75466,75466,75466,75466,75466,75466,75466,75466,75466,75466,75466,75466,75466,75466],"tree_rebalances":1960}},"pattern":"multiple_runs","selection_count":1000,"warmups":10},{"exact_sibling_order_restored":true,"measured_iterations":30,"node_count":10000,"operations":{"group":{"maximum_sequence_depth":15,"maximum_work":260555,"median_ms":27.0911,"p95_ms":37.6159,"raw_samples_ms":[24.958299999999998,37.6159,25.8269,25.0534,24.7698,32.811,34.609500000000004,35.6394,25.5318,24.72,24.817800000000002,25.1462,45.208,27.5844,26.314400000000003,27.525299999999998,33.8166,36.7451,27.0911,30.052,24.3542,24.8179,30.7727,34.4207,34.5313,24.9087,29.3655,24.9687,25.7254,24.9131],"raw_work_samples":[260555,260555,260555,260555,260555,260555,260555,260555,260555,260555,260555,260555,260555,260555,260555,260555,260555,260555,260555,260555,260555,260555,260555,260555,260555,260555,260555,260555,260555,260555],"tree_rebalances":6676},"redo":{"maximum_sequence_depth":15,"maximum_work":212786,"median_ms":20.726000000000003,"p95_ms":33.0761,"raw_samples_ms":[37.6346,22.387,21.816599999999998,19.8765,19.8048,33.0761,19.965799999999998,30.7999,20.1636,20.117,20.168499999999998,25.7532,26.0579,21.083399999999997,20.1233,20.1175,31.868000000000002,18.9718,19.7343,20.294900000000002,19.5862,19.962600000000002,21.5686,20.726000000000003,23.7261,19.8751,29.4002,23.959,20.3285,21.901],"raw_work_samples":[212786,212786,212786,212786,212786,212786,212786,212786,212786,212786,212786,212786,212786,212786,212786,212786,212786,212786,212786,212786,212786,212786,212786,212786,212786,212786,212786,212786,212786,212786],"tree_rebalances":6676},"undo":{"maximum_sequence_depth":15,"maximum_work":225590,"median_ms":17.9924,"p95_ms":28.6249,"raw_samples_ms":[16.9051,19.6891,20.9086,16.0969,15.982,20.3161,16.491100000000003,26.3747,17.2286,16.2137,16.423199999999998,21.5067,18.3112,19.0583,19.9223,16.755499999999998,21.4679,18.0614,16.1924,22.6153,16.0397,16.1451,17.9924,18.8357,17.2006,16.4115,39.4506,28.6249,16.190099999999997,16.2286],"raw_work_samples":[225590,225590,225590,225590,225590,225590,225590,225590,225590,225590,225590,225590,225590,225590,225590,225590,225590,225590,225590,225590,225590,225590,225590,225590,225590,225590,225590,225590,225590,225590],"tree_rebalances":8686},"ungroup":{"maximum_sequence_depth":15,"maximum_work":240619,"median_ms":20.4825,"p95_ms":34.259100000000004,"raw_samples_ms":[23.0275,33.0582,20.0838,19.7832,19.8398,33.885600000000004,20.4825,29.631600000000002,20.1535,20.4743,20.4208,23.141599999999997,23.9869,20.518700000000003,20.728199999999998,19.8348,28.0049,30.0699,19.8963,19.715,20.044800000000002,19.875799999999998,30.488,20.3326,36.2966,19.9642,21.4009,19.782,20.1764,34.259100000000004],"raw_work_samples":[240619,240619,240619,240619,240619,240619,240619,240619,240619,240619,240619,240619,240619,240619,240619,240619,240619,240619,240619,240619,240619,240619,240619,240619,240619,240619,240619,240619,240619,240619],"tree_rebalances":8686}},"pattern":"contiguous_front","selection_count":3000,"warmups":10},{"exact_sibling_order_restored":true,"measured_iterations":30,"node_count":10000,"operations":{"group":{"maximum_sequence_depth":15,"maximum_work":253840,"median_ms":28.6655,"p95_ms":48.374599999999994,"raw_samples_ms":[36.7883,25.0847,39.7959,24.9068,25.4253,39.827,39.935199999999995,24.8669,24.6972,33.079499999999996,25.948,38.9549,56.8615,38.1158,38.5207,24.695800000000002,33.5661,25.5422,24.877799999999997,24.945800000000002,25.2779,28.6655,48.3391,35.0796,25.7849,25.023,48.374599999999994,32.80050000000001,25.534299999999998,28.3612],"raw_work_samples":[253840,253840,253840,253840,253840,253840,253840,253840,253840,253840,253840,253840,253840,253840,253840,253840,253840,253840,253840,253840,253840,253840,253840,253840,253840,253840,253840,253840,253840,253840],"tree_rebalances":2992},"redo":{"maximum_sequence_depth":15,"maximum_work":204756,"median_ms":23.832,"p95_ms":38.195600000000006,"raw_samples_ms":[29.4948,25.1475,25.0498,23.832,32.3269,28.6248,23.3114,20.203599999999998,24.092499999999998,35.6489,21.8359,26.463,20.3883,25.4779,21.8525,19.932,19.7809,36.9495,21.9005,20.1095,21.5208,55.036,38.195600000000006,25.8092,31.411599999999996,20.1293,19.999699999999997,21.1828,19.9366,20.3457],"raw_work_samples":[204756,204756,204756,204756,204756,204756,204756,204756,204756,204756,204756,204756,204756,204756,204756,204756,204756,204756,204756,204756,204756,204756,204756,204756,204756,204756,204756,204756,204756,204756],"tree_rebalances":2992},"undo":{"maximum_sequence_depth":15,"maximum_work":210361,"median_ms":19.8429,"p95_ms":36.3859,"raw_samples_ms":[26.9626,16.6351,23.5739,17.090500000000002,22.2145,28.7224,19.8429,16.6763,24.6344,36.3859,17.1597,19.8711,17.8231,20.0787,18.2943,16.220100000000002,16.4651,24.7371,36.7943,16.6249,17.124299999999998,21.5022,36.359500000000004,26.5929,16.5814,16.4917,17.3843,17.3166,23.8237,17.6301],"raw_work_samples":[210361,210361,210361,210361,210361,210361,210361,210361,210361,210361,210361,210361,210361,210361,210361,210361,210361,210361,210361,210361,210361,210361,210361,210361,210361,210361,210361,210361,210361,210361],"tree_rebalances":5990},"ungroup":{"maximum_sequence_depth":15,"maximum_work":225393,"median_ms":22.8166,"p95_ms":45.2131,"raw_samples_ms":[20.5362,25.823900000000002,20.6479,20.695700000000002,22.8166,20.205199999999998,20.6456,20.6251,21.9476,29.997200000000003,31.498699999999996,22.8892,45.2131,37.0341,20.4216,20.2229,20.657700000000002,24.8017,20.4874,28.6875,20.680500000000002,48.577799999999996,27.7758,21.1277,21.3003,24.5368,25.0847,20.848300000000002,34.6483,41.0788],"raw_work_samples":[225393,225393,225393,225393,225393,225393,225393,225393,225393,225393,225393,225393,225393,225393,225393,225393,225393,225393,225393,225393,225393,225393,225393,225393,225393,225393,225393,225393,225393,225393],"tree_rebalances":5990}},"pattern":"contiguous_middle","selection_count":3000,"warmups":10},{"exact_sibling_order_restored":true,"measured_iterations":30,"node_count":10000,"operations":{"group":{"maximum_sequence_depth":14,"maximum_work":258905,"median_ms":30.5233,"p95_ms":57.342400000000005,"raw_samples_ms":[30.738999999999997,30.587799999999998,30.1598,57.342400000000005,33.1626,29.6824,28.1916,28.8858,29.903200000000002,31.384500000000003,28.6541,29.8475,29.420499999999997,28.8956,28.5325,28.0028,36.166700000000006,49.2531,28.3061,27.7178,60.2871,31.9939,30.014,33.189099999999996,30.2178,36.0965,30.583699999999997,47.4696,31.636900000000004,30.5233],"raw_work_samples":[258905,258905,258905,258905,258905,258905,258905,258905,258905,258905,258905,258905,258905,258905,258905,258905,258905,258905,258905,258905,258905,258905,258905,258905,258905,258905,258905,258905,258905,258905],"tree_rebalances":0},"redo":{"maximum_sequence_depth":14,"maximum_work":209526,"median_ms":24.735699999999998,"p95_ms":41.8377,"raw_samples_ms":[24.735699999999998,25.0978,25.8041,41.8377,24.2954,22.7733,23.8296,25.865699999999997,23.525100000000002,23.3442,23.045199999999998,23.5395,22.6835,32.8611,22.3798,22.787000000000003,34.8381,22.1996,23.240199999999998,32.4517,44.0549,25.144099999999998,26.62,24.2001,24.129,24.1599,28.1987,39.0256,37.6893,31.081500000000002],"raw_work_samples":[209526,209526,209526,209526,209526,209526,209526,209526,209526,209526,209526,209526,209526,209526,209526,209526,209526,209526,209526,209526,209526,209526,209526,209526,209526,209526,209526,209526,209526,209526],"tree_rebalances":0},"undo":{"maximum_sequence_depth":14,"maximum_work":178429,"median_ms":19.4665,"p95_ms":30.2681,"raw_samples_ms":[19.645300000000002,19.637800000000002,22.1304,30.2681,19.4665,18.8299,18.7783,18.7235,19.186600000000002,18.7159,19.5304,20.303,18.8514,24.8146,17.9675,17.8772,17.7788,21.7633,18.6231,17.8629,36.5144,20.2745,22.7271,21.6846,19.2645,19.8316,19.1762,30.0706,19.3842,19.3267],"raw_work_samples":[178429,178429,178429,178429,178429,178429,178429,178429,178429,178429,178429,178429,178429,178429,178429,178429,178429,178429,178429,178429,178429,178429,178429,178429,178429,178429,178429,178429,178429,178429],"tree_rebalances":1812},"ungroup":{"maximum_sequence_depth":14,"maximum_work":227797,"median_ms":24.5918,"p95_ms":41.5779,"raw_samples_ms":[25.0879,24.9516,25.3737,35.150800000000004,24.3045,23.850099999999998,24.581599999999998,23.907799999999998,23.7739,23.924,22.9829,23.4636,23.2459,26.724500000000003,22.586599999999997,22.2602,27.1004,22.6323,22.116899999999998,41.6443,41.062099999999994,24.6111,24.5918,24.3723,26.4672,24.5713,41.5779,26.9752,28.188499999999998,25.2135],"raw_work_samples":[227797,227797,227797,227797,227797,227797,227797,227797,227797,227797,227797,227797,227797,227797,227797,227797,227797,227797,227797,227797,227797,227797,227797,227797,227797,227797,227797,227797,227797,227797],"tree_rebalances":1812}},"pattern":"uniform","selection_count":3000,"warmups":10},{"exact_sibling_order_restored":true,"measured_iterations":30,"node_count":10000,"operations":{"group":{"maximum_sequence_depth":14,"maximum_work":258648,"median_ms":33.3638,"p95_ms":45.309000000000005,"raw_samples_ms":[30.314799999999998,30.266399999999997,29.9525,41.8339,40.0595,37.8376,32.854,37.5358,37.522,43.4833,33.3638,45.309000000000005,46.9777,32.5226,31.654,38.8449,35.1613,32.86,29.8947,40.508500000000005,30.4299,35.437000000000005,32.4784,37.9816,30.3435,36.939,30.561,30.5846,30.2546,30.583099999999998],"raw_work_samples":[258648,258648,258648,258648,258648,258648,258648,258648,258648,258648,258648,258648,258648,258648,258648,258648,258648,258648,258648,258648,258648,258648,258648,258648,258648,258648,258648,258648,258648,258648],"tree_rebalances":250},"redo":{"maximum_sequence_depth":14,"maximum_work":209488,"median_ms":28.9117,"p95_ms":44.0154,"raw_samples_ms":[39.3499,31.368800000000004,23.8832,25.5535,28.9441,28.9729,25.654799999999998,29.0347,32.543099999999995,34.4823,24.0281,46.4026,29.0742,25.7162,27.6792,25.061,25.333000000000002,28.9117,36.412800000000004,24.2368,25.778,24.9506,42.3902,33.8506,44.0154,25.351300000000002,24.1355,24.075599999999998,27.2529,34.5802],"raw_work_samples":[209488,209488,209488,209488,209488,209488,209488,209488,209488,209488,209488,209488,209488,209488,209488,209488,209488,209488,209488,209488,209488,209488,209488,209488,209488,209488,209488,209488,209488,209488],"tree_rebalances":248},"undo":{"maximum_sequence_depth":14,"maximum_work":182495,"median_ms":21.121100000000002,"p95_ms":41.122899999999994,"raw_samples_ms":[23.3492,22.1648,19.162,20.2318,22.8726,23.5447,21.121100000000002,20.7151,24.8876,41.122899999999994,23.2635,26.4209,43.5715,19.139599999999998,25.644,21.0355,20.6377,29.1283,19.3162,19.2899,19.3118,38.233799999999995,26.985200000000003,19.7593,20.118299999999998,20.1365,19.2821,19.0796,19.2611,25.6335],"raw_work_samples":[182495,182495,182495,182495,182495,182495,182495,182495,182495,182495,182495,182495,182495,182495,182495,182495,182495,182495,182495,182495,182495,182495,182495,182495,182495,182495,182495,182495,182495,182495],"tree_rebalances":2436},"ungroup":{"maximum_sequence_depth":14,"maximum_work":221611,"median_ms":29.436400000000003,"p95_ms":43.665,"raw_samples_ms":[29.6358,25.8255,24.2326,35.8125,55.076899999999995,27.2921,24.171100000000003,30.268,25.8236,29.442200000000003,27.333199999999998,31.3331,43.665,33.9712,29.4527,27.772100000000002,35.764700000000005,25.3821,26.604400000000002,24.6536,27.8815,34.0075,25.639499999999998,31.316499999999998,36.0201,24.087799999999998,24.4168,24.1664,29.436400000000003,30.624200000000002],"raw_work_samples":[221611,221611,221611,221611,221611,221611,221611,221611,221611,221611,221611,221611,221611,221611,221611,221611,221611,221611,221611,221611,221611,221611,221611,221611,221611,221611,221611,221611,221611,221611],"tree_rebalances":2442}},"pattern":"random_seed_0x5eed","selection_count":3000,"warmups":10},{"exact_sibling_order_restored":true,"measured_iterations":30,"node_count":10000,"operations":{"group":{"maximum_sequence_depth":15,"maximum_work":256333,"median_ms":26.3637,"p95_ms":46.5657,"raw_samples_ms":[25.1301,29.6852,25.9801,25.1024,41.01,25.045499999999997,36.4728,25.9348,26.1889,37.5558,33.262899999999995,58.5494,35.01,24.863799999999998,24.5272,46.5657,31.674899999999997,24.726399999999998,33.393100000000004,24.9553,35.7999,26.3637,24.950799999999997,36.5302,29.053800000000003,34.0904,25.5577,24.788600000000002,24.7542,24.8625],"raw_work_samples":[256333,256333,256333,256333,256333,256333,256333,256333,256333,256333,256333,256333,256333,256333,256333,256333,256333,256333,256333,256333,256333,256333,256333,256333,256333,256333,256333,256333,256333,256333],"tree_rebalances":2956},"redo":{"maximum_sequence_depth":15,"maximum_work":207878,"median_ms":23.6556,"p95_ms":42.7434,"raw_samples_ms":[26.082500000000003,31.370099999999997,20.059,20.1262,22.7575,20.2778,26.1351,23.6556,28.9425,37.894400000000005,24.4624,27.942899999999998,20.4382,19.9996,26.1767,40.3577,20.2712,19.9501,26.5717,22.0039,43.5186,20.0416,20.467200000000002,33.1864,20.2863,42.7434,20.0167,19.963600000000003,20.0686,41.1711],"raw_work_samples":[207878,207878,207878,207878,207878,207878,207878,207878,207878,207878,207878,207878,207878,207878,207878,207878,207878,207878,207878,207878,207878,207878,207878,207878,207878,207878,207878,207878,207878,207878],"tree_rebalances":2956},"undo":{"maximum_sequence_depth":15,"maximum_work":209797,"median_ms":17.2423,"p95_ms":37.941900000000004,"raw_samples_ms":[16.6925,17.2423,16.7097,17.0745,39.6134,16.9709,20.7614,16.948999999999998,17.5713,27.0245,19.7617,25.573999999999998,35.400099999999995,16.527900000000002,18.3528,19.1371,17.298299999999998,16.551199999999998,37.941900000000004,16.511499999999998,21.810699999999997,16.9986,16.5077,28.9269,17.033800000000003,33.616800000000005,16.7076,16.7021,16.7211,16.738200000000003],"raw_work_samples":[209797,209797,209797,209797,209797,209797,209797,209797,209797,209797,209797,209797,209797,209797,209797,209797,209797,209797,209797,209797,209797,209797,209797,209797,209797,209797,209797,209797,209797,209797],"tree_rebalances":5948},"ungroup":{"maximum_sequence_depth":15,"maximum_work":224894,"median_ms":21.5383,"p95_ms":47.391299999999994,"raw_samples_ms":[27.5159,24.295,20.1152,20.1464,20.4768,20.4591,27.9539,22.746100000000002,49.0747,37.7529,21.3337,26.308600000000002,20.015,20.215400000000002,34.3187,34.9178,21.413600000000002,47.391299999999994,21.7619,20.1801,29.4448,20.1267,20.2993,22.2016,20.8724,21.5383,20.2123,20.4329,20.945600000000002,27.042],"raw_work_samples":[224894,224894,224894,224894,224894,224894,224894,224894,224894,224894,224894,224894,224894,224894,224894,224894,224894,224894,224894,224894,224894,224894,224894,224894,224894,224894,224894,224894,224894,224894],"tree_rebalances":5948}},"pattern":"multiple_runs","selection_count":3000,"warmups":10},{"exact_sibling_order_restored":true,"measured_iterations":30,"node_count":10000,"operations":{"group":{"maximum_sequence_depth":14,"maximum_work":778668,"median_ms":106.75129999999999,"p95_ms":138.5531,"raw_samples_ms":[115.4417,116.3038,92.9996,100.9184,102.8193,107.72370000000001,102.56410000000001,133.459,87.2238,113.9858,138.5531,111.3364,98.2592,95.13489999999999,115.5943,114.0225,108.2068,99.6529,96.4598,115.8927,106.75129999999999,119.35379999999999,130.6642,92.231,98.142,96.3779,88.70840000000001,165.1242,87.9796,105.8067],"raw_work_samples":[778668,778668,778668,778668,778668,778668,778668,778668,778668,778668,778668,778668,778668,778668,778668,778668,778668,778668,778668,778668,778668,778668,778668,778668,778668,778668,778668,778668,778668,778668],"tree_rebalances":9976},"redo":{"maximum_sequence_depth":14,"maximum_work":625038,"median_ms":88.6255,"p95_ms":118.1802,"raw_samples_ms":[93.8137,80.6882,89.2624,85.625,68.32820000000001,118.1802,79.9334,108.8987,83.6639,89.2552,75.7236,96.5394,103.1313,74.0256,90.5487,74.0958,69.61680000000001,94.58959999999999,88.6255,84.9603,82.1524,121.8411,117.5926,90.3708,70.0064,101.39750000000001,81.2672,95.69550000000001,69.54050000000001,69.65090000000001],"raw_work_samples":[625038,625038,625038,625038,625038,625038,625038,625038,625038,625038,625038,625038,625038,625038,625038,625038,625038,625038,625038,625038,625038,625038,625038,625038,625038,625038,625038,625038,625038,625038],"tree_rebalances":9976},"undo":{"maximum_sequence_depth":14,"maximum_work":614357,"median_ms":62.208,"p95_ms":91.4518,"raw_samples_ms":[65.1587,83.7957,63.5232,69.8261,54.9845,72.9778,58.600300000000004,94.9884,54.9799,60.372,61.1697,59.009899999999995,54.9904,72.5168,72.21379999999999,73.63719999999999,58.388000000000005,74.02449999999999,56.0449,55.0695,62.208,85.162,91.4518,84.9443,54.5172,55.2352,59.7742,64.3528,54.928200000000004,58.366800000000005],"raw_work_samples":[614357,614357,614357,614357,614357,614357,614357,614357,614357,614357,614357,614357,614357,614357,614357,614357,614357,614357,614357,614357,614357,614357,614357,614357,614357,614357,614357,614357,614357,614357],"tree_rebalances":19972},"ungroup":{"maximum_sequence_depth":14,"maximum_work":664359,"median_ms":81.7488,"p95_ms":117.7425,"raw_samples_ms":[68.6707,68.1833,70.60900000000001,107.8676,68.5693,87.2461,92.4936,68.8319,81.7488,83.7195,77.08850000000001,97.4931,97.3068,87.2826,76.7211,68.4695,78.4829,117.7425,87.107,93.1249,69.965,91.462,91.0581,70.1733,111.9703,77.7094,137.1214,76.803,69.4843,68.5213],"raw_work_samples":[664359,664359,664359,664359,664359,664359,664359,664359,664359,664359,664359,664359,664359,664359,664359,664359,664359,664359,664359,664359,664359,664359,664359,664359,664359,664359,664359,664359,664359,664359],"tree_rebalances":19972}},"pattern":"contiguous_front","selection_count":10000,"warmups":10},{"exact_sibling_order_restored":true,"measured_iterations":30,"node_count":10000,"operations":{"group":{"maximum_sequence_depth":14,"maximum_work":778668,"median_ms":103.5364,"p95_ms":133.4941,"raw_samples_ms":[86.9857,90.7897,110.39309999999999,115.7257,130.6559,88.3196,97.511,106.8582,146.3102,115.7658,87.6314,86.7009,89.4628,122.3572,103.33630000000001,114.62079999999999,86.7861,91.6493,129.9881,87.4566,87.5774,119.8647,133.4941,105.4093,92.0517,91.87819999999999,106.7113,87.8313,123.87610000000001,103.5364],"raw_work_samples":[778668,778668,778668,778668,778668,778668,778668,778668,778668,778668,778668,778668,778668,778668,778668,778668,778668,778668,778668,778668,778668,778668,778668,778668,778668,778668,778668,778668,778668,778668],"tree_rebalances":9976},"redo":{"maximum_sequence_depth":14,"maximum_work":625038,"median_ms":83.5595,"p95_ms":135.80020000000002,"raw_samples_ms":[98.67720000000001,71.35679999999999,101.02550000000001,107.47370000000001,83.5595,76.5334,70.1303,93.12960000000001,75.3937,138.1337,105.7785,71.5344,69.82430000000001,89.5675,119.8566,81.44160000000001,70.2713,91.95150000000001,83.0509,70.2892,114.7151,92.68469999999999,70.3038,135.80020000000002,86.10940000000001,69.2962,83.0495,70.7728,108.9128,70.84450000000001],"raw_work_samples":[625038,625038,625038,625038,625038,625038,625038,625038,625038,625038,625038,625038,625038,625038,625038,625038,625038,625038,625038,625038,625038,625038,625038,625038,625038,625038,625038,625038,625038,625038],"tree_rebalances":9976},"undo":{"maximum_sequence_depth":14,"maximum_work":614357,"median_ms":64.9272,"p95_ms":110.05120000000001,"raw_samples_ms":[89.0233,59.593199999999996,68.4937,64.9272,59.5637,54.9542,54.7134,56.637899999999995,64.5706,110.05120000000001,66.7487,65.7422,56.784,56.462199999999996,115.9961,74.9789,54.9145,83.36200000000001,81.464,54.5999,66.29790000000001,58.8674,72.17,82.7145,70.5163,54.7466,77.3953,55.260400000000004,55.8861,55.0589],"raw_work_samples":[614357,614357,614357,614357,614357,614357,614357,614357,614357,614357,614357,614357,614357,614357,614357,614357,614357,614357,614357,614357,614357,614357,614357,614357,614357,614357,614357,614357,614357,614357],"tree_rebalances":19972},"ungroup":{"maximum_sequence_depth":14,"maximum_work":664359,"median_ms":79.7418,"p95_ms":105.04299999999999,"raw_samples_ms":[111.0906,72.62589999999999,88.6146,72.53790000000001,96.0228,68.8417,69.5724,83.165,105.04299999999999,91.4339,81.4249,68.27080000000001,85.5847,68.68390000000001,69.6447,82.8811,80.2457,79.7921,87.79820000000001,68.4269,89.1618,79.7418,68.95030000000001,79.6029,68.138,94.8724,78.7119,68.6305,75.7086,68.1587],"raw_work_samples":[664359,664359,664359,664359,664359,664359,664359,664359,664359,664359,664359,664359,664359,664359,664359,664359,664359,664359,664359,664359,664359,664359,664359,664359,664359,664359,664359,664359,664359,664359],"tree_rebalances":19972}},"pattern":"contiguous_middle","selection_count":10000,"warmups":10},{"exact_sibling_order_restored":true,"measured_iterations":30,"node_count":10000,"operations":{"group":{"maximum_sequence_depth":14,"maximum_work":778668,"median_ms":102.8285,"p95_ms":142.26440000000002,"raw_samples_ms":[142.9094,108.7957,127.1456,136.5916,123.8717,105.8025,100.4086,86.7261,119.19449999999999,88.1576,142.26440000000002,117.4954,99.62469999999999,86.616,89.99,118.355,87.18239999999999,102.5219,104.8105,125.70339999999999,90.5015,88.8944,86.54480000000001,88.00479999999999,87.3614,87.6632,132.80040000000002,102.8285,107.0655,86.33250000000001],"raw_work_samples":[778668,778668,778668,778668,778668,778668,778668,778668,778668,778668,778668,778668,778668,778668,778668,778668,778668,778668,778668,778668,778668,778668,778668,778668,778668,778668,778668,778668,778668,778668],"tree_rebalances":9976},"redo":{"maximum_sequence_depth":14,"maximum_work":625038,"median_ms":71.5777,"p95_ms":100.083,"raw_samples_ms":[131.89229999999998,83.6826,69.8604,86.6708,74.4837,82.432,69.6211,69.0615,71.5777,71.4186,94.8397,72.3665,73.7041,90.0167,70.2709,68.7902,69.4682,71.47059999999999,85.606,100.083,90.4315,69.5445,70.1346,98.7098,70.8613,69.5081,69.5245,84.4811,68.5865,69.3433],"raw_work_samples":[625038,625038,625038,625038,625038,625038,625038,625038,625038,625038,625038,625038,625038,625038,625038,625038,625038,625038,625038,625038,625038,625038,625038,625038,625038,625038,625038,625038,625038,625038],"tree_rebalances":9976},"undo":{"maximum_sequence_depth":14,"maximum_work":614357,"median_ms":56.5603,"p95_ms":86.3115,"raw_samples_ms":[90.89229999999999,86.3115,59.134100000000004,57.240100000000005,79.8636,59.1873,54.747299999999996,55.4271,57.7785,56.704499999999996,64.63820000000001,55.8307,78.6121,54.325900000000004,54.9667,73.8639,55.5026,58.0529,55.5311,55.916000000000004,69.0313,55.988299999999995,68.32159999999999,56.5603,55.4895,55.845,56.394800000000004,55.9634,55.598099999999995,55.4201],"raw_work_samples":[614357,614357,614357,614357,614357,614357,614357,614357,614357,614357,614357,614357,614357,614357,614357,614357,614357,614357,614357,614357,614357,614357,614357,614357,614357,614357,614357,614357,614357,614357],"tree_rebalances":19972},"ungroup":{"maximum_sequence_depth":14,"maximum_work":664359,"median_ms":75.3059,"p95_ms":104.6347,"raw_samples_ms":[89.19789999999999,80.0462,78.0445,104.6347,105.69099999999999,71.6265,67.5511,82.7314,70.9354,69.0953,96.7085,73.4774,75.3059,88.3453,67.88810000000001,68.313,69.5579,69.785,99.0638,73.9534,88.1772,67.7173,68.32000000000001,79.7868,92.6939,87.1735,86.4627,69.8735,67.5543,64.6049],"raw_work_samples":[664359,664359,664359,664359,664359,664359,664359,664359,664359,664359,664359,664359,664359,664359,664359,664359,664359,664359,664359,664359,664359,664359,664359,664359,664359,664359,664359,664359,664359,664359],"tree_rebalances":19972}},"pattern":"uniform","selection_count":10000,"warmups":10},{"exact_sibling_order_restored":true,"measured_iterations":30,"node_count":10000,"operations":{"group":{"maximum_sequence_depth":14,"maximum_work":778668,"median_ms":99.6037,"p95_ms":151.4102,"raw_samples_ms":[86.5887,95.2814,88.0009,87.84490000000001,103.6008,163.1162,94.64309999999999,94.2294,99.6037,107.18220000000001,105.6127,134.9892,107.4049,127.47049999999999,89.8523,87.6542,96.86659999999999,151.4102,120.69380000000001,98.9246,87.80680000000001,132.511,89.8611,125.96489999999999,94.6852,89.4378,109.09270000000001,105.5146,95.6056,111.7737],"raw_work_samples":[778668,778668,778668,778668,778668,778668,778668,778668,778668,778668,778668,778668,778668,778668,778668,778668,778668,778668,778668,778668,778668,778668,778668,778668,778668,778668,778668,778668,778668,778668],"tree_rebalances":9976},"redo":{"maximum_sequence_depth":14,"maximum_work":625038,"median_ms":81.4545,"p95_ms":106.296,"raw_samples_ms":[70.877,90.49369999999999,69.7043,71.2477,92.3658,101.5558,106.296,72.4673,74.6206,84.30590000000001,71.1155,73.4286,92.4975,69.75580000000001,69.9782,70.12440000000001,64.55460000000001,93.8625,81.57499999999999,125.86410000000001,69.31039999999999,70.6554,81.4545,87.05499999999999,86.9317,70.1508,88.35079999999999,90.4379,105.7644,76.0902],"raw_work_samples":[625038,625038,625038,625038,625038,625038,625038,625038,625038,625038,625038,625038,625038,625038,625038,625038,625038,625038,625038,625038,625038,625038,625038,625038,625038,625038,625038,625038,625038,625038],"tree_rebalances":9976},"undo":{"maximum_sequence_depth":14,"maximum_work":614357,"median_ms":58.306,"p95_ms":105.5332,"raw_samples_ms":[56.0741,60.944900000000004,73.5484,55.3011,56.4281,57.0523,59.6048,107.3982,80.23270000000001,93.0076,62.82319999999999,72.02890000000001,58.306,55.4647,58.154900000000005,55.87629999999999,52.0556,56.5197,68.1949,105.5332,55.294000000000004,55.6863,66.58210000000001,57.3928,72.6867,54.729800000000004,57.3565,59.2904,74.63789999999999,55.285399999999996],"raw_work_samples":[614357,614357,614357,614357,614357,614357,614357,614357,614357,614357,614357,614357,614357,614357,614357,614357,614357,614357,614357,614357,614357,614357,614357,614357,614357,614357,614357,614357,614357,614357],"tree_rebalances":19972},"ungroup":{"maximum_sequence_depth":14,"maximum_work":664359,"median_ms":78.26270000000001,"p95_ms":113.89240000000001,"raw_samples_ms":[69.0131,67.97200000000001,70.2319,82.67389999999999,78.26270000000001,86.04,124.60000000000001,74.386,113.89240000000001,81.0788,69.0422,105.87910000000001,82.65079999999999,68.3714,68.9786,69.1634,70.6189,89.9305,74.4182,96.8025,68.6019,110.2986,77.1734,71.0231,95.443,75.0089,82.205,112.28349999999999,104.71650000000001,70.7094],"raw_work_samples":[664359,664359,664359,664359,664359,664359,664359,664359,664359,664359,664359,664359,664359,664359,664359,664359,664359,664359,664359,664359,664359,664359,664359,664359,664359,664359,664359,664359,664359,664359],"tree_rebalances":19972}},"pattern":"random_seed_0x5eed","selection_count":10000,"warmups":10},{"exact_sibling_order_restored":true,"measured_iterations":30,"node_count":10000,"operations":{"group":{"maximum_sequence_depth":14,"maximum_work":778668,"median_ms":105.174,"p95_ms":141.1394,"raw_samples_ms":[104.7645,120.59209999999999,89.78659999999999,141.1394,98.6371,105.174,100.41,87.5782,115.3708,114.3545,92.9677,124.8898,119.4979,93.8027,111.3458,98.1271,90.7366,87.90570000000001,140.8385,113.0395,95.66420000000001,92.22919999999999,96.1432,102.0253,91.2877,122.6655,112.26750000000001,143.67430000000002,114.38959999999999,124.5398],"raw_work_samples":[778668,778668,778668,778668,778668,778668,778668,778668,778668,778668,778668,778668,778668,778668,778668,778668,778668,778668,778668,778668,778668,778668,778668,778668,778668,778668,778668,778668,778668,778668],"tree_rebalances":9976},"redo":{"maximum_sequence_depth":14,"maximum_work":625038,"median_ms":89.26480000000001,"p95_ms":115.4283,"raw_samples_ms":[93.8499,81.7707,106.0508,126.95790000000001,72.89489999999999,105.4142,115.4283,70.1585,80.35539999999999,102.2636,89.26480000000001,79.9855,110.0451,70.797,69.8477,82.5008,104.2191,72.4431,91.2942,94.0987,85.1045,90.1315,87.00439999999999,82.3596,80.3891,92.9224,106.9582,71.54570000000001,74.03229999999999,103.6271],"raw_work_samples":[625038,625038,625038,625038,625038,625038,625038,625038,625038,625038,625038,625038,625038,625038,625038,625038,625038,625038,625038,625038,625038,625038,625038,625038,625038,625038,625038,625038,625038,625038],"tree_rebalances":9976},"undo":{"maximum_sequence_depth":14,"maximum_work":614357,"median_ms":66.64580000000001,"p95_ms":85.9293,"raw_samples_ms":[70.94,66.64580000000001,55.814,62.010999999999996,54.647,71.3911,69.903,54.9981,78.43799999999999,71.4464,85.9293,56.4901,68.6723,66.3224,54.5787,60.7824,60.9247,78.2591,73.395,55.7278,66.2019,56.1425,76.13350000000001,62.3429,74.99029999999999,82.3137,83.13959999999999,65.79740000000001,90.7834,65.8981],"raw_work_samples":[614357,614357,614357,614357,614357,614357,614357,614357,614357,614357,614357,614357,614357,614357,614357,614357,614357,614357,614357,614357,614357,614357,614357,614357,614357,614357,614357,614357,614357,614357],"tree_rebalances":19972},"ungroup":{"maximum_sequence_depth":14,"maximum_work":664359,"median_ms":75.1728,"p95_ms":113.5587,"raw_samples_ms":[90.7348,68.9733,73.7298,92.95309999999999,68.5688,82.3297,74.1993,90.6018,107.4539,73.8132,85.93679999999999,75.8658,69.0115,92.1463,68.4798,68.81700000000001,74.0159,113.5587,99.9495,68.3864,85.47749999999999,75.1728,87.2929,120.24419999999999,71.997,73.0919,99.0767,69.62740000000001,69.3937,68.9766],"raw_work_samples":[664359,664359,664359,664359,664359,664359,664359,664359,664359,664359,664359,664359,664359,664359,664359,664359,664359,664359,664359,664359,664359,664359,664359,664359,664359,664359,664359,664359,664359,664359],"tree_rebalances":19972}},"pattern":"multiple_runs","selection_count":10000,"warmups":10},{"exact_sibling_order_restored":true,"measured_iterations":30,"node_count":100000,"operations":{"group":{"maximum_sequence_depth":17,"maximum_work":352,"median_ms":0.178,"p95_ms":0.2876,"raw_samples_ms":[0.2848,0.2678,0.1812,0.178,0.17809999999999998,0.1756,0.1883,0.2876,0.187,0.1795,0.17670000000000002,0.1771,0.1782,0.1769,0.1777,0.1771,0.1759,0.1766,0.1778,0.17679999999999998,0.1766,0.1757,0.1792,0.176,0.1775,0.17809999999999998,0.1785,0.17650000000000002,0.3153,0.24879999999999997],"raw_work_samples":[352,352,352,352,352,352,352,352,352,352,352,352,352,352,352,352,352,352,352,352,352,352,352,352,352,352,352,352,352,352],"tree_rebalances":2},"redo":{"maximum_sequence_depth":17,"maximum_work":294,"median_ms":0.15080000000000002,"p95_ms":0.25730000000000003,"raw_samples_ms":[0.2436,0.15569999999999998,0.1512,0.1516,0.15100000000000002,0.1504,0.1503,0.25730000000000003,0.1537,0.1519,0.15080000000000002,0.1496,0.1493,0.1518,0.15080000000000002,0.149,0.15100000000000002,0.1521,0.1505,0.1496,0.14980000000000002,0.15009999999999998,0.1503,0.1507,0.14880000000000002,0.15339999999999998,0.15009999999999998,0.1497,0.2594,0.14550000000000002],"raw_work_samples":[294,294,294,294,294,294,294,294,294,294,294,294,294,294,294,294,294,294,294,294,294,294,294,294,294,294,294,294,294,294],"tree_rebalances":2},"undo":{"maximum_sequence_depth":17,"maximum_work":301,"median_ms":0.1304,"p95_ms":0.2186,"raw_samples_ms":[0.2155,0.1549,0.133,0.12999999999999998,0.1304,0.129,0.1308,0.2186,0.1344,0.1317,0.12990000000000002,0.131,0.1293,0.1295,0.1336,0.1292,0.12860000000000002,0.12999999999999998,0.1301,0.12990000000000002,0.1292,0.12940000000000002,0.12990000000000002,0.1368,0.1303,0.13090000000000002,0.1305,0.1296,0.22699999999999998,0.2125],"raw_work_samples":[301,301,301,301,301,301,301,301,301,301,301,301,301,301,301,301,301,301,301,301,301,301,301,301,301,301,301,301,301,301],"tree_rebalances":8},"ungroup":{"maximum_sequence_depth":17,"maximum_work":366,"median_ms":0.14750000000000002,"p95_ms":0.33809999999999996,"raw_samples_ms":[0.2249,0.15009999999999998,0.1496,0.1479,0.14650000000000002,0.1555,0.33809999999999996,0.1995,0.1497,0.14750000000000002,0.1478,0.14730000000000001,0.1467,0.1494,0.147,0.1457,0.14750000000000002,0.1474,0.1462,0.146,0.1462,0.14770000000000003,0.1462,0.14650000000000002,0.1474,0.1487,0.1461,0.1792,0.40030000000000004,0.13290000000000002],"raw_work_samples":[366,366,366,366,366,366,366,366,366,366,366,366,366,366,366,366,366,366,366,366,366,366,366,366,366,366,366,366,366,366],"tree_rebalances":8}},"pattern":"contiguous_front","selection_count":3,"warmups":10},{"exact_sibling_order_restored":true,"measured_iterations":30,"node_count":100000,"operations":{"group":{"maximum_sequence_depth":17,"maximum_work":358,"median_ms":0.1558,"p95_ms":0.1716,"raw_samples_ms":[0.153,0.157,0.1565,0.1562,0.1561,0.1558,0.1561,0.1549,0.1558,0.1549,0.2306,0.1604,0.1583,0.1568,0.15410000000000001,0.1574,0.1563,0.1561,0.1716,0.1545,0.1548,0.15410000000000001,0.1544,0.15330000000000002,0.1536,0.1549,0.1548,0.1535,0.15430000000000002,0.1546],"raw_work_samples":[358,358,358,358,358,358,358,358,358,358,358,358,358,358,358,358,358,358,358,358,358,358,358,358,358,358,358,358,358,358],"tree_rebalances":2},"redo":{"maximum_sequence_depth":17,"maximum_work":302,"median_ms":0.128,"p95_ms":0.1334,"raw_samples_ms":[0.1271,0.1298,0.1454,0.1291,0.1278,0.12769999999999998,0.12760000000000002,0.1278,0.1275,0.128,0.1334,0.12840000000000001,0.1281,0.129,0.12840000000000001,0.12999999999999998,0.1278,0.1282,0.1283,0.12760000000000002,0.1278,0.1283,0.12760000000000002,0.1282,0.1271,0.129,0.12760000000000002,0.1264,0.12669999999999998,0.12669999999999998],"raw_work_samples":[302,302,302,302,302,302,302,302,302,302,302,302,302,302,302,302,302,302,302,302,302,302,302,302,302,302,302,302,302,302],"tree_rebalances":2},"undo":{"maximum_sequence_depth":17,"maximum_work":289,"median_ms":0.1133,"p95_ms":0.1145,"raw_samples_ms":[0.1129,0.1137,0.1142,0.11349999999999999,0.1139,0.112,0.1133,0.1125,0.11309999999999999,0.11309999999999999,0.14889999999999998,0.1144,0.1137,0.1134,0.11309999999999999,0.1145,0.114,0.11299999999999999,0.11359999999999999,0.1128,0.11270000000000001,0.1129,0.112,0.1132,0.1133,0.1133,0.1138,0.1119,0.11309999999999999,0.1128],"raw_work_samples":[289,289,289,289,289,289,289,289,289,289,289,289,289,289,289,289,289,289,289,289,289,289,289,289,289,289,289,289,289,289],"tree_rebalances":4},"ungroup":{"maximum_sequence_depth":17,"maximum_work":354,"median_ms":0.13019999999999998,"p95_ms":0.1361,"raw_samples_ms":[0.13219999999999998,0.1311,0.1325,0.12990000000000002,0.1303,0.1316,0.1295,0.1293,0.1307,0.1361,0.1595,0.13090000000000002,0.13019999999999998,0.1295,0.13019999999999998,0.1293,0.13019999999999998,0.1306,0.1288,0.1356,0.1298,0.13090000000000002,0.1285,0.1285,0.1288,0.1298,0.12860000000000002,0.1278,0.1282,0.12840000000000001],"raw_work_samples":[354,354,354,354,354,354,354,354,354,354,354,354,354,354,354,354,354,354,354,354,354,354,354,354,354,354,354,354,354,354],"tree_rebalances":4}},"pattern":"contiguous_middle","selection_count":3,"warmups":10},{"exact_sibling_order_restored":true,"measured_iterations":30,"node_count":100000,"operations":{"group":{"maximum_sequence_depth":17,"maximum_work":351,"median_ms":0.1804,"p95_ms":0.2779,"raw_samples_ms":[0.2748,0.2793,0.2779,0.2761,0.2767,0.2761,0.2775,0.2361,0.2153,0.1613,0.161,0.161,0.1605,0.1634,0.1593,0.161,0.1596,0.1914,0.1897,0.1792,0.1796,0.1795,0.1806,0.1828,0.1804,0.1792,0.1785,0.1804,0.178,0.1772],"raw_work_samples":[351,351,351,351,351,351,351,351,351,351,351,351,351,351,351,351,351,351,351,351,351,351,351,351,351,351,351,351,351,351],"tree_rebalances":0},"redo":{"maximum_sequence_depth":17,"maximum_work":292,"median_ms":0.134,"p95_ms":0.2164,"raw_samples_ms":[0.2167,0.2164,0.2156,0.21350000000000002,0.2154,0.2144,0.21589999999999998,0.1373,0.1393,0.1336,0.13369999999999999,0.14129999999999998,0.13290000000000002,0.13290000000000002,0.13210000000000002,0.1323,0.1328,0.1338,0.1356,0.1336,0.1332,0.1327,0.13549999999999998,0.13329999999999997,0.1341,0.134,0.13290000000000002,0.1343,0.1326,0.132],"raw_work_samples":[292,292,292,292,292,292,292,292,292,292,292,292,292,292,292,292,292,292,292,292,292,292,292,292,292,292,292,292,292,292],"tree_rebalances":0},"undo":{"maximum_sequence_depth":17,"maximum_work":259,"median_ms":0.121,"p95_ms":0.1903,"raw_samples_ms":[0.1889,0.1881,0.1881,0.1865,0.1903,0.1918,0.1888,0.1236,0.1389,0.1175,0.11689999999999999,0.12229999999999999,0.118,0.1184,0.11689999999999999,0.1172,0.12320000000000002,0.1189,0.121,0.1248,0.11950000000000001,0.1189,0.1206,0.1191,0.121,0.1265,0.11900000000000001,0.12000000000000001,0.12329999999999999,0.1182],"raw_work_samples":[259,259,259,259,259,259,259,259,259,259,259,259,259,259,259,259,259,259,259,259,259,259,259,259,259,259,259,259,259,259],"tree_rebalances":0},"ungroup":{"maximum_sequence_depth":17,"maximum_work":356,"median_ms":0.1395,"p95_ms":0.21330000000000002,"raw_samples_ms":[0.2095,0.2097,0.2103,0.21330000000000002,0.212,0.213,0.2667,0.14579999999999999,0.1381,0.1402,0.1356,0.13660000000000003,0.1341,0.1339,0.1471,0.1348,0.13540000000000002,0.1402,0.13449999999999998,0.1349,0.1395,0.1348,0.1353,0.1395,0.135,0.13540000000000002,0.1435,0.15080000000000002,0.13349999999999998,0.1396],"raw_work_samples":[356,356,356,356,356,356,356,356,356,356,356,356,356,356,356,356,356,356,356,356,356,356,356,356,356,356,356,356,356,356],"tree_rebalances":0}},"pattern":"uniform","selection_count":3,"warmups":10},{"exact_sibling_order_restored":true,"measured_iterations":30,"node_count":100000,"operations":{"group":{"maximum_sequence_depth":17,"maximum_work":357,"median_ms":0.18660000000000002,"p95_ms":0.5310999999999999,"raw_samples_ms":[0.1718,0.1728,0.1743,0.174,0.17300000000000001,0.1712,0.1742,0.17340000000000003,0.17789999999999997,0.1618,0.16119999999999998,0.16210000000000002,0.1613,0.16019999999999998,0.16119999999999998,0.9172,0.49660000000000004,0.5310999999999999,0.5207999999999999,0.5078,0.5065999999999999,0.5069,0.5071,0.20029999999999998,0.1978,0.19,0.18660000000000002,0.1886,0.19019999999999998,0.1886],"raw_work_samples":[357,357,357,357,357,357,357,357,357,357,357,357,357,357,357,357,357,357,357,357,357,357,357,357,357,357,357,357,357,357],"tree_rebalances":0},"redo":{"maximum_sequence_depth":17,"maximum_work":298,"median_ms":0.1464,"p95_ms":0.4346,"raw_samples_ms":[0.1344,0.13540000000000002,0.13779999999999998,0.13520000000000001,0.1343,0.1359,0.13640000000000002,0.1344,0.1359,0.13219999999999998,0.1338,0.133,0.1324,0.1326,0.13219999999999998,0.4278,0.4163,0.417,0.4148,0.4346,0.4129,0.41300000000000003,0.4553,0.1486,0.14889999999999998,0.1464,0.14730000000000001,0.14770000000000003,0.1493,0.14679999999999999],"raw_work_samples":[298,298,298,298,298,298,298,298,298,298,298,298,298,298,298,298,298,298,298,298,298,298,298,298,298,298,298,298,298,298],"tree_rebalances":0},"undo":{"maximum_sequence_depth":17,"maximum_work":265,"median_ms":0.1298,"p95_ms":0.41,"raw_samples_ms":[0.1198,0.1191,0.12320000000000002,0.1218,0.1216,0.12229999999999999,0.1216,0.1216,0.122,0.1182,0.1184,0.1187,0.1189,0.1166,0.1176,0.41,0.36469999999999997,0.3654,0.3615,0.3639,0.363,0.3626,0.5189,0.133,0.13210000000000002,0.1306,0.1298,0.1313,0.1334,0.13210000000000002],"raw_work_samples":[265,265,265,265,265,265,265,265,265,265,265,265,265,265,265,265,265,265,265,265,265,265,265,265,265,265,265,265,265,265],"tree_rebalances":0},"ungroup":{"maximum_sequence_depth":17,"maximum_work":361,"median_ms":0.14909999999999998,"p95_ms":0.4255,"raw_samples_ms":[0.1367,0.1353,0.1375,0.1394,0.1385,0.1388,0.1393,0.1447,0.1372,0.1367,0.1356,0.13549999999999998,0.135,0.1356,0.6641,0.4255,0.4105,0.408,0.41350000000000003,0.4086,0.4081,0.4082,0.17229999999999998,0.152,0.1495,0.14909999999999998,0.149,0.1509,0.1506,0.1499],"raw_work_samples":[361,361,361,361,361,361,361,361,361,361,361,361,361,361,361,361,361,361,361,361,361,361,361,361,361,361,361,361,361,361],"tree_rebalances":0}},"pattern":"random_seed_0x5eed","selection_count":3,"warmups":10},{"exact_sibling_order_restored":true,"measured_iterations":30,"node_count":100000,"operations":{"group":{"maximum_sequence_depth":17,"maximum_work":357,"median_ms":0.185,"p95_ms":0.30870000000000003,"raw_samples_ms":[0.1582,0.15860000000000002,0.248,0.19,0.18780000000000002,0.3142,0.30870000000000003,0.28390000000000004,0.2918,0.2814,0.2676,0.2998,0.1872,0.185,0.18430000000000002,0.1839,0.1835,0.1862,0.183,0.1839,0.1844,0.186,0.2253,0.16019999999999998,0.15660000000000002,0.1549,0.15589999999999998,0.1563,0.1589,0.1546],"raw_work_samples":[357,357,357,357,357,357,357,357,357,357,357,357,357,357,357,357,357,357,357,357,357,357,357,357,357,357,357,357,357,357],"tree_rebalances":0},"redo":{"maximum_sequence_depth":17,"maximum_work":298,"median_ms":0.1606,"p95_ms":0.2671,"raw_samples_ms":[0.1406,0.13549999999999998,0.1739,0.1626,0.189,0.2665,0.2675,0.25020000000000003,0.25310000000000005,0.2548,0.2671,0.1769,0.1617,0.1601,0.1607,0.1594,0.16019999999999998,0.1606,0.1604,0.15990000000000001,0.1605,0.1913,0.17220000000000002,0.1372,0.1341,0.1343,0.133,0.135,0.135,0.1343],"raw_work_samples":[298,298,298,298,298,298,298,298,298,298,298,298,298,298,298,298,298,298,298,298,298,298,298,298,298,298,298,298,298,298],"tree_rebalances":0},"undo":{"maximum_sequence_depth":17,"maximum_work":265,"median_ms":0.1396,"p95_ms":0.2341,"raw_samples_ms":[0.1185,0.1176,0.18159999999999998,0.1414,0.1436,0.2327,0.2341,0.2139,0.2207,0.2183,0.20909999999999998,0.2128,0.1419,0.1396,0.1394,0.1391,0.1398,0.1392,0.1396,0.13899999999999998,0.1403,0.2352,0.1344,0.1188,0.1181,0.11689999999999999,0.1172,0.1173,0.1168,0.11699999999999999],"raw_work_samples":[265,265,265,265,265,265,265,265,265,265,265,265,265,265,265,265,265,265,265,265,265,265,265,265,265,265,265,265,265,265],"tree_rebalances":0},"ungroup":{"maximum_sequence_depth":17,"maximum_work":362,"median_ms":0.15919999999999998,"p95_ms":0.2609,"raw_samples_ms":[0.13699999999999998,0.135,0.16679999999999998,0.16449999999999998,0.20909999999999998,0.2609,0.24879999999999997,0.2544,0.2378,0.2473,0.2712,0.1638,0.15919999999999998,0.159,0.1598,0.1578,0.1587,0.1589,0.1594,0.15919999999999998,0.1593,0.1704,0.1435,0.1363,0.1353,0.1349,0.1348,0.1361,0.1339,0.13540000000000002],"raw_work_samples":[362,362,362,362,362,362,362,362,362,362,362,362,362,362,362,362,362,362,362,362,362,362,362,362,362,362,362,362,362,362],"tree_rebalances":0}},"pattern":"multiple_runs","selection_count":3,"warmups":10},{"exact_sibling_order_restored":true,"measured_iterations":30,"node_count":100000,"operations":{"group":{"maximum_sequence_depth":18,"maximum_work":2880,"median_ms":0.34919999999999995,"p95_ms":1.0518999999999998,"raw_samples_ms":[0.3438,0.3443,0.36660000000000004,0.3528,0.34400000000000003,0.34469999999999995,0.3431,0.3416,0.3462,0.3439,0.3443,0.34650000000000003,0.3418,0.34259999999999996,0.3449,0.34919999999999995,0.9259999999999999,0.9052,0.9081,0.8233,0.4688,1.4463,1.0518999999999998,0.9195,0.9012,0.9083,0.3563,0.35340000000000005,0.34919999999999995,0.34900000000000003],"raw_work_samples":[2880,2880,2880,2880,2880,2880,2880,2880,2880,2880,2880,2880,2880,2880,2880,2880,2880,2880,2880,2880,2880,2880,2880,2880,2880,2880,2880,2880,2880,2880],"tree_rebalances":28},"redo":{"maximum_sequence_depth":18,"maximum_work":2304,"median_ms":0.29300000000000004,"p95_ms":0.7896,"raw_samples_ms":[0.2855,0.3078,0.3207,0.2852,0.2863,0.2852,0.285,0.2848,0.2852,0.28850000000000003,0.28640000000000004,0.28650000000000003,0.2855,0.28600000000000003,0.28709999999999997,0.7896,0.7454999999999999,0.7482,0.7414999999999999,0.38420000000000004,0.38380000000000003,0.9545,0.7575999999999999,0.7738,0.7437,0.34459999999999996,0.30200000000000005,0.2904,0.29300000000000004,0.29159999999999997],"raw_work_samples":[2304,2304,2304,2304,2304,2304,2304,2304,2304,2304,2304,2304,2304,2304,2304,2304,2304,2304,2304,2304,2304,2304,2304,2304,2304,2304,2304,2304,2304,2304],"tree_rebalances":28},"undo":{"maximum_sequence_depth":18,"maximum_work":2488,"median_ms":0.25549999999999995,"p95_ms":0.819,"raw_samples_ms":[0.24879999999999997,0.3292,0.2872,0.2482,0.24760000000000001,0.24810000000000001,0.24659999999999999,0.2468,0.24830000000000002,0.2544,0.2496,0.2475,0.2456,0.247,0.24850000000000003,0.819,0.6438,0.6478999999999999,0.6375000000000001,0.33340000000000003,0.3322,0.8912,0.7242000000000001,0.7538,0.6607,0.7797999999999999,0.2562,0.25549999999999995,0.25310000000000005,0.2529],"raw_work_samples":[2488,2488,2488,2488,2488,2488,2488,2488,2488,2488,2488,2488,2488,2488,2488,2488,2488,2488,2488,2488,2488,2488,2488,2488,2488,2488,2488,2488,2488,2488],"tree_rebalances":62},"ungroup":{"maximum_sequence_depth":18,"maximum_work":2685,"median_ms":0.3026,"p95_ms":0.7869,"raw_samples_ms":[0.29760000000000003,0.30219999999999997,0.31020000000000003,0.29960000000000003,0.3024,0.29710000000000003,0.29760000000000003,0.29760000000000003,0.2977,0.2963,0.30210000000000004,0.29710000000000003,0.2966,0.2983,0.2943,0.7869,0.7785,0.7713000000000001,0.7683,0.3975,0.3971,0.8991,0.7768,0.7764,0.7791,0.3156,0.30820000000000003,0.3026,0.3024,0.3096],"raw_work_samples":[2685,2685,2685,2685,2685,2685,2685,2685,2685,2685,2685,2685,2685,2685,2685,2685,2685,2685,2685,2685,2685,2685,2685,2685,2685,2685,2685,2685,2685,2685],"tree_rebalances":62}},"pattern":"contiguous_front","selection_count":30,"warmups":10},{"exact_sibling_order_restored":true,"measured_iterations":30,"node_count":100000,"operations":{"group":{"maximum_sequence_depth":18,"maximum_work":2964,"median_ms":0.3826,"p95_ms":0.4217,"raw_samples_ms":[0.3807,0.38230000000000003,0.3877,0.3779,0.3771,0.3839,0.38039999999999996,0.38079999999999997,0.3809,0.4217,0.38489999999999996,0.3794,0.3826,0.4307,0.3781,0.3828,0.3805,0.378,0.3875,0.3959,0.39330000000000004,0.3944,0.402,0.39330000000000004,0.38949999999999996,0.3785,0.3767,0.3844,0.37879999999999997,0.37629999999999997],"raw_work_samples":[2964,2964,2964,2964,2964,2964,2964,2964,2964,2964,2964,2964,2964,2964,2964,2964,2964,2964,2964,2964,2964,2964,2964,2964,2964,2964,2964,2964,2964,2964],"tree_rebalances":24},"redo":{"maximum_sequence_depth":18,"maximum_work":2374,"median_ms":0.3164,"p95_ms":0.3678,"raw_samples_ms":[0.3097,0.3678,0.3117,0.3169,0.31179999999999997,0.3097,0.3103,0.311,0.3202,0.3192,0.3098,0.3175,0.32130000000000003,0.3125,0.31139999999999995,0.3117,0.31970000000000004,0.3164,0.3247,0.3234,0.3327,0.3261,0.3266,0.3685,0.31139999999999995,0.3203,0.31270000000000003,0.3116,0.3105,0.3103],"raw_work_samples":[2374,2374,2374,2374,2374,2374,2374,2374,2374,2374,2374,2374,2374,2374,2374,2374,2374,2374,2374,2374,2374,2374,2374,2374,2374,2374,2374,2374,2374,2374],"tree_rebalances":24},"undo":{"maximum_sequence_depth":18,"maximum_work":2473,"median_ms":0.27290000000000003,"p95_ms":0.28640000000000004,"raw_samples_ms":[0.2712,0.27290000000000003,0.27109999999999995,0.27090000000000003,0.2757,0.2703,0.2748,0.27080000000000004,0.2713,0.28459999999999996,0.2712,0.2706,0.3346,0.27349999999999997,0.27109999999999995,0.27109999999999995,0.2707,0.2733,0.27099999999999996,0.2809,0.2824,0.28640000000000004,0.2838,0.2829,0.272,0.27399999999999997,0.2824,0.27690000000000003,0.2703,0.2694],"raw_work_samples":[2473,2473,2473,2473,2473,2473,2473,2473,2473,2473,2473,2473,2473,2473,2473,2473,2473,2473,2473,2473,2473,2473,2473,2473,2473,2473,2473,2473,2473,2473],"tree_rebalances":52},"ungroup":{"maximum_sequence_depth":18,"maximum_work":2667,"median_ms":0.3285,"p95_ms":0.3466,"raw_samples_ms":[0.3337,0.3323,0.3314,0.3252,0.3256,0.3326,0.3265,0.3313,0.3281,0.3278,0.3318,0.325,0.3375,0.32699999999999996,0.3268,0.3285,0.3277,0.32420000000000004,0.34249999999999997,0.339,0.3484,0.3408,0.3466,0.33340000000000003,0.3343,0.3268,0.325,0.3253,0.32739999999999997,0.32289999999999996],"raw_work_samples":[2667,2667,2667,2667,2667,2667,2667,2667,2667,2667,2667,2667,2667,2667,2667,2667,2667,2667,2667,2667,2667,2667,2667,2667,2667,2667,2667,2667,2667,2667],"tree_rebalances":52}},"pattern":"contiguous_middle","selection_count":30,"warmups":10},{"exact_sibling_order_restored":true,"measured_iterations":30,"node_count":100000,"operations":{"group":{"maximum_sequence_depth":18,"maximum_work":2946,"median_ms":0.4842,"p95_ms":0.5879,"raw_samples_ms":[0.4816,0.48210000000000003,0.4808,0.517,0.4854,0.4845,0.48569999999999997,0.4833,0.4827,0.4801,0.4823,0.48519999999999996,0.6108,0.504,0.4868,0.4854,0.4836,0.483,0.4842,0.4806,0.48050000000000004,0.486,0.4801,0.4864,0.4915,0.481,0.48250000000000004,0.48050000000000004,0.5373,0.5879],"raw_work_samples":[2946,2946,2946,2946,2946,2946,2946,2946,2946,2946,2946,2946,2946,2946,2946,2946,2946,2946,2946,2946,2946,2946,2946,2946,2946,2946,2946,2946,2946,2946],"tree_rebalances":0},"redo":{"maximum_sequence_depth":18,"maximum_work":2346,"median_ms":0.41,"p95_ms":0.4386,"raw_samples_ms":[0.4109,0.4112,0.4099,0.4249,0.41300000000000003,0.4131,0.4129,0.41209999999999997,0.4022,0.4029,0.4063,0.40230000000000005,0.4092,0.40959999999999996,0.4036,0.40440000000000004,0.4049,0.4386,0.4369,0.4082,0.453,0.415,0.4126,0.41159999999999997,0.41,0.41,0.40890000000000004,0.4088,0.4093,0.428],"raw_work_samples":[2346,2346,2346,2346,2346,2346,2346,2346,2346,2346,2346,2346,2346,2346,2346,2346,2346,2346,2346,2346,2346,2346,2346,2346,2346,2346,2346,2346,2346,2346],"tree_rebalances":0},"undo":{"maximum_sequence_depth":18,"maximum_work":2153,"median_ms":0.506,"p95_ms":0.5314,"raw_samples_ms":[0.506,0.5055,0.5065,0.58,0.5228,0.5243,0.5181,0.5079,0.3631,0.3615,0.3629,0.3622,0.3664,0.3675,0.3637,0.36200000000000004,0.3629,0.5196000000000001,0.508,0.506,0.5059,0.5165000000000001,0.5081,0.5129,0.5046,0.5044,0.5059,0.5055,0.5084,0.5314],"raw_work_samples":[2153,2153,2153,2153,2153,2153,2153,2153,2153,2153,2153,2153,2153,2153,2153,2153,2153,2153,2153,2153,2153,2153,2153,2153,2153,2153,2153,2153,2153,2153],"tree_rebalances":0},"ungroup":{"maximum_sequence_depth":18,"maximum_work":2776,"median_ms":0.4416,"p95_ms":0.5686000000000001,"raw_samples_ms":[0.4373,0.4682,0.5838,0.4587,0.4529,0.4507,0.4621,0.45609999999999995,0.4364,0.4358,0.4379,0.5686000000000001,0.4459,0.4416,0.4394,0.4404,0.4378,0.44499999999999995,0.4414,0.4389,0.4748,0.4416,0.4586,0.4399,0.43820000000000003,0.4393,0.4396,0.4375,0.4373,0.4476],"raw_work_samples":[2776,2776,2776,2776,2776,2776,2776,2776,2776,2776,2776,2776,2776,2776,2776,2776,2776,2776,2776,2776,2776,2776,2776,2776,2776,2776,2776,2776,2776,2776],"tree_rebalances":0}},"pattern":"uniform","selection_count":30,"warmups":10},{"exact_sibling_order_restored":true,"measured_iterations":30,"node_count":100000,"operations":{"group":{"maximum_sequence_depth":18,"maximum_work":2952,"median_ms":0.7058,"p95_ms":1.2796999999999998,"raw_samples_ms":[0.5178999999999999,0.5176000000000001,0.4858,0.4861,0.49470000000000003,0.49339999999999995,0.4824,0.49589999999999995,0.4783,0.4768,0.4769,1.3046,1.2024,1.2796999999999998,0.8884,1.1895,1.1813,1.2051,1.1129,0.9810000000000001,0.9723,0.8476999999999999,0.844,0.8024,0.7058,0.6217,0.6275999999999999,0.6985,0.716,0.6331],"raw_work_samples":[2952,2952,2952,2952,2952,2952,2952,2952,2952,2952,2952,2952,2952,2952,2952,2952,2952,2952,2952,2952,2952,2952,2952,2952,2952,2952,2952,2952,2952,2952],"tree_rebalances":0},"redo":{"maximum_sequence_depth":18,"maximum_work":2352,"median_ms":0.5651999999999999,"p95_ms":0.9972,"raw_samples_ms":[0.4327,0.40719999999999995,0.428,0.4031,0.4022,0.4032,0.4033,0.3986,0.3964,0.3963,0.4046,0.9972,0.988,0.46959999999999996,1.408,0.975,0.9732999999999999,0.9756,0.8066,0.803,0.8233,0.6924,0.6952,0.6391,0.5411,0.5157,0.5224,0.5978,0.5651999999999999,0.6947],"raw_work_samples":[2352,2352,2352,2352,2352,2352,2352,2352,2352,2352,2352,2352,2352,2352,2352,2352,2352,2352,2352,2352,2352,2352,2352,2352,2352,2352,2352,2352,2352,2352],"tree_rebalances":0},"undo":{"maximum_sequence_depth":18,"maximum_work":2159,"median_ms":0.5217,"p95_ms":0.8947999999999999,"raw_samples_ms":[0.3881,0.4229,0.5988,0.3637,0.3622,0.365,0.368,0.3592,0.3588,0.35579999999999995,0.3643,0.8947999999999999,0.894,0.4686,0.9404,0.8702,0.8695,0.8755,0.7132,0.6991999999999999,0.6848,0.614,0.5925,0.5898,0.4695,0.4761,0.4671,0.46890000000000004,0.5217,0.5294],"raw_work_samples":[2159,2159,2159,2159,2159,2159,2159,2159,2159,2159,2159,2159,2159,2159,2159,2159,2159,2159,2159,2159,2159,2159,2159,2159,2159,2159,2159,2159,2159,2159],"tree_rebalances":0},"ungroup":{"maximum_sequence_depth":18,"maximum_work":2773,"median_ms":0.7152000000000001,"p95_ms":1.2789,"raw_samples_ms":[0.4705,0.4464,0.4421,0.4375,0.439,0.43820000000000003,0.4374,0.4317,0.4319,0.4366,1.7376,1.0914,1.0722,0.49700000000000005,1.2789,1.0555,1.059,1.0563,0.8574999999999999,0.8244,0.838,0.7369,0.8489,0.7517999999999999,0.5701,0.578,0.7152000000000001,0.597,0.6539,0.7754],"raw_work_samples":[2773,2773,2773,2773,2773,2773,2773,2773,2773,2773,2773,2773,2773,2773,2773,2773,2773,2773,2773,2773,2773,2773,2773,2773,2773,2773,2773,2773,2773,2773],"tree_rebalances":0}},"pattern":"random_seed_0x5eed","selection_count":30,"warmups":10},{"exact_sibling_order_restored":true,"measured_iterations":30,"node_count":100000,"operations":{"group":{"maximum_sequence_depth":17,"maximum_work":2943,"median_ms":0.8984000000000001,"p95_ms":1.3264,"raw_samples_ms":[0.8984000000000001,0.5448000000000001,0.5481,0.5469999999999999,1.3264,1.0839,1.0598,1.0592,1.6620000000000001,1.2187999999999999,1.2007999999999999,1.1984000000000001,0.9063,0.8451,0.8484999999999999,0.5502,0.544,0.5418000000000001,0.7529,0.8834,0.8506,0.7194,0.5452,0.5455,0.5465,1.1761,1.0571000000000002,1.0517,1.0478,1.1141],"raw_work_samples":[2943,2943,2943,2943,2943,2943,2943,2943,2943,2943,2943,2943,2943,2943,2943,2943,2943,2943,2943,2943,2943,2943,2943,2943,2943,2943,2943,2943,2943,2943],"tree_rebalances":16},"redo":{"maximum_sequence_depth":17,"maximum_work":2366,"median_ms":0.7025,"p95_ms":1.0383,"raw_samples_ms":[0.44920000000000004,0.46599999999999997,0.4485,0.44880000000000003,0.8920999999999999,0.8834,0.8673,0.8677,1.0383,0.9875999999999999,0.9783999999999999,1.0822,0.7232999999999999,0.7025,0.5371,0.4489,0.44789999999999996,0.4476,0.7284,0.6818,0.6833,0.4517,0.4501,0.4459,0.44789999999999996,0.8888,0.8614,0.8661,0.8589,0.4424],"raw_work_samples":[2366,2366,2366,2366,2366,2366,2366,2366,2366,2366,2366,2366,2366,2366,2366,2366,2366,2366,2366,2366,2366,2366,2366,2366,2366,2366,2366,2366,2366,2366],"tree_rebalances":16},"undo":{"maximum_sequence_depth":17,"maximum_work":2415,"median_ms":0.5981,"p95_ms":0.8542,"raw_samples_ms":[0.40240000000000004,0.3879,0.3918,0.3893,0.7963,0.7669,0.7506,0.7591,1.3249,0.8542,0.8484999999999999,0.844,0.6344000000000001,0.5888,0.7076,0.39130000000000004,0.3896,0.3876,0.44739999999999996,0.5837,0.5981,0.3967,0.3892,0.389,0.3882,0.7681,0.7575000000000001,0.7536,0.7682,0.5636],"raw_work_samples":[2415,2415,2415,2415,2415,2415,2415,2415,2415,2415,2415,2415,2415,2415,2415,2415,2415,2415,2415,2415,2415,2415,2415,2415,2415,2415,2415,2415,2415,2415],"tree_rebalances":44},"ungroup":{"maximum_sequence_depth":17,"maximum_work":2710,"median_ms":0.7202000000000001,"p95_ms":1.011,"raw_samples_ms":[0.4602,0.4626,0.4605,0.4617,0.9301,0.9073,0.9039999999999999,0.9105,1.0391000000000001,1.011,1.0046,0.6286,0.7062,0.7202000000000001,0.4704,0.4608,0.4764,0.4573,0.744,0.6998,0.7556,0.4628,0.4613,0.4601,0.828,0.9125,0.9017,0.8983,0.9016000000000001,0.4424],"raw_work_samples":[2710,2710,2710,2710,2710,2710,2710,2710,2710,2710,2710,2710,2710,2710,2710,2710,2710,2710,2710,2710,2710,2710,2710,2710,2710,2710,2710,2710,2710,2710],"tree_rebalances":44}},"pattern":"multiple_runs","selection_count":30,"warmups":10},{"exact_sibling_order_restored":true,"measured_iterations":30,"node_count":100000,"operations":{"group":{"maximum_sequence_depth":17,"maximum_work":9319,"median_ms":0.8463,"p95_ms":2.2127000000000003,"raw_samples_ms":[0.8672000000000001,0.8503999999999999,0.8406,0.8402000000000001,0.8463,0.837,0.8512,0.8545999999999999,0.8437,0.8408,0.8744,0.8822,0.8512,0.8463999999999999,0.8363999999999999,0.8331000000000001,0.8354,0.8876,0.8399,0.8438,0.8434999999999999,0.839,0.8601000000000001,0.8416,0.8491,0.8503999999999999,0.8389,0.8334,2.2307,2.2127000000000003],"raw_work_samples":[9319,9319,9319,9319,9319,9319,9319,9319,9319,9319,9319,9319,9319,9319,9319,9319,9319,9319,9319,9319,9319,9319,9319,9319,9319,9319,9319,9319,9319,9319],"tree_rebalances":96},"redo":{"maximum_sequence_depth":17,"maximum_work":7440,"median_ms":0.6929,"p95_ms":1.7918999999999998,"raw_samples_ms":[0.704,0.6878,0.683,0.6832,0.6826,0.7331,0.6951,0.6929,0.6901,0.6991999999999999,0.694,0.6959,0.6888000000000001,0.6847,0.6908,0.6880000000000001,0.7689,0.6929,0.6909000000000001,0.6973,0.6904,0.7114,0.6997,0.6920000000000001,0.683,0.6869000000000001,0.6875,2.1667,1.7918999999999998,1.7846],"raw_work_samples":[7440,7440,7440,7440,7440,7440,7440,7440,7440,7440,7440,7440,7440,7440,7440,7440,7440,7440,7440,7440,7440,7440,7440,7440,7440,7440,7440,7440,7440,7440],"tree_rebalances":96},"undo":{"maximum_sequence_depth":17,"maximum_work":8632,"median_ms":0.5909,"p95_ms":1.5168,"raw_samples_ms":[0.5969,0.5831999999999999,0.5805,0.5938,0.5823999999999999,0.675,0.5823,0.5847,0.5909,0.5896,0.5988,0.6013999999999999,0.5839000000000001,0.5865,0.5878,0.5812,0.7939,0.6024,0.5868,0.5860000000000001,0.5888,0.6767,0.6029,0.5925,0.5934,0.5799,0.5814,1.0662,1.5168,1.518],"raw_work_samples":[8632,8632,8632,8632,8632,8632,8632,8632,8632,8632,8632,8632,8632,8632,8632,8632,8632,8632,8632,8632,8632,8632,8632,8632,8632,8632,8632,8632,8632,8632],"tree_rebalances":300},"ungroup":{"maximum_sequence_depth":17,"maximum_work":9179,"median_ms":0.7226,"p95_ms":1.9541,"raw_samples_ms":[0.7242999999999999,0.7226,0.7106,0.7129000000000001,0.712,0.7374,0.7326,0.7239,0.7258,0.7287,0.7968,0.7298,0.7305,0.7226,0.7114,0.7105,0.7236,0.7104,0.7071,0.723,0.7113,0.7158000000000001,0.7182999999999999,0.7108,0.7097,0.7156,0.7112,1.9554,1.9264,1.9541],"raw_work_samples":[9179,9179,9179,9179,9179,9179,9179,9179,9179,9179,9179,9179,9179,9179,9179,9179,9179,9179,9179,9179,9179,9179,9179,9179,9179,9179,9179,9179,9179,9179],"tree_rebalances":300}},"pattern":"contiguous_front","selection_count":100,"warmups":10},{"exact_sibling_order_restored":true,"measured_iterations":30,"node_count":100000,"operations":{"group":{"maximum_sequence_depth":18,"maximum_work":9737,"median_ms":1.1179000000000001,"p95_ms":2.4617,"raw_samples_ms":[1.071,1.0127000000000002,1.0556,0.9939,1.1214,1.0088,1.1075,1.0219999999999998,1.1647999999999998,1.1251,1.1025,1.1061,1.1624999999999999,1.1516,1.1179000000000001,1.1074,1.1113,1.3173,0.9336,0.9217,0.9362,0.9157,3.2007,1.9758000000000002,2.4617,2.4511,1.3301999999999998,1.3763,1.4336,2.2727],"raw_work_samples":[9737,9737,9737,9737,9737,9737,9737,9737,9737,9737,9737,9737,9737,9737,9737,9737,9737,9737,9737,9737,9737,9737,9737,9737,9737,9737,9737,9737,9737,9737],"tree_rebalances":94},"redo":{"maximum_sequence_depth":18,"maximum_work":7772,"median_ms":0.896,"p95_ms":2.0181,"raw_samples_ms":[0.8019999999999999,0.8389,0.8216,0.8027000000000001,0.9016000000000001,0.8045,0.8008,0.8125,1.2486000000000002,0.896,0.9060999999999999,0.8949,0.8907,0.9057,0.8898,0.9138,0.9037000000000001,0.7785,0.7475999999999999,0.7443000000000001,0.742,0.7384,3.5947,2.0181,1.9028999999999998,1.2564,1.039,1.0856,1.7325000000000002,1.7991000000000001],"raw_work_samples":[7772,7772,7772,7772,7772,7772,7772,7772,7772,7772,7772,7772,7772,7772,7772,7772,7772,7772,7772,7772,7772,7772,7772,7772,7772,7772,7772,7772,7772,7772],"tree_rebalances":94},"undo":{"maximum_sequence_depth":18,"maximum_work":8328,"median_ms":0.7726999999999999,"p95_ms":2.3905,"raw_samples_ms":[0.7151,0.8193,0.7035,0.683,0.7240000000000001,0.694,0.6901999999999999,0.7579,0.7921,0.7929999999999999,0.772,0.7681,0.7782,0.7938,0.7791,0.7723,0.7726999999999999,0.675,0.6483,0.6472,0.6594,0.6406,3.2,2.3905,1.6695,1.5887,0.9067,0.9455,0.9632,1.5642],"raw_work_samples":[8328,8328,8328,8328,8328,8328,8328,8328,8328,8328,8328,8328,8328,8328,8328,8328,8328,8328,8328,8328,8328,8328,8328,8328,8328,8328,8328,8328,8328,8328],"tree_rebalances":194},"ungroup":{"maximum_sequence_depth":18,"maximum_work":8875,"median_ms":0.9552999999999999,"p95_ms":2.078,"raw_samples_ms":[0.8712000000000001,0.9312,0.8422,0.9623999999999999,0.8981,0.9654,0.9186,0.8561000000000001,1.15,0.9493,0.9552999999999999,0.9478000000000001,0.9779999999999999,0.973,0.9724999999999999,0.9538,0.95,0.8004,0.7971,0.7902,0.8008,0.7816000000000001,3.8701999999999996,2.078,2.0488,1.1255,1.1004999999999998,1.1165,2.0536,1.5193999999999999],"raw_work_samples":[8875,8875,8875,8875,8875,8875,8875,8875,8875,8875,8875,8875,8875,8875,8875,8875,8875,8875,8875,8875,8875,8875,8875,8875,8875,8875,8875,8875,8875,8875],"tree_rebalances":194}},"pattern":"contiguous_middle","selection_count":100,"warmups":10},{"exact_sibling_order_restored":true,"measured_iterations":30,"node_count":100000,"operations":{"group":{"maximum_sequence_depth":18,"maximum_work":9675,"median_ms":1.2454,"p95_ms":1.6145,"raw_samples_ms":[1.2434,1.3542,1.3047,1.2210999999999999,1.2454,1.6145,1.3205,1.2125000000000001,1.1486999999999998,1.4194,1.2024,1.2142,1.3184,1.2401,1.2348999999999999,1.4825000000000002,1.6502000000000001,1.4601,1.2226,1.1926,1.3323,1.2075,1.1871,1.3213000000000001,1.3065,1.2109,1.2011,1.5384,1.3336000000000001,1.2299],"raw_work_samples":[9675,9675,9675,9675,9675,9675,9675,9675,9675,9675,9675,9675,9675,9675,9675,9675,9675,9675,9675,9675,9675,9675,9675,9675,9675,9675,9675,9675,9675,9675],"tree_rebalances":0},"redo":{"maximum_sequence_depth":18,"maximum_work":7678,"median_ms":0.9911,"p95_ms":1.1631,"raw_samples_ms":[1.0050000000000001,1.1932,1.0434,0.9736,1.0463,0.9897,0.9568,0.9429,1.1631,0.9911,0.9958,0.9597,1.0065,0.9600000000000001,0.9801,0.905,1.0292999999999999,1.0824,0.9536,1.1623,1.0787,0.9493,0.9460000000000001,1.07,0.9944000000000001,0.9483999999999999,0.9634,1.0445,0.9606,0.9642999999999999],"raw_work_samples":[7678,7678,7678,7678,7678,7678,7678,7678,7678,7678,7678,7678,7678,7678,7678,7678,7678,7678,7678,7678,7678,7678,7678,7678,7678,7678,7678,7678,7678,7678],"tree_rebalances":0},"undo":{"maximum_sequence_depth":18,"maximum_work":7113,"median_ms":0.8795,"p95_ms":1.0501,"raw_samples_ms":[0.8925,1.1125,1.0073,0.8729,0.8795,1.0098,0.8359,0.8241,0.8365999999999999,0.8743,0.9022,0.8602,0.955,0.8701,0.871,0.8878,1.0162,0.9859000000000001,0.8564,0.9596,0.9491999999999999,0.8513999999999999,0.8635,1.0456,0.9142,0.8506,0.8516,1.0501,0.8702,0.8717],"raw_work_samples":[7113,7113,7113,7113,7113,7113,7113,7113,7113,7113,7113,7113,7113,7113,7113,7113,7113,7113,7113,7113,7113,7113,7113,7113,7113,7113,7113,7113,7113,7113],"tree_rebalances":12},"ungroup":{"maximum_sequence_depth":18,"maximum_work":9115,"median_ms":1.1391,"p95_ms":1.5234999999999999,"raw_samples_ms":[1.1249,1.2953999999999999,1.1379000000000001,1.1115000000000002,1.2445,1.1953,1.1391,1.0859,1.5234999999999999,1.1541,1.0974,1.1743999999999999,1.1573,1.1252,1.137,1.5528,1.2709,1.2202,1.0826,1.2792000000000001,1.1282,1.0843999999999998,1.1360000000000001,1.1675,1.1065,1.0797,1.1862000000000001,1.2302000000000002,1.1067,1.0981],"raw_work_samples":[9115,9115,9115,9115,9115,9115,9115,9115,9115,9115,9115,9115,9115,9115,9115,9115,9115,9115,9115,9115,9115,9115,9115,9115,9115,9115,9115,9115,9115,9115],"tree_rebalances":12}},"pattern":"uniform","selection_count":100,"warmups":10},{"exact_sibling_order_restored":true,"measured_iterations":30,"node_count":100000,"operations":{"group":{"maximum_sequence_depth":18,"maximum_work":9684,"median_ms":1.5456,"p95_ms":4.326499999999999,"raw_samples_ms":[1.3595,1.3224,1.4285,1.5308,1.5048,1.4,3.4491,1.6237000000000001,1.5456,1.509,1.722,1.3017,1.2865000000000002,1.5456,1.3155000000000001,1.2549,1.2635,2.0611,1.3619,1.3407,4.326499999999999,3.4547,3.233,3.1905,3.1298,3.4536,4.5847999999999995,3.0419,3.1497,2.7215],"raw_work_samples":[9684,9684,9684,9684,9684,9684,9684,9684,9684,9684,9684,9684,9684,9684,9684,9684,9684,9684,9684,9684,9684,9684,9684,9684,9684,9684,9684,9684,9684,9684],"tree_rebalances":0},"redo":{"maximum_sequence_depth":18,"maximum_work":7684,"median_ms":1.8171000000000002,"p95_ms":3.3127,"raw_samples_ms":[1.0747,1.9504,1.5901999999999998,1.1839000000000002,1.1499,3.3127,2.6606,1.2268,1.2225000000000001,1.5833,1.0811,1.0366,1.0528,1.0679,1.03,1.0085000000000002,1.929,1.2531,1.0897999999999999,4.377800000000001,2.8322,2.227,2.3855999999999997,2.5035000000000003,2.932,2.7074,2.5753999999999997,3.0556,2.4195,1.8171000000000002],"raw_work_samples":[7684,7684,7684,7684,7684,7684,7684,7684,7684,7684,7684,7684,7684,7684,7684,7684,7684,7684,7684,7684,7684,7684,7684,7684,7684,7684,7684,7684,7684,7684],"tree_rebalances":0},"undo":{"maximum_sequence_depth":18,"maximum_work":7107,"median_ms":1.2486000000000002,"p95_ms":2.8613000000000004,"raw_samples_ms":[0.9569,1.0036,1.2486000000000002,1.0314,1.0441,1.1891,2.3225,1.1198,1.0811,1.2673999999999999,0.9469,0.9278,0.9349000000000001,1.0198,0.9219,0.9018999999999999,1.1472,1.451,0.9631000000000001,2.8613000000000004,3.0308,2.3114,2.2294,2.6447,2.1718,2.355,2.3135999999999997,2.4306,2.1683000000000003,1.6193],"raw_work_samples":[7107,7107,7107,7107,7107,7107,7107,7107,7107,7107,7107,7107,7107,7107,7107,7107,7107,7107,7107,7107,7107,7107,7107,7107,7107,7107,7107,7107,7107,7107],"tree_rebalances":8},"ungroup":{"maximum_sequence_depth":18,"maximum_work":9094,"median_ms":1.8506,"p95_ms":3.6912999999999996,"raw_samples_ms":[1.2086,1.9875,1.4932,1.3012,1.2727000000000002,3.3048,2.1458,1.3963,1.3647,1.8243,1.1958,1.1634,1.271,1.17,1.1548,1.1236,1.8506,1.2167000000000001,1.1819,4.4909,3.0052,2.422,2.6811000000000003,2.7564,3.6912999999999996,2.967,2.7557,3.0254000000000003,2.2246,1.9747],"raw_work_samples":[9094,9094,9094,9094,9094,9094,9094,9094,9094,9094,9094,9094,9094,9094,9094,9094,9094,9094,9094,9094,9094,9094,9094,9094,9094,9094,9094,9094,9094,9094],"tree_rebalances":8}},"pattern":"random_seed_0x5eed","selection_count":100,"warmups":10},{"exact_sibling_order_restored":true,"measured_iterations":30,"node_count":100000,"operations":{"group":{"maximum_sequence_depth":18,"maximum_work":9716,"median_ms":1.1602999999999999,"p95_ms":2.2586,"raw_samples_ms":[0.9526,0.9472,0.9465,0.9455,0.9405,2.8201,1.9013,1.2162,1.0887,1.1372000000000002,1.176,1.029,1.5964,2.0373,1.9632999999999998,2.2586,1.8551,1.1602999999999999,1.2321,1.1612,1.1327,1.1337000000000002,2.0471,1.2939,0.9663999999999999,1.6693,1.0016999999999998,0.9675,0.9745,0.9592],"raw_work_samples":[9716,9716,9716,9716,9716,9716,9716,9716,9716,9716,9716,9716,9716,9716,9716,9716,9716,9716,9716,9716,9716,9716,9716,9716,9716,9716,9716,9716,9716,9716],"tree_rebalances":74},"redo":{"maximum_sequence_depth":18,"maximum_work":7772,"median_ms":0.9211999999999999,"p95_ms":1.6597,"raw_samples_ms":[0.8571,0.7792,0.7815,0.7743,0.7724,1.477,1.0617,0.8453999999999999,0.8664000000000001,0.8589,0.8509,0.841,1.6597,1.6308,1.6167,1.5512,1.4754,0.9426,0.9740000000000001,0.9319000000000001,0.9211999999999999,1.7015,1.2185,0.7835,1.3121999999999998,1.3595,0.7948999999999999,0.7771,0.7943,0.7837999999999999],"raw_work_samples":[7772,7772,7772,7772,7772,7772,7772,7772,7772,7772,7772,7772,7772,7772,7772,7772,7772,7772,7772,7772,7772,7772,7772,7772,7772,7772,7772,7772,7772,7772],"tree_rebalances":74},"undo":{"maximum_sequence_depth":18,"maximum_work":8108,"median_ms":0.7982,"p95_ms":1.4897999999999998,"raw_samples_ms":[0.6728,0.6597000000000001,0.6626,0.6786,0.6564,1.8756000000000002,0.897,0.742,0.7932,0.8319,0.7272,0.7177,1.4897999999999998,1.3869,1.3731,1.4777,1.2857999999999998,0.8040999999999999,0.8115,0.7982,0.7977000000000001,1.3573000000000002,1.4575,0.8191,0.6767,1.1631,0.6876,0.6789,0.6787,0.6695],"raw_work_samples":[8108,8108,8108,8108,8108,8108,8108,8108,8108,8108,8108,8108,8108,8108,8108,8108,8108,8108,8108,8108,8108,8108,8108,8108,8108,8108,8108,8108,8108,8108],"tree_rebalances":168},"ungroup":{"maximum_sequence_depth":18,"maximum_work":8748,"median_ms":0.9721000000000001,"p95_ms":1.7669000000000001,"raw_samples_ms":[0.8244,0.8137,0.8137,0.8134,0.8059999999999999,1.554,0.9298000000000001,0.9278,1.0463,0.8897,0.8857,0.8799,1.8385,1.692,1.7669000000000001,1.6042,0.9768000000000001,0.9853999999999999,0.9838,0.9763000000000001,0.9721000000000001,1.7254,1.0858,0.8375,1.4775,1.2046999999999999,0.8363999999999999,0.8302999999999999,0.8258,0.8278],"raw_work_samples":[8748,8748,8748,8748,8748,8748,8748,8748,8748,8748,8748,8748,8748,8748,8748,8748,8748,8748,8748,8748,8748,8748,8748,8748,8748,8748,8748,8748,8748,8748],"tree_rebalances":168}},"pattern":"multiple_runs","selection_count":100,"warmups":10},{"exact_sibling_order_restored":true,"measured_iterations":30,"node_count":100000,"operations":{"group":{"maximum_sequence_depth":17,"maximum_work":27568,"median_ms":2.7228,"p95_ms":4.8921,"raw_samples_ms":[4.834899999999999,4.8921,7.3057,4.2192,2.8298,3.0167,2.8531,2.7624,2.5955000000000004,2.711,3.3489,3.8720999999999997,2.7066999999999997,2.7228,2.7942,3.1288,2.6704,2.7358000000000002,2.6303,2.6451000000000002,2.7187,2.6613,2.6635,2.6248,2.6938,2.5745,2.7515,2.6735,2.682,2.5776000000000003],"raw_work_samples":[27568,27568,27568,27568,27568,27568,27568,27568,27568,27568,27568,27568,27568,27568,27568,27568,27568,27568,27568,27568,27568,27568,27568,27568,27568,27568,27568,27568,27568,27568],"tree_rebalances":298},"redo":{"maximum_sequence_depth":17,"maximum_work":21944,"median_ms":2.2281,"p95_ms":5.4476,"raw_samples_ms":[3.2394,5.4476,7.8084,2.3205999999999998,2.3719,2.2281,2.2832999999999997,2.2542,2.3286000000000002,2.2156,3.1927000000000003,3.1524,2.1997,2.1134999999999997,2.1197,2.2811,2.1895000000000002,2.2394,2.7282,2.0902,2.3736,2.2187,2.2065,2.0505,2.1496000000000004,2.0528,2.0766,2.1073,2.1304000000000003,2.1555],"raw_work_samples":[21944,21944,21944,21944,21944,21944,21944,21944,21944,21944,21944,21944,21944,21944,21944,21944,21944,21944,21944,21944,21944,21944,21944,21944,21944,21944,21944,21944,21944,21944],"tree_rebalances":298},"undo":{"maximum_sequence_depth":17,"maximum_work":24636,"median_ms":1.7718,"p95_ms":4.3481,"raw_samples_ms":[2.7483999999999997,4.5755,4.3481,2.1226000000000003,1.7718,1.8249,1.7488,1.8135000000000001,1.7309999999999999,1.8806,2.7293,2.5265,1.7470999999999999,1.7355,1.7226,1.7969,1.7292,1.7615,1.6969999999999998,1.7222,1.8951,1.9139000000000002,1.77,1.6987,1.8074000000000001,1.6821,1.7260000000000002,1.6903000000000001,1.845,1.7005],"raw_work_samples":[24636,24636,24636,24636,24636,24636,24636,24636,24636,24636,24636,24636,24636,24636,24636,24636,24636,24636,24636,24636,24636,24636,24636,24636,24636,24636,24636,24636,24636,24636],"tree_rebalances":606},"ungroup":{"maximum_sequence_depth":17,"maximum_work":26183,"median_ms":2.2020999999999997,"p95_ms":6.1123,"raw_samples_ms":[3.1351999999999998,6.1123,9.207999999999998,2.2020999999999997,2.39,2.1963,2.3992,2.0995,2.1845,2.1071000000000004,3.2965999999999998,2.1293,2.1633,2.2766,2.2129,2.3008,2.3911000000000002,2.2224,2.3936,2.0932,2.1995,2.1132999999999997,2.2552000000000003,2.1832000000000003,2.1603,2.1181,2.2474000000000003,2.166,2.1232,2.2016],"raw_work_samples":[26183,26183,26183,26183,26183,26183,26183,26183,26183,26183,26183,26183,26183,26183,26183,26183,26183,26183,26183,26183,26183,26183,26183,26183,26183,26183,26183,26183,26183,26183],"tree_rebalances":606}},"pattern":"contiguous_front","selection_count":300,"warmups":10},{"exact_sibling_order_restored":true,"measured_iterations":30,"node_count":100000,"operations":{"group":{"maximum_sequence_depth":18,"maximum_work":28837,"median_ms":2.6448,"p95_ms":4.6666,"raw_samples_ms":[2.7284,2.5572,2.6448,2.7297,4.8625,2.8907999999999996,2.5921,2.6587,2.7024000000000004,2.5507,2.8286000000000002,2.553,2.7837,2.5469,2.9013,2.5282,3.1464000000000003,4.0193,2.549,3.3321,2.5433,4.6666,2.871,2.5859,2.5782000000000003,2.5654,2.5260000000000002,2.6078,2.5328,2.599],"raw_work_samples":[28837,28837,28837,28837,28837,28837,28837,28837,28837,28837,28837,28837,28837,28837,28837,28837,28837,28837,28837,28837,28837,28837,28837,28837,28837,28837,28837,28837,28837,28837],"tree_rebalances":294},"redo":{"maximum_sequence_depth":18,"maximum_work":22930,"median_ms":2.1147,"p95_ms":3.5860000000000003,"raw_samples_ms":[2.3299000000000003,2.0342,2.1406,2.1007000000000002,3.5860000000000003,1.97,2.3526,2.0059,2.1147,2.003,2.1043,1.9979,2.148,2.2347,2.0343,2.0368999999999997,2.1169000000000002,2.8405,3.2593,2.0164,2.0769,3.9157,2.02,2.3164000000000002,2.0435000000000003,2.2548999999999997,1.9854,2.2626,2.0010000000000003,2.1631],"raw_work_samples":[22930,22930,22930,22930,22930,22930,22930,22930,22930,22930,22930,22930,22930,22930,22930,22930,22930,22930,22930,22930,22930,22930,22930,22930,22930,22930,22930,22930,22930,22930],"tree_rebalances":294},"undo":{"maximum_sequence_depth":18,"maximum_work":25000,"median_ms":1.7908,"p95_ms":3.0732,"raw_samples_ms":[2.1625,1.7365,2.2242,1.7908,3.0609,1.8751,1.7799999999999998,1.7364,1.8668,1.7233999999999998,1.8603,1.7135,1.8412000000000002,1.7041,1.8728,1.7302000000000002,1.9584,3.0732,1.7784,1.7635,1.7304,3.1146,1.7905,1.7619,1.7195,1.8036,1.7574999999999998,1.8867,1.7289,1.9969],"raw_work_samples":[25000,25000,25000,25000,25000,25000,25000,25000,25000,25000,25000,25000,25000,25000,25000,25000,25000,25000,25000,25000,25000,25000,25000,25000,25000,25000,25000,25000,25000,25000],"tree_rebalances":594},"ungroup":{"maximum_sequence_depth":18,"maximum_work":26547,"median_ms":2.2235,"p95_ms":3.8499,"raw_samples_ms":[2.2066,2.1744999999999997,2.1719999999999997,2.7302,4.3224,2.0633,2.3368,2.1549,2.4731,2.2986,2.181,2.4804,2.1512,2.2927999999999997,2.1369000000000002,2.2864999999999998,2.2272,2.2961,3.8499,2.1406,3.2399,3.7230000000000003,2.1201000000000003,2.2954999999999997,2.1365999999999996,2.2004,2.142,2.2235,2.1322,2.1595],"raw_work_samples":[26547,26547,26547,26547,26547,26547,26547,26547,26547,26547,26547,26547,26547,26547,26547,26547,26547,26547,26547,26547,26547,26547,26547,26547,26547,26547,26547,26547,26547,26547],"tree_rebalances":594}},"pattern":"contiguous_middle","selection_count":300,"warmups":10},{"exact_sibling_order_restored":true,"measured_iterations":30,"node_count":100000,"operations":{"group":{"maximum_sequence_depth":18,"maximum_work":28896,"median_ms":5.4463,"p95_ms":9.631300000000001,"raw_samples_ms":[6.3384,5.839300000000001,8.098799999999999,7.8964,6.8665,5.8917,9.631300000000001,5.8915,10.3194,7.8242,8.642199999999999,6.911,5.6518999999999995,5.4244,5.1745,4.4919,4.9443,4.8343,5.4614,5.4463,5.164700000000001,5.0786,5.0131000000000006,4.5952,5.3288,4.9847,4.7199,4.4113,4.0643,3.9785000000000004],"raw_work_samples":[28896,28896,28896,28896,28896,28896,28896,28896,28896,28896,28896,28896,28896,28896,28896,28896,28896,28896,28896,28896,28896,28896,28896,28896,28896,28896,28896,28896,28896,28896],"tree_rebalances":0},"redo":{"maximum_sequence_depth":18,"maximum_work":22896,"median_ms":4.5046,"p95_ms":8.9126,"raw_samples_ms":[6.2256,5.1765,6.7412,7.2169,4.5046,5.3774,5.4415000000000004,8.9548,6.2077,8.9126,5.7863999999999995,4.1239,3.6957,3.8103,4.1739999999999995,5.0469,4.5559,4.44,4.4169,3.7119,3.2331,3.1944999999999997,3.2374,3.8578,4.4436,6.901,4.2944,4.2749,4.4056,8.0547],"raw_work_samples":[22896,22896,22896,22896,22896,22896,22896,22896,22896,22896,22896,22896,22896,22896,22896,22896,22896,22896,22896,22896,22896,22896,22896,22896,22896,22896,22896,22896,22896,22896],"tree_rebalances":0},"undo":{"maximum_sequence_depth":18,"maximum_work":21173,"median_ms":5.3436,"p95_ms":9.063099999999999,"raw_samples_ms":[5.668399999999999,6.8694999999999995,9.063099999999999,7.6073,6.0735,5.071899999999999,7.3418,8.4296,5.8817,7.8186,5.7071,4.3687,3.1378,2.9491,3.0859,2.5736,3.1484,5.3972,5.3436,4.6754999999999995,4.3136,4.238300000000001,4.0876,4.7477,5.6219,11.8354,4.1874,4.08,4.3951,8.1482],"raw_work_samples":[21173,21173,21173,21173,21173,21173,21173,21173,21173,21173,21173,21173,21173,21173,21173,21173,21173,21173,21173,21173,21173,21173,21173,21173,21173,21173,21173,21173,21173,21173],"tree_rebalances":20},"ungroup":{"maximum_sequence_depth":18,"maximum_work":27120,"median_ms":5.001,"p95_ms":10.335799999999999,"raw_samples_ms":[8.493799999999998,5.2037,6.3088,6.8915,4.8129,9.5914,5.949000000000001,10.849400000000001,7.3342,10.335799999999999,6.5671,5.4098999999999995,4.8755,4.647799999999999,4.940499999999999,5.2248,5.1109,4.871099999999999,4.706799999999999,4.8491,4.6717,4.827299999999999,4.4408,4.6952,4.5698,5.001,4.8085,4.6221,4.5265,6.3584000000000005],"raw_work_samples":[27120,27120,27120,27120,27120,27120,27120,27120,27120,27120,27120,27120,27120,27120,27120,27120,27120,27120,27120,27120,27120,27120,27120,27120,27120,27120,27120,27120,27120,27120],"tree_rebalances":20}},"pattern":"uniform","selection_count":300,"warmups":10},{"exact_sibling_order_restored":true,"measured_iterations":30,"node_count":100000,"operations":{"group":{"maximum_sequence_depth":18,"maximum_work":28893,"median_ms":4.4985,"p95_ms":8.0092,"raw_samples_ms":[4.625,3.8104,3.8501,8.0092,8.1378,5.420999999999999,4.179399999999999,4.2394,4.621,7.2892,5.5085999999999995,4.9821,4.1338,4.1409,3.7279999999999998,3.757,3.9546,4.0763,4.723,4.4985,4.9729,5.0516,5.229100000000001,4.9026,4.9143,4.1747,3.7548999999999997,3.8617999999999997,4.1668,3.8223],"raw_work_samples":[28893,28893,28893,28893,28893,28893,28893,28893,28893,28893,28893,28893,28893,28893,28893,28893,28893,28893,28893,28893,28893,28893,28893,28893,28893,28893,28893,28893,28893,28893],"tree_rebalances":0},"redo":{"maximum_sequence_depth":18,"maximum_work":22894,"median_ms":3.9892,"p95_ms":8.3895,"raw_samples_ms":[4.161899999999999,4.1665,8.3895,8.3914,4.3292,4.556,4.4013,3.3321,3.7169,4.7883,4.158799999999999,3.4943,3.3629,3.9892,4.0687,4.1882,3.7235,3.2918000000000003,3.0698000000000003,3.1088999999999998,2.9573,4.3885,3.0368,3.0425,3.1838,3.7215,3.6009,4.1197,4.167599999999999,3.9005],"raw_work_samples":[22894,22894,22894,22894,22894,22894,22894,22894,22894,22894,22894,22894,22894,22894,22894,22894,22894,22894,22894,22894,22894,22894,22894,22894,22894,22894,22894,22894,22894,22894],"tree_rebalances":0},"undo":{"maximum_sequence_depth":18,"maximum_work":21151,"median_ms":3.2469,"p95_ms":5.1109,"raw_samples_ms":[3.6538,3.1637000000000004,5.1109,5.4356,3.2469,3.075,2.6107,2.5461,2.6014,4.5833,4.3736,3.6528,3.231,3.7763,3.1803999999999997,2.584,2.5641000000000003,2.6313,2.6884,3.2772,3.2055,3.9652000000000003,3.4012000000000002,3.2859,3.5335,3.6275999999999997,3.3332,3.1834,2.7772,2.6164],"raw_work_samples":[21151,21151,21151,21151,21151,21151,21151,21151,21151,21151,21151,21151,21151,21151,21151,21151,21151,21151,21151,21151,21151,21151,21151,21151,21151,21151,21151,21151,21151,21151],"tree_rebalances":16},"ungroup":{"maximum_sequence_depth":18,"maximum_work":27090,"median_ms":4.223,"p95_ms":8.9609,"raw_samples_ms":[3.8761,4.223,8.7545,8.9609,5.4436,4.636,4.6903,4.500900000000001,9.2997,4.2120999999999995,3.3095,3.2903,3.9947000000000004,3.6180000000000003,3.9938,4.5663,4.3948,4.6989,4.275,3.9708,3.4616,4.8117,3.49,3.2948999999999997,3.2109,3.3196,4.0948,4.2362,4.357200000000001,4.1364],"raw_work_samples":[27090,27090,27090,27090,27090,27090,27090,27090,27090,27090,27090,27090,27090,27090,27090,27090,27090,27090,27090,27090,27090,27090,27090,27090,27090,27090,27090,27090,27090,27090],"tree_rebalances":16}},"pattern":"random_seed_0x5eed","selection_count":300,"warmups":10},{"exact_sibling_order_restored":true,"measured_iterations":30,"node_count":100000,"operations":{"group":{"maximum_sequence_depth":18,"maximum_work":29030,"median_ms":3.4682,"p95_ms":7.6195,"raw_samples_ms":[2.8096,3.006,3.0206999999999997,2.8152,3.4682,3.0844,2.9252000000000002,7.8033,7.1879,2.8963,3.1825,2.8011999999999997,3.0428,2.8255,5.4126,3.8379999999999996,3.5991999999999997,3.6359,3.0546,3.6,4.9627,7.6195,7.457400000000001,6.1292,4.0292,3.779,3.0539,3.645,3.3392,3.3076999999999996],"raw_work_samples":[29030,29030,29030,29030,29030,29030,29030,29030,29030,29030,29030,29030,29030,29030,29030,29030,29030,29030,29030,29030,29030,29030,29030,29030,29030,29030,29030,29030,29030,29030],"tree_rebalances":270},"redo":{"maximum_sequence_depth":18,"maximum_work":23184,"median_ms":2.5294,"p95_ms":6.5187,"raw_samples_ms":[2.5239,2.2494,2.346,2.2546,2.5219,2.5552,2.2411000000000003,5.358,2.506,2.2603,2.3545,2.4484,2.2637,6.5187,2.5294,3.3649999999999998,3.2222,3.1908000000000003,2.509,2.3407,6.1211,3.9398999999999997,7.3212,3.4938000000000002,3.1349,3.0975,2.3285,2.6125,2.9816000000000003,2.4556999999999998],"raw_work_samples":[23184,23184,23184,23184,23184,23184,23184,23184,23184,23184,23184,23184,23184,23184,23184,23184,23184,23184,23184,23184,23184,23184,23184,23184,23184,23184,23184,23184,23184,23184],"tree_rebalances":270},"undo":{"maximum_sequence_depth":18,"maximum_work":24684,"median_ms":2.2211000000000003,"p95_ms":5.1672,"raw_samples_ms":[2.1054,1.8833,2.038,1.8754,2.2060999999999997,2.0221,1.8732,4.8605,2.9683,1.8863,1.9895999999999998,1.8683,1.9391,6.1018,2.604,2.8891,2.6113,2.3806000000000003,2.028,2.1883,5.1672,5.0879,4.7542,3.065,2.8408,2.7752,1.9705,2.2211000000000003,2.2401999999999997,2.1016],"raw_work_samples":[24684,24684,24684,24684,24684,24684,24684,24684,24684,24684,24684,24684,24684,24684,24684,24684,24684,24684,24684,24684,24684,24684,24684,24684,24684,24684,24684,24684,24684,24684],"tree_rebalances":564},"ungroup":{"maximum_sequence_depth":18,"maximum_work":26322,"median_ms":2.615,"p95_ms":6.3524,"raw_samples_ms":[2.4785,2.3106,2.4139,2.7478,2.5241000000000002,2.5522,2.5965,6.3524,2.5955000000000004,2.4902,2.3566,2.5829,2.3089999999999997,5.2708,2.3893999999999997,3.0328999999999997,3.301,3.1731,2.615,2.3674999999999997,6.0137,5.6848,6.6153,3.1584,3.2506000000000004,2.5781,2.3823,2.6768,2.7542999999999997,2.6718],"raw_work_samples":[26322,26322,26322,26322,26322,26322,26322,26322,26322,26322,26322,26322,26322,26322,26322,26322,26322,26322,26322,26322,26322,26322,26322,26322,26322,26322,26322,26322,26322,26322],"tree_rebalances":564}},"pattern":"multiple_runs","selection_count":300,"warmups":10},{"exact_sibling_order_restored":true,"measured_iterations":30,"node_count":100000,"operations":{"group":{"maximum_sequence_depth":18,"maximum_work":96096,"median_ms":11.2917,"p95_ms":23.2341,"raw_samples_ms":[9.3378,11.419699999999999,10.6625,11.5597,10.448799999999999,9.787,9.6648,9.8793,9.8935,11.6293,10.781,10.0117,10.4183,11.2917,18.0689,13.868,10.7766,15.5511,11.438699999999999,23.2341,21.1855,17.4343,10.9118,18.6704,25.5016,11.4038,10.2767,9.966199999999999,10.2451,13.2279],"raw_work_samples":[96096,96096,96096,96096,96096,96096,96096,96096,96096,96096,96096,96096,96096,96096,96096,96096,96096,96096,96096,96096,96096,96096,96096,96096,96096,96096,96096,96096,96096,96096],"tree_rebalances":1990},"redo":{"maximum_sequence_depth":18,"maximum_work":76846,"median_ms":8.4282,"p95_ms":17.613699999999998,"raw_samples_ms":[7.5125,10.3264,17.5277,10.1524,8.021,7.729299999999999,7.7965,7.8023,8.0657,7.887999999999999,7.3982,7.4936,7.7227,8.7215,10.980500000000001,10.5899,8.2699,12.8561,21.163999999999998,8.632900000000001,10.1543,8.4282,12.584200000000001,12.8336,13.6045,8.3978,8.1744,8.035,7.7427,17.613699999999998],"raw_work_samples":[76846,76846,76846,76846,76846,76846,76846,76846,76846,76846,76846,76846,76846,76846,76846,76846,76846,76846,76846,76846,76846,76846,76846,76846,76846,76846,76846,76846,76846,76846],"tree_rebalances":1990},"undo":{"maximum_sequence_depth":18,"maximum_work":85242,"median_ms":7.007099999999999,"p95_ms":15.816400000000002,"raw_samples_ms":[6.649,8.4672,6.1542,8.4697,6.6673,6.4815000000000005,6.0597,6.2073,7.0264999999999995,7.026,6.6828,6.7938,6.9667,9.3355,9.7091,8.670300000000001,7.007099999999999,15.816400000000002,8.0175,7.5708,8.4352,8.146799999999999,6.606199999999999,13.0417,16.3722,6.944299999999999,6.2487,6.3644,6.9468000000000005,6.2601],"raw_work_samples":[85242,85242,85242,85242,85242,85242,85242,85242,85242,85242,85242,85242,85242,85242,85242,85242,85242,85242,85242,85242,85242,85242,85242,85242,85242,85242,85242,85242,85242,85242],"tree_rebalances":2664},"ungroup":{"maximum_sequence_depth":18,"maximum_work":90283,"median_ms":8.7209,"p95_ms":19.7461,"raw_samples_ms":[8.1032,8.6325,11.124,10.260399999999999,8.5533,7.7541,7.4748,7.7212000000000005,7.5815,8.6105,8.2088,8.9116,8.4348,8.67,10.8368,9.2598,8.2081,9.2639,19.9108,14.1111,10.316600000000001,8.7209,15.3445,13.2966,9.541300000000001,8.1555,7.9738,8.2459,14.6797,19.7461],"raw_work_samples":[90283,90283,90283,90283,90283,90283,90283,90283,90283,90283,90283,90283,90283,90283,90283,90283,90283,90283,90283,90283,90283,90283,90283,90283,90283,90283,90283,90283,90283,90283],"tree_rebalances":2664}},"pattern":"contiguous_front","selection_count":1000,"warmups":10},{"exact_sibling_order_restored":true,"measured_iterations":30,"node_count":100000,"operations":{"group":{"maximum_sequence_depth":18,"maximum_work":95179,"median_ms":10.379199999999999,"p95_ms":23.7815,"raw_samples_ms":[11.3662,9.869,10.0323,9.891399999999999,10.3032,10.1805,23.7815,10.799100000000001,10.1781,10.2385,9.996599999999999,9.9091,10.0175,10.6054,10.3532,10.162700000000001,10.3418,20.4792,10.4522,10.51,10.379199999999999,10.2912,10.2081,10.5594,10.8218,16.3521,21.019099999999998,23.8553,14.176599999999999,15.322000000000001],"raw_work_samples":[95179,95179,95179,95179,95179,95179,95179,95179,95179,95179,95179,95179,95179,95179,95179,95179,95179,95179,95179,95179,95179,95179,95179,95179,95179,95179,95179,95179,95179,95179],"tree_rebalances":990},"redo":{"maximum_sequence_depth":18,"maximum_work":75492,"median_ms":8.026,"p95_ms":11.533800000000001,"raw_samples_ms":[7.850700000000001,7.6139,7.3713,7.3235,7.2274,18.3521,8.685500000000001,7.8864,7.915800000000001,7.740600000000001,7.4649,7.9124,8.7004,7.3176,7.6202,7.7584,8.2288,9.1787,8.026,8.212,8.4206,8.116999999999999,7.956100000000001,8.0536,8.1286,7.963400000000001,11.3554,11.533800000000001,10.4913,8.461400000000001],"raw_work_samples":[75492,75492,75492,75492,75492,75492,75492,75492,75492,75492,75492,75492,75492,75492,75492,75492,75492,75492,75492,75492,75492,75492,75492,75492,75492,75492,75492,75492,75492,75492],"tree_rebalances":990},"undo":{"maximum_sequence_depth":18,"maximum_work":82690,"median_ms":7.1966,"p95_ms":14.9812,"raw_samples_ms":[7.505000000000001,7.092099999999999,7.116,7.0954,7.0288,6.8403,7.8054,6.8922,7.2551,7.3873999999999995,7.172000000000001,7.1739999999999995,7.2106,6.9146,6.851699999999999,6.8183,6.8652,8.8016,6.988099999999999,6.7061,7.2064,7.5456,7.0669,7.1966,7.5033,8.4088,7.703200000000001,16.865399999999998,14.9812,9.9093],"raw_work_samples":[82690,82690,82690,82690,82690,82690,82690,82690,82690,82690,82690,82690,82690,82690,82690,82690,82690,82690,82690,82690,82690,82690,82690,82690,82690,82690,82690,82690,82690,82690],"tree_rebalances":1990},"ungroup":{"maximum_sequence_depth":18,"maximum_work":87731,"median_ms":8.6398,"p95_ms":18.764400000000002,"raw_samples_ms":[8.6537,8.4725,8.630799999999999,8.540000000000001,8.3996,20.714199999999998,9.2038,8.4444,8.512799999999999,8.565299999999999,8.6885,8.8153,8.664,8.5112,8.5585,8.566,8.4239,8.7051,8.5662,8.5302,8.2851,8.2577,8.6398,17.9498,9.733199999999998,13.4925,13.0045,11.0311,18.764400000000002,8.860800000000001],"raw_work_samples":[87731,87731,87731,87731,87731,87731,87731,87731,87731,87731,87731,87731,87731,87731,87731,87731,87731,87731,87731,87731,87731,87731,87731,87731,87731,87731,87731,87731,87731,87731],"tree_rebalances":1990}},"pattern":"contiguous_middle","selection_count":1000,"warmups":10},{"exact_sibling_order_restored":true,"measured_iterations":30,"node_count":100000,"operations":{"group":{"maximum_sequence_depth":18,"maximum_work":96168,"median_ms":16.1887,"p95_ms":22.7066,"raw_samples_ms":[17.6123,20.0975,16.7963,17.1193,16.8842,17.7303,27.9605,22.7066,17.9313,16.9629,17.225299999999997,19.0001,17.3398,16.245099999999997,14.673200000000001,15.2744,15.4052,15.3353,15.305,15.388499999999999,15.3058,14.8977,14.7179,15.2693,15.6958,15.6097,15.756699999999999,15.3142,14.5376,16.1887],"raw_work_samples":[96168,96168,96168,96168,96168,96168,96168,96168,96168,96168,96168,96168,96168,96168,96168,96168,96168,96168,96168,96168,96168,96168,96168,96168,96168,96168,96168,96168,96168,96168],"tree_rebalances":0},"redo":{"maximum_sequence_depth":18,"maximum_work":76174,"median_ms":13.2815,"p95_ms":22.5349,"raw_samples_ms":[22.5349,14.112400000000001,13.2855,19.7591,13.6168,42.2972,19.241500000000002,14.4298,13.353800000000001,13.828,13.8421,15.108099999999999,13.3636,12.3872,12.5219,12.845799999999999,11.912,13.7707,12.229099999999999,12.1046,11.85,12.0397,12.613600000000002,12.5513,13.2815,12.236,12.3275,12.421800000000001,12.4663,13.110800000000001],"raw_work_samples":[76174,76174,76174,76174,76174,76174,76174,76174,76174,76174,76174,76174,76174,76174,76174,76174,76174,76174,76174,76174,76174,76174,76174,76174,76174,76174,76174,76174,76174,76174],"tree_rebalances":0},"undo":{"maximum_sequence_depth":18,"maximum_work":70509,"median_ms":12.156500000000001,"p95_ms":17.306700000000003,"raw_samples_ms":[12.93,12.6596,12.5249,14.133,12.156500000000001,13.4495,18.272299999999998,13.482299999999999,12.9257,12.0312,12.511700000000001,13.1364,12.4558,11.901399999999999,11.1669,12.34,10.8025,17.306700000000003,11.1755,11.0684,11.3275,11.3632,10.9752,10.9652,11.1267,11.0453,11.083,10.8876,11.450800000000001,12.191],"raw_work_samples":[70509,70509,70509,70509,70509,70509,70509,70509,70509,70509,70509,70509,70509,70509,70509,70509,70509,70509,70509,70509,70509,70509,70509,70509,70509,70509,70509,70509,70509,70509],"tree_rebalances":80},"ungroup":{"maximum_sequence_depth":18,"maximum_work":90259,"median_ms":14.3724,"p95_ms":24.9675,"raw_samples_ms":[19.0113,15.3195,15.1989,14.831499999999998,16.185499999999998,24.9675,25.8235,17.130300000000002,15.157,15.4532,15.2965,15.669200000000002,15.147300000000001,14.3724,13.3252,14.3187,13.881900000000002,14.933399999999999,13.8684,13.648,13.1969,13.912700000000001,13.2881,14.0576,13.5481,14.002799999999999,13.8846,14.0409,13.8041,13.4927],"raw_work_samples":[90259,90259,90259,90259,90259,90259,90259,90259,90259,90259,90259,90259,90259,90259,90259,90259,90259,90259,90259,90259,90259,90259,90259,90259,90259,90259,90259,90259,90259,90259],"tree_rebalances":80}},"pattern":"uniform","selection_count":1000,"warmups":10},{"exact_sibling_order_restored":true,"measured_iterations":30,"node_count":100000,"operations":{"group":{"maximum_sequence_depth":18,"maximum_work":96163,"median_ms":17.4979,"p95_ms":24.620800000000003,"raw_samples_ms":[24.1544,17.4979,17.2729,16.5881,16.571099999999998,16.4513,23.7042,16.6142,16.7147,19.8937,19.9068,17.338,18.0183,16.8202,17.5397,18.009,18.206400000000002,16.6766,23.9288,16.8821,16.643700000000003,17.3098,16.6239,16.667,24.620800000000003,20.2044,18.8278,24.130499999999998,16.831200000000003,29.441],"raw_work_samples":[96163,96163,96163,96163,96163,96163,96163,96163,96163,96163,96163,96163,96163,96163,96163,96163,96163,96163,96163,96163,96163,96163,96163,96163,96163,96163,96163,96163,96163,96163],"tree_rebalances":4},"redo":{"maximum_sequence_depth":18,"maximum_work":76178,"median_ms":14.2786,"p95_ms":21.8883,"raw_samples_ms":[14.5751,13.3891,16.0143,13.6379,13.071299999999999,13.5884,14.2828,13.7381,13.3353,26.181900000000002,14.2786,21.8883,14.4069,16.4119,14.5946,14.4665,13.8633,13.5183,13.4971,13.6728,13.6022,13.4963,13.1903,13.904100000000001,15.1954,14.9815,16.0667,14.3156,14.165000000000001,14.6608],"raw_work_samples":[76178,76178,76178,76178,76178,76178,76178,76178,76178,76178,76178,76178,76178,76178,76178,76178,76178,76178,76178,76178,76178,76178,76178,76178,76178,76178,76178,76178,76178,76178],"tree_rebalances":4},"undo":{"maximum_sequence_depth":18,"maximum_work":70591,"median_ms":12.8103,"p95_ms":18.785300000000003,"raw_samples_ms":[14.8129,12.7994,12.4527,11.875200000000001,11.9732,12.2457,12.9943,11.8955,12.291500000000001,14.2851,13.643,17.3173,12.7688,18.183999999999997,13.1105,12.8103,12.0147,21.4067,12.505799999999999,12.1412,12.0848,12.7668,12.402399999999998,12.8862,16.0715,18.785300000000003,13.942400000000001,13.3067,12.6583,16.61],"raw_work_samples":[70591,70591,70591,70591,70591,70591,70591,70591,70591,70591,70591,70591,70591,70591,70591,70591,70591,70591,70591,70591,70591,70591,70591,70591,70591,70591,70591,70591,70591,70591],"tree_rebalances":94},"ungroup":{"maximum_sequence_depth":18,"maximum_work":90219,"median_ms":15.5324,"p95_ms":24.5676,"raw_samples_ms":[15.6923,18.7739,15.2318,14.852799999999998,14.606,26.9578,14.8351,15.0495,22.2572,19.2518,15.3673,16.1286,15.709299999999999,15.777,15.4042,16.1285,14.9048,15.239600000000001,14.882100000000001,14.664399999999999,15.5324,14.972100000000001,14.8177,15.185,24.5676,17.8276,17.049100000000003,15.072199999999999,17.9536,15.9777],"raw_work_samples":[90219,90219,90219,90219,90219,90219,90219,90219,90219,90219,90219,90219,90219,90219,90219,90219,90219,90219,90219,90219,90219,90219,90219,90219,90219,90219,90219,90219,90219,90219],"tree_rebalances":94}},"pattern":"random_seed_0x5eed","selection_count":1000,"warmups":10},{"exact_sibling_order_restored":true,"measured_iterations":30,"node_count":100000,"operations":{"group":{"maximum_sequence_depth":18,"maximum_work":96145,"median_ms":11.4556,"p95_ms":20.0422,"raw_samples_ms":[12.2122,11.5643,10.605699999999999,10.888,10.8535,10.9964,10.9227,10.8095,14.4162,16.2882,16.973399999999998,10.785599999999999,11.2247,12.2343,10.6161,10.7475,10.8195,10.7008,10.9222,14.230400000000001,20.0422,10.7499,11.6219,14.0217,18.1419,11.37,13.6426,18.2334,11.4556,20.4249],"raw_work_samples":[96145,96145,96145,96145,96145,96145,96145,96145,96145,96145,96145,96145,96145,96145,96145,96145,96145,96145,96145,96145,96145,96145,96145,96145,96145,96145,96145,96145,96145,96145],"tree_rebalances":972},"redo":{"maximum_sequence_depth":18,"maximum_work":76676,"median_ms":9.3138,"p95_ms":12.1792,"raw_samples_ms":[9.5923,8.7043,8.415199999999999,8.1526,7.9173,8.4727,8.469000000000001,10.3049,12.1338,22.4186,9.0245,8.600200000000001,8.0943,10.4168,7.8378000000000005,8.4201,8.8175,8.3689,9.3138,11.7105,9.618,12.1792,8.5862,9.501900000000001,9.384500000000001,10.5192,9.4838,10.6256,8.6205,10.0871],"raw_work_samples":[76676,76676,76676,76676,76676,76676,76676,76676,76676,76676,76676,76676,76676,76676,76676,76676,76676,76676,76676,76676,76676,76676,76676,76676,76676,76676,76676,76676,76676,76676],"tree_rebalances":972},"undo":{"maximum_sequence_depth":18,"maximum_work":83001,"median_ms":7.845400000000001,"p95_ms":13.0114,"raw_samples_ms":[7.9339,7.2489,6.908799999999999,7.3048,7.5621,7.3428,7.0546999999999995,7.4367,7.845400000000001,18.632800000000003,7.6411999999999995,7.306100000000001,7.3683000000000005,8.5296,7.4455,7.2402999999999995,7.096500000000001,7.5535000000000005,8.914,10.550500000000001,10.1725,9.1922,7.587,8.558100000000001,8.0088,8.8386,13.0114,9.2669,7.9601,8.7987],"raw_work_samples":[83001,83001,83001,83001,83001,83001,83001,83001,83001,83001,83001,83001,83001,83001,83001,83001,83001,83001,83001,83001,83001,83001,83001,83001,83001,83001,83001,83001,83001,83001],"tree_rebalances":1966},"ungroup":{"maximum_sequence_depth":18,"maximum_work":88139,"median_ms":9.4955,"p95_ms":21.0866,"raw_samples_ms":[9.0674,8.51,8.2641,8.972900000000001,8.731,8.8393,8.5816,14.6982,12.4993,23.0348,9.820300000000001,8.699399999999999,19.4409,9.4077,8.919599999999999,8.8263,8.5586,9.238299999999999,9.2584,21.0866,9.2773,12.7445,12.188600000000001,11.8254,9.869,9.4955,11.1566,11.827900000000001,10.1815,10.4258],"raw_work_samples":[88139,88139,88139,88139,88139,88139,88139,88139,88139,88139,88139,88139,88139,88139,88139,88139,88139,88139,88139,88139,88139,88139,88139,88139,88139,88139,88139,88139,88139,88139],"tree_rebalances":1966}},"pattern":"multiple_runs","selection_count":1000,"warmups":10},{"exact_sibling_order_restored":true,"measured_iterations":30,"node_count":100000,"operations":{"group":{"maximum_sequence_depth":18,"maximum_work":277960,"median_ms":34.3127,"p95_ms":56.314099999999996,"raw_samples_ms":[37.5693,28.5063,28.1843,27.5893,40.6103,36.3043,36.147800000000004,34.3127,31.7473,45.1458,34.6663,56.314099999999996,31.8298,32.5951,43.7344,40.6459,31.8499,60.494899999999994,31.257399999999997,31.1573,31.350700000000003,41.642199999999995,32.041399999999996,49.1975,33.8271,47.5929,31.2787,31.0399,31.289900000000003,38.7309],"raw_work_samples":[277960,277960,277960,277960,277960,277960,277960,277960,277960,277960,277960,277960,277960,277960,277960,277960,277960,277960,277960,277960,277960,277960,277960,277960,277960,277960,277960,277960,277960,277960],"tree_rebalances":4206},"redo":{"maximum_sequence_depth":18,"maximum_work":221284,"median_ms":25.3499,"p95_ms":39.2437,"raw_samples_ms":[35.136100000000006,22.6514,22.2931,28.4844,26.7458,29.0546,34.9265,26.594099999999997,24.5213,47.4435,29.9941,25.3499,24.195700000000002,25.5319,24.5087,25.1995,24.871399999999998,24.3622,24.4206,24.254499999999997,24.670299999999997,25.6375,26.3229,24.700799999999997,24.4569,25.2685,24.689200000000003,39.2437,26.0828,25.3532],"raw_work_samples":[221284,221284,221284,221284,221284,221284,221284,221284,221284,221284,221284,221284,221284,221284,221284,221284,221284,221284,221284,221284,221284,221284,221284,221284,221284,221284,221284,221284,221284,221284],"tree_rebalances":4206},"undo":{"maximum_sequence_depth":18,"maximum_work":267838,"median_ms":21.222,"p95_ms":31.315999999999995,"raw_samples_ms":[20.372700000000002,18.1707,28.2488,22.862099999999998,22.6553,55.0099,20.8002,25.3648,25.7478,21.9544,20.2645,21.798399999999997,20.6496,31.315999999999995,20.8504,20.506,20.7915,26.0008,20.4341,20.0942,20.8616,22.2533,20.5428,21.000600000000002,21.222,24.477800000000002,20.4426,20.4775,28.6363,25.5382],"raw_work_samples":[267838,267838,267838,267838,267838,267838,267838,267838,267838,267838,267838,267838,267838,267838,267838,267838,267838,267838,267838,267838,267838,267838,267838,267838,267838,267838,267838,267838,267838,267838],"tree_rebalances":10208},"ungroup":{"maximum_sequence_depth":18,"maximum_work":282879,"median_ms":25.514100000000003,"p95_ms":44.8852,"raw_samples_ms":[26.897199999999998,22.486900000000002,21.7217,29.601499999999998,24.5002,31.522000000000002,27.2848,27.6567,24.7195,48.5601,44.8852,25.8352,28.2485,25.514100000000003,24.962999999999997,24.7497,42.836,24.7315,24.613400000000002,35.759100000000004,24.8221,25.700400000000002,25.369699999999998,25.069399999999998,25.0139,24.9072,25.1173,28.5718,25.173299999999998,26.0887],"raw_work_samples":[282879,282879,282879,282879,282879,282879,282879,282879,282879,282879,282879,282879,282879,282879,282879,282879,282879,282879,282879,282879,282879,282879,282879,282879,282879,282879,282879,282879,282879,282879],"tree_rebalances":10208}},"pattern":"contiguous_front","selection_count":3000,"warmups":10},{"exact_sibling_order_restored":true,"measured_iterations":30,"node_count":100000,"operations":{"group":{"maximum_sequence_depth":18,"maximum_work":282504,"median_ms":37.7731,"p95_ms":59.6843,"raw_samples_ms":[32.2941,52.839400000000005,48.2384,32.5003,37.7731,44.5162,33.9044,39.7049,48.165,49.4598,32.2149,33.238499999999995,76.8921,45.2959,32.99,51.0295,41.1486,33.0627,32.0261,31.805,32.2673,32.2647,32.6737,41.1628,50.9437,29.175900000000002,42.1722,30.2038,30.9385,59.6843],"raw_work_samples":[282504,282504,282504,282504,282504,282504,282504,282504,282504,282504,282504,282504,282504,282504,282504,282504,282504,282504,282504,282504,282504,282504,282504,282504,282504,282504,282504,282504,282504,282504],"tree_rebalances":2994},"redo":{"maximum_sequence_depth":18,"maximum_work":223514,"median_ms":29.5156,"p95_ms":40.004999999999995,"raw_samples_ms":[39.1807,29.5455,29.5156,29.6995,30.1011,29.866,25.421400000000002,32.4735,40.004999999999995,24.654100000000003,24.656000000000002,31.9565,38.8527,25.8107,32.088100000000004,32.2459,25.2644,24.7824,24.884900000000002,25.9569,25.7081,24.7068,24.7718,24.300700000000003,22.5981,31.885900000000003,23.7726,26.592000000000002,34.4009,42.316],"raw_work_samples":[223514,223514,223514,223514,223514,223514,223514,223514,223514,223514,223514,223514,223514,223514,223514,223514,223514,223514,223514,223514,223514,223514,223514,223514,223514,223514,223514,223514,223514,223514],"tree_rebalances":2994},"undo":{"maximum_sequence_depth":18,"maximum_work":249925,"median_ms":21.7968,"p95_ms":35.5988,"raw_samples_ms":[23.9558,26.86,29.3601,21.4188,29.8057,35.5988,20.8593,21.4178,35.7788,23.9341,20.8278,26.5547,33.8597,25.1453,24.954400000000003,21.506,22.1778,20.906000000000002,21.398899999999998,21.048000000000002,21.2838,21.04,21.2013,21.063200000000002,20.745900000000002,19.108300000000003,22.6265,21.7968,24.3317,21.698999999999998],"raw_work_samples":[249925,249925,249925,249925,249925,249925,249925,249925,249925,249925,249925,249925,249925,249925,249925,249925,249925,249925,249925,249925,249925,249925,249925,249925,249925,249925,249925,249925,249925,249925],"tree_rebalances":5992},"ungroup":{"maximum_sequence_depth":18,"maximum_work":264969,"median_ms":26.171300000000002,"p95_ms":45.413599999999995,"raw_samples_ms":[42.9634,25.7906,26.41,34.174299999999995,39.720600000000005,27.1353,25.8643,39.6001,40.930099999999996,25.2922,25.804000000000002,56.3028,35.7072,26.089000000000002,45.413599999999995,40.1761,25.6242,25.4209,25.5405,26.171300000000002,25.8511,25.6549,26.1255,26.8581,22.9984,24.9845,25.6301,24.9766,37.5659,42.5096],"raw_work_samples":[264969,264969,264969,264969,264969,264969,264969,264969,264969,264969,264969,264969,264969,264969,264969,264969,264969,264969,264969,264969,264969,264969,264969,264969,264969,264969,264969,264969,264969,264969],"tree_rebalances":5992}},"pattern":"contiguous_middle","selection_count":3000,"warmups":10},{"exact_sibling_order_restored":true,"measured_iterations":30,"node_count":100000,"operations":{"group":{"maximum_sequence_depth":18,"maximum_work":288372,"median_ms":53.1481,"p95_ms":76.3861,"raw_samples_ms":[51.687799999999996,54.923399999999994,50.6127,53.1481,49.675200000000004,46.3641,60.497,46.1448,45.6272,45.9737,45.6455,46.209199999999996,45.46469999999999,47.5614,48.382,69.9931,74.15289999999999,56.896,47.6769,57.7904,66.54440000000001,76.3861,50.3925,75.6292,79.413,64.2423,63.571600000000004,56.509299999999996,61.9583,50.3287],"raw_work_samples":[288372,288372,288372,288372,288372,288372,288372,288372,288372,288372,288372,288372,288372,288372,288372,288372,288372,288372,288372,288372,288372,288372,288372,288372,288372,288372,288372,288372,288372,288372],"tree_rebalances":0},"redo":{"maximum_sequence_depth":18,"maximum_work":228372,"median_ms":39.8299,"p95_ms":55.679,"raw_samples_ms":[45.067299999999996,42.7774,68.6435,39.4284,36.3483,37.1378,39.598,36.3435,35.6145,36.7091,43.313900000000004,39.7955,40.2026,38.5774,37.2104,35.9116,40.3242,43.5058,38.546299999999995,47.2539,40.151399999999995,39.8299,55.679,45.358799999999995,42.520700000000005,39.1328,48.9126,41.2319,38.982299999999995,38.7215],"raw_work_samples":[228372,228372,228372,228372,228372,228372,228372,228372,228372,228372,228372,228372,228372,228372,228372,228372,228372,228372,228372,228372,228372,228372,228372,228372,228372,228372,228372,228372,228372,228372],"tree_rebalances":0},"undo":{"maximum_sequence_depth":18,"maximum_work":211277,"median_ms":34.574,"p95_ms":47.2078,"raw_samples_ms":[35.087199999999996,39.2301,35.0886,33.310100000000006,31.5517,31.430100000000003,32.1995,33.8723,31.165499999999998,30.6221,31.838400000000004,30.9192,31.7775,32.436899999999994,31.2408,33.3217,41.5275,43.307900000000004,32.4302,52.0647,37.975500000000004,47.2078,33.836400000000005,39.9586,41.7231,34.7686,47.1729,35.528200000000005,36.0168,34.574],"raw_work_samples":[211277,211277,211277,211277,211277,211277,211277,211277,211277,211277,211277,211277,211277,211277,211277,211277,211277,211277,211277,211277,211277,211277,211277,211277,211277,211277,211277,211277,211277,211277],"tree_rebalances":204},"ungroup":{"maximum_sequence_depth":18,"maximum_work":270384,"median_ms":43.321,"p95_ms":62.1153,"raw_samples_ms":[52.737,43.321,58.0403,46.727900000000005,39.1644,39.9857,43.1304,42.487700000000004,38.739000000000004,40.1284,38.4124,39.695800000000006,40.1467,41.2838,40.3276,42.5617,45.451100000000004,43.629599999999996,62.1153,51.8941,46.410199999999996,43.8162,46.206900000000005,53.383100000000006,50.5895,42.1138,54.4369,71.6318,43.0954,43.1458],"raw_work_samples":[270384,270384,270384,270384,270384,270384,270384,270384,270384,270384,270384,270384,270384,270384,270384,270384,270384,270384,270384,270384,270384,270384,270384,270384,270384,270384,270384,270384,270384,270384],"tree_rebalances":204}},"pattern":"uniform","selection_count":3000,"warmups":10},{"exact_sibling_order_restored":true,"measured_iterations":30,"node_count":100000,"operations":{"group":{"maximum_sequence_depth":18,"maximum_work":288443,"median_ms":52.396699999999996,"p95_ms":68.8407,"raw_samples_ms":[48.954699999999995,48.580999999999996,64.785,48.832100000000004,64.9134,55.7557,53.476099999999995,64.1015,47.4744,68.8407,48.5586,48.9951,48.9509,52.3535,56.7347,50.9893,51.7847,54.5536,57.5519,52.8512,48.602199999999996,68.3926,52.3065,73.5267,51.4089,49.6147,52.396699999999996,63.9619,65.6118,48.7563],"raw_work_samples":[288443,288443,288443,288443,288443,288443,288443,288443,288443,288443,288443,288443,288443,288443,288443,288443,288443,288443,288443,288443,288443,288443,288443,288443,288443,288443,288443,288443,288443,288443],"tree_rebalances":22},"redo":{"maximum_sequence_depth":18,"maximum_work":228554,"median_ms":44.369699999999995,"p95_ms":63.430600000000005,"raw_samples_ms":[37.5509,65.0463,44.369699999999995,56.0683,48.5745,38.497299999999996,63.430600000000005,37.7553,62.1025,38.9559,41.4287,50.6533,37.957499999999996,42.8108,42.2209,46.4407,40.267900000000004,45.8163,50.0055,44.2073,45.867,50.9854,37.8094,40.9207,52.4638,50.951299999999996,38.6297,42.227199999999996,49.901399999999995,43.6033],"raw_work_samples":[228554,228554,228554,228554,228554,228554,228554,228554,228554,228554,228554,228554,228554,228554,228554,228554,228554,228554,228554,228554,228554,228554,228554,228554,228554,228554,228554,228554,228554,228554],"tree_rebalances":22},"undo":{"maximum_sequence_depth":18,"maximum_work":212747,"median_ms":41.2374,"p95_ms":55.9066,"raw_samples_ms":[33.017199999999995,54.522099999999995,52.6755,35.9428,62.7026,33.2615,52.595299999999995,35.9754,48.3889,37.1186,33.3641,32.9871,32.9509,41.2374,34.348,33.5865,32.332100000000004,55.9066,35.1304,42.5808,33.1754,47.7555,36.3935,43.0952,50.3553,52.503099999999996,33.3469,41.3093,50.8115,45.8113],"raw_work_samples":[212747,212747,212747,212747,212747,212747,212747,212747,212747,212747,212747,212747,212747,212747,212747,212747,212747,212747,212747,212747,212747,212747,212747,212747,212747,212747,212747,212747,212747,212747],"tree_rebalances":490},"ungroup":{"maximum_sequence_depth":18,"maximum_work":270615,"median_ms":47.836499999999994,"p95_ms":68.8288,"raw_samples_ms":[41.2685,42.967400000000005,40.6715,41.2207,43.0225,45.242900000000006,54.7139,42.492599999999996,46.8767,42.715700000000005,50.172799999999995,41.4721,49.5532,42.2877,57.9457,41.2347,61.7751,52.0402,68.8288,47.836499999999994,76.3475,59.1318,49.530499999999996,45.1032,48.8562,48.6848,41.046899999999994,55.284,43.662800000000004,58.325500000000005],"raw_work_samples":[270615,270615,270615,270615,270615,270615,270615,270615,270615,270615,270615,270615,270615,270615,270615,270615,270615,270615,270615,270615,270615,270615,270615,270615,270615,270615,270615,270615,270615,270615],"tree_rebalances":490}},"pattern":"random_seed_0x5eed","selection_count":3000,"warmups":10},{"exact_sibling_order_restored":true,"measured_iterations":30,"node_count":100000,"operations":{"group":{"maximum_sequence_depth":18,"maximum_work":285873,"median_ms":39.2725,"p95_ms":53.2947,"raw_samples_ms":[34.5346,46.618100000000005,45.958800000000004,39.2725,33.1527,34.2016,63.65369999999999,33.004,39.0756,33.0625,44.3554,35.6597,44.379799999999996,33.6736,42.370900000000006,39.5762,39.748,32.5884,42.9527,42.516,53.2947,41.7892,34.626,46.2639,35.7969,33.7627,32.9972,39.3559,38.4606,33.948699999999995],"raw_work_samples":[285873,285873,285873,285873,285873,285873,285873,285873,285873,285873,285873,285873,285873,285873,285873,285873,285873,285873,285873,285873,285873,285873,285873,285873,285873,285873,285873,285873,285873,285873],"tree_rebalances":2956},"redo":{"maximum_sequence_depth":18,"maximum_work":227584,"median_ms":32.072,"p95_ms":46.6617,"raw_samples_ms":[37.9317,36.2274,26.4786,25.848699999999997,26.764699999999998,46.6617,28.8857,33.7475,26.3114,26.9056,40.273900000000005,28.2795,36.4311,27.848100000000002,52.38,42.399699999999996,27.5623,37.4238,25.9797,25.698700000000002,32.072,26.0945,39.889599999999994,38.3807,38.2327,26.206500000000002,33.6742,25.691100000000002,37.951499999999996,28.878899999999998],"raw_work_samples":[227584,227584,227584,227584,227584,227584,227584,227584,227584,227584,227584,227584,227584,227584,227584,227584,227584,227584,227584,227584,227584,227584,227584,227584,227584,227584,227584,227584,227584,227584],"tree_rebalances":2956},"undo":{"maximum_sequence_depth":18,"maximum_work":249200,"median_ms":24.3693,"p95_ms":39.5103,"raw_samples_ms":[22.3395,42.1291,23.7304,27.0092,22.0808,22.359299999999998,33.7545,33.568599999999996,29.788800000000002,22.5112,22.767200000000003,23.8627,31.0141,30.4222,39.5103,31.3446,22.0229,22.363,22.5338,22.3291,35.916,30.9837,33.077799999999996,25.969800000000003,22.3802,21.7792,24.3693,22.4582,29.2679,21.7281],"raw_work_samples":[249200,249200,249200,249200,249200,249200,249200,249200,249200,249200,249200,249200,249200,249200,249200,249200,249200,249200,249200,249200,249200,249200,249200,249200,249200,249200,249200,249200,249200,249200],"tree_rebalances":5950},"ungroup":{"maximum_sequence_depth":18,"maximum_work":264332,"median_ms":29.6973,"p95_ms":51.677,"raw_samples_ms":[37.5043,42.8592,26.8162,26.7732,26.3046,63.770599999999995,28.3371,30.660300000000003,26.4103,49.2297,29.7884,40.675999999999995,38.767999999999994,26.679299999999998,35.753,28.7855,29.5407,30.0735,27.6682,26.997400000000003,35.552,43.172399999999996,26.962799999999998,29.6973,27.8885,27.5421,51.677,28.1192,27.4529,36.320100000000004],"raw_work_samples":[264332,264332,264332,264332,264332,264332,264332,264332,264332,264332,264332,264332,264332,264332,264332,264332,264332,264332,264332,264332,264332,264332,264332,264332,264332,264332,264332,264332,264332,264332],"tree_rebalances":5950}},"pattern":"multiple_runs","selection_count":3000,"warmups":10},{"exact_sibling_order_restored":true,"measured_iterations":30,"node_count":100000,"operations":{"group":{"maximum_sequence_depth":18,"maximum_work":902096,"median_ms":123.78540000000001,"p95_ms":158.31300000000002,"raw_samples_ms":[153.95770000000002,105.8095,152.4604,123.78540000000001,111.2056,104.20179999999999,158.31300000000002,104.0697,126.84339999999999,104.3761,156.25300000000001,103.5212,147.1171,146.2703,136.7362,117.2416,118.0859,133.85920000000002,125.3863,160.8734,126.00420000000001,104.2812,103.6882,105.63889999999999,104.42,110.5825,128.4075,106.2179,113.92819999999999,125.7547],"raw_work_samples":[902096,902096,902096,902096,902096,902096,902096,902096,902096,902096,902096,902096,902096,902096,902096,902096,902096,902096,902096,902096,902096,902096,902096,902096,902096,902096,902096,902096,902096,902096],"tree_rebalances":10896},"redo":{"maximum_sequence_depth":18,"maximum_work":712292,"median_ms":96.94999999999999,"p95_ms":153.6748,"raw_samples_ms":[91.5857,92.46260000000001,82.8121,99.5878,100.85510000000001,109.46730000000001,97.7086,83.80170000000001,98.4517,98.4976,92.0452,82.3837,128.6921,83.5345,153.6748,83.6296,99.98559999999999,92.02799999999999,97.0921,93.7696,83.0155,82.1826,81.90119999999999,90.7769,154.3266,98.35289999999999,127.3485,125.90480000000001,96.94999999999999,93.159],"raw_work_samples":[712292,712292,712292,712292,712292,712292,712292,712292,712292,712292,712292,712292,712292,712292,712292,712292,712292,712292,712292,712292,712292,712292,712292,712292,712292,712292,712292,712292,712292,712292],"tree_rebalances":10896},"undo":{"maximum_sequence_depth":18,"maximum_work":840338,"median_ms":81.32159999999999,"p95_ms":105.4798,"raw_samples_ms":[82.48400000000001,67.3157,86.3216,86.4043,83.20700000000001,67.3434,105.4798,67.1665,86.7898,67.826,82.443,68.177,100.66550000000001,88.1993,98.2897,79.6364,99.5082,98.4691,69.7139,77.0016,68.9095,67.6819,67.69319999999999,81.5001,67.9374,78.3652,130.5066,81.32159999999999,67.7372,67.9987],"raw_work_samples":[840338,840338,840338,840338,840338,840338,840338,840338,840338,840338,840338,840338,840338,840338,840338,840338,840338,840338,840338,840338,840338,840338,840338,840338,840338,840338,840338,840338,840338,840338],"tree_rebalances":20906},"ungroup":{"maximum_sequence_depth":18,"maximum_work":890379,"median_ms":91.7481,"p95_ms":134.4,"raw_samples_ms":[88.7232,134.4,130.2226,84.3548,83.3512,139.1327,115.6177,85.6511,89.8686,101.0204,100.7185,82.6968,112.255,90.9698,111.54469999999999,83.70519999999999,90.6748,122.3408,125.27650000000001,83.8832,82.87400000000001,93.6115,86.01169999999999,91.7481,88.006,113.96969999999999,104.3321,90.3656,111.9586,90.2686],"raw_work_samples":[890379,890379,890379,890379,890379,890379,890379,890379,890379,890379,890379,890379,890379,890379,890379,890379,890379,890379,890379,890379,890379,890379,890379,890379,890379,890379,890379,890379,890379,890379],"tree_rebalances":20906}},"pattern":"contiguous_front","selection_count":10000,"warmups":10},{"exact_sibling_order_restored":true,"measured_iterations":30,"node_count":100000,"operations":{"group":{"maximum_sequence_depth":18,"maximum_work":935029,"median_ms":116.2936,"p95_ms":148.64939999999999,"raw_samples_ms":[105.0069,142.66729999999998,133.14770000000001,102.2483,103.645,148.4965,103.627,117.2003,102.56909999999999,129.95860000000002,143.2583,113.51089999999999,118.1836,116.2936,153.85219999999998,121.526,114.17710000000001,105.3175,148.64939999999999,105.83099999999999,106.3989,131.9846,139.4357,108.675,133.3888,109.93419999999999,145.0856,103.3003,104.093,104.19449999999999],"raw_work_samples":[935029,935029,935029,935029,935029,935029,935029,935029,935029,935029,935029,935029,935029,935029,935029,935029,935029,935029,935029,935029,935029,935029,935029,935029,935029,935029,935029,935029,935029,935029],"tree_rebalances":9992},"redo":{"maximum_sequence_depth":18,"maximum_work":738136,"median_ms":99.402,"p95_ms":145.052,"raw_samples_ms":[88.7184,123.1578,107.4658,81.4487,128.35479999999998,97.0833,89.0239,82.92049999999999,80.0352,90.68260000000001,83.4065,81.80999999999999,122.3921,81.7585,149.4334,103.92830000000001,111.9331,104.2878,145.052,89.20490000000001,126.92429999999999,110.1102,97.32509999999999,100.6572,108.0929,102.5285,86.5877,99.402,83.49,74.93950000000001],"raw_work_samples":[738136,738136,738136,738136,738136,738136,738136,738136,738136,738136,738136,738136,738136,738136,738136,738136,738136,738136,738136,738136,738136,738136,738136,738136,738136,738136,738136,738136,738136,738136],"tree_rebalances":9992},"undo":{"maximum_sequence_depth":18,"maximum_work":831986,"median_ms":83.5735,"p95_ms":118.5799,"raw_samples_ms":[85.2931,118.5799,86.0252,68.1738,68.3489,79.5295,94.91460000000001,68.3111,68.4712,98.92320000000001,94.277,68.132,87.1585,83.5735,84.5586,99.68639999999999,81.9492,69.25779999999999,85.9904,68.2627,104.1656,68.6498,90.9159,68.85470000000001,112.16900000000001,122.87180000000001,75.35459999999999,77.21409999999999,83.3198,67.67099999999999],"raw_work_samples":[831986,831986,831986,831986,831986,831986,831986,831986,831986,831986,831986,831986,831986,831986,831986,831986,831986,831986,831986,831986,831986,831986,831986,831986,831986,831986,831986,831986,831986,831986],"tree_rebalances":19990},"ungroup":{"maximum_sequence_depth":18,"maximum_work":882027,"median_ms":97.4438,"p95_ms":162.29479999999998,"raw_samples_ms":[130.0703,87.9387,83.4326,84.0453,96.7825,139.62279999999998,131.21089999999998,97.607,84.6957,85.34440000000001,88.0775,107.7139,110.5185,128.65540000000001,98.5338,84.919,94.6899,97.4438,199.5047,104.9981,123.6994,88.905,104.9795,113.5029,84.76559999999999,162.29479999999998,84.6117,84.0009,84.6108,87.03569999999999],"raw_work_samples":[882027,882027,882027,882027,882027,882027,882027,882027,882027,882027,882027,882027,882027,882027,882027,882027,882027,882027,882027,882027,882027,882027,882027,882027,882027,882027,882027,882027,882027,882027],"tree_rebalances":19990}},"pattern":"contiguous_middle","selection_count":10000,"warmups":10},{"exact_sibling_order_restored":true,"measured_iterations":30,"node_count":100000,"operations":{"group":{"maximum_sequence_depth":18,"maximum_work":961077,"median_ms":151.2181,"p95_ms":179.3805,"raw_samples_ms":[140.7532,143.6345,174.4223,179.3805,207.4835,151.12300000000002,165.0855,156.67020000000002,178.9055,154.04979999999998,145.6048,142.51430000000002,141.6392,153.04219999999998,145.9435,163.4276,157.67030000000003,156.6364,135.4941,136.798,141.9978,143.37959999999998,151.2181,158.5873,160.3709,146.5113,142.5577,170.4708,143.321,139.1013],"raw_work_samples":[961077,961077,961077,961077,961077,961077,961077,961077,961077,961077,961077,961077,961077,961077,961077,961077,961077,961077,961077,961077,961077,961077,961077,961077,961077,961077,961077,961077,961077,961077],"tree_rebalances":0},"redo":{"maximum_sequence_depth":18,"maximum_work":761078,"median_ms":125.867,"p95_ms":165.082,"raw_samples_ms":[155.9777,132.63459999999998,171.8829,144.9369,145.1935,126.78059999999999,116.07820000000001,165.082,138.84079999999997,137.71949999999998,124.3209,114.6785,112.5126,109.7534,160.5514,110.5141,130.6068,128.6041,118.82629999999999,112.4624,112.13770000000001,99.3031,125.867,118.1562,106.8547,134.15099999999998,102.0663,136.75480000000002,114.0163,109.6998],"raw_work_samples":[761078,761078,761078,761078,761078,761078,761078,761078,761078,761078,761078,761078,761078,761078,761078,761078,761078,761078,761078,761078,761078,761078,761078,761078,761078,761078,761078,761078,761078,761078],"tree_rebalances":0},"undo":{"maximum_sequence_depth":18,"maximum_work":704105,"median_ms":100.0911,"p95_ms":142.0767,"raw_samples_ms":[142.0767,91.37570000000001,165.40740000000002,127.0778,98.2405,95.7478,110.209,100.8342,106.28569999999999,133.7392,91.4056,110.2766,105.71039999999999,101.9635,97.542,100.0911,126.5992,94.3898,105.1943,85.3307,90.4389,84.6792,94.50540000000001,97.64240000000001,104.4877,89.1387,86.1824,91.31920000000001,104.223,85.8719],"raw_work_samples":[704105,704105,704105,704105,704105,704105,704105,704105,704105,704105,704105,704105,704105,704105,704105,704105,704105,704105,704105,704105,704105,704105,704105,704105,704105,704105,704105,704105,704105,704105],"tree_rebalances":676},"ungroup":{"maximum_sequence_depth":18,"maximum_work":901055,"median_ms":129.2067,"p95_ms":168.6304,"raw_samples_ms":[151.1251,138.71800000000002,128.6369,124.9983,163.5628,117.64819999999999,117.1605,168.6304,127.38810000000001,118.37979999999999,129.2648,139.5227,165.86419999999998,131.70309999999998,137.9486,122.3385,182.5906,129.2067,110.3852,108.6771,123.4167,104.0089,133.0857,126.30030000000001,116.99980000000001,128.62109999999998,136.5426,132.92190000000002,129.2804,111.4291],"raw_work_samples":[901055,901055,901055,901055,901055,901055,901055,901055,901055,901055,901055,901055,901055,901055,901055,901055,901055,901055,901055,901055,901055,901055,901055,901055,901055,901055,901055,901055,901055,901055],"tree_rebalances":676}},"pattern":"uniform","selection_count":10000,"warmups":10},{"exact_sibling_order_restored":true,"measured_iterations":30,"node_count":100000,"operations":{"group":{"maximum_sequence_depth":18,"maximum_work":960782,"median_ms":169.29440000000002,"p95_ms":216.3736,"raw_samples_ms":[168.7678,171.0262,216.3736,198.0201,170.9544,175.7105,144.5155,142.60510000000002,140.8045,127.63040000000001,127.21859999999998,130.3842,128.1521,129.5983,147.6294,179.9172,183.495,158.0202,219.14929999999998,205.7316,178.2155,174.3161,168.5168,175.8693,164.198,196.5531,198.55339999999998,169.29440000000002,149.2697,143.4783],"raw_work_samples":[960782,960782,960782,960782,960782,960782,960782,960782,960782,960782,960782,960782,960782,960782,960782,960782,960782,960782,960782,960782,960782,960782,960782,960782,960782,960782,960782,960782,960782,960782],"tree_rebalances":224},"redo":{"maximum_sequence_depth":18,"maximum_work":761696,"median_ms":128.9704,"p95_ms":156.0523,"raw_samples_ms":[151.8439,135.9056,128.9704,114.4816,156.0523,146.5811,119.02459999999999,113.8714,110.3905,119.316,126.59020000000001,101.80640000000001,103.9281,108.11800000000001,99.86240000000001,125.86,144.8538,164.5015,139.0121,133.8785,138.41570000000002,137.17579999999998,139.1784,141.4974,146.0426,114.4773,120.3284,127.0434,116.4053,151.4161],"raw_work_samples":[761696,761696,761696,761696,761696,761696,761696,761696,761696,761696,761696,761696,761696,761696,761696,761696,761696,761696,761696,761696,761696,761696,761696,761696,761696,761696,761696,761696,761696,761696],"tree_rebalances":224},"undo":{"maximum_sequence_depth":18,"maximum_work":715069,"median_ms":104.92020000000001,"p95_ms":137.25699999999998,"raw_samples_ms":[92.3217,93.9932,113.6964,133.8863,118.6308,112.8521,92.3421,91.9256,91.021,83.2864,82.4948,84.82929999999999,82.7618,83.3283,81.5325,94.1013,115.5184,92.1785,114.8714,137.25699999999998,124.86160000000001,98.40939999999999,100.3773,117.1755,155.2336,107.49019999999999,104.92020000000001,105.07180000000001,115.6237,111.6598],"raw_work_samples":[715069,715069,715069,715069,715069,715069,715069,715069,715069,715069,715069,715069,715069,715069,715069,715069,715069,715069,715069,715069,715069,715069,715069,715069,715069,715069,715069,715069,715069,715069],"tree_rebalances":2796},"ungroup":{"maximum_sequence_depth":18,"maximum_work":898305,"median_ms":130.80929999999998,"p95_ms":161.3639,"raw_samples_ms":[146.9635,158.04579999999999,160.90699999999998,129.67790000000002,152.0208,133.8245,121.31400000000001,151.1972,112.1014,133.02030000000002,130.80929999999998,105.239,107.122,152.8025,154.24360000000001,123.87389999999999,143.1892,161.3639,124.5976,123.7833,160.6617,115.4374,121.40639999999999,139.98360000000002,182.5128,117.1259,115.2187,116.66250000000001,119.4966,116.92],"raw_work_samples":[898305,898305,898305,898305,898305,898305,898305,898305,898305,898305,898305,898305,898305,898305,898305,898305,898305,898305,898305,898305,898305,898305,898305,898305,898305,898305,898305,898305,898305,898305],"tree_rebalances":2796}},"pattern":"random_seed_0x5eed","selection_count":10000,"warmups":10},{"exact_sibling_order_restored":true,"measured_iterations":30,"node_count":100000,"operations":{"group":{"maximum_sequence_depth":18,"maximum_work":944606,"median_ms":109.0687,"p95_ms":166.27,"raw_samples_ms":[105.1807,99.5357,98.6745,96.8744,138.3184,122.5998,105.6266,115.28779999999999,106.32990000000001,166.27,101.681,114.1094,133.44420000000002,102.69449999999999,129.2556,163.8227,155.92600000000002,124.2277,119.6673,190.328,107.5079,126.2884,105.17840000000001,109.0687,115.3317,95.97319999999999,101.8237,101.3591,105.38119999999999,92.29260000000001],"raw_work_samples":[944606,944606,944606,944606,944606,944606,944606,944606,944606,944606,944606,944606,944606,944606,944606,944606,944606,944606,944606,944606,944606,944606,944606,944606,944606,944606,944606,944606,944606,944606],"tree_rebalances":9946},"redo":{"maximum_sequence_depth":18,"maximum_work":750166,"median_ms":84.4058,"p95_ms":109.68350000000001,"raw_samples_ms":[100.4262,93.2355,82.6326,86.0374,103.0692,82.485,100.5828,95.2201,80.9554,81.3272,90.1433,82.033,109.68350000000001,84.5538,82.06720000000001,80.4268,81.4401,92.6287,84.4058,80.094,97.6599,80.72930000000001,111.5627,82.1957,79.9525,84.8723,78.5012,74.745,88.33879999999999,71.43299999999999],"raw_work_samples":[750166,750166,750166,750166,750166,750166,750166,750166,750166,750166,750166,750166,750166,750166,750166,750166,750166,750166,750166,750166,750166,750166,750166,750166,750166,750166,750166,750166,750166,750166],"tree_rebalances":9946},"undo":{"maximum_sequence_depth":18,"maximum_work":829722,"median_ms":68.9704,"p95_ms":109.5784,"raw_samples_ms":[67.9593,76.34779999999999,62.0439,86.13560000000001,92.9735,68.3627,68.9704,88.3271,118.1188,67.8323,68.34030000000001,67.6673,96.0865,67.7101,76.7081,68.04060000000001,69.351,86.0673,83.3744,67.7726,68.1592,66.8387,109.5784,80.2644,68.0896,62.811699999999995,71.9947,61.7994,72.3747,62.1564],"raw_work_samples":[829722,829722,829722,829722,829722,829722,829722,829722,829722,829722,829722,829722,829722,829722,829722,829722,829722,829722,829722,829722,829722,829722,829722,829722,829722,829722,829722,829722,829722,829722],"tree_rebalances":19940},"ungroup":{"maximum_sequence_depth":18,"maximum_work":879845,"median_ms":93.6094,"p95_ms":117.29589999999999,"raw_samples_ms":[85.2132,117.94839999999999,77.5398,88.5459,99.701,98.5574,86.122,109.4507,103.50919999999999,87.9981,112.223,82.6736,117.29589999999999,84.3074,106.3543,86.559,101.1847,104.3767,86.9681,97.1931,96.1143,102.7594,94.2654,93.13810000000001,93.6094,76.9396,83.90440000000001,76.98729999999999,76.3935,75.5021],"raw_work_samples":[879845,879845,879845,879845,879845,879845,879845,879845,879845,879845,879845,879845,879845,879845,879845,879845,879845,879845,879845,879845,879845,879845,879845,879845,879845,879845,879845,879845,879845,879845],"tree_rebalances":19940}},"pattern":"multiple_runs","selection_count":10000,"warmups":10}],"phase":"0E-R3","started_at_utc":"SystemTime { intervals: 134309061736150261 }","thresholds":[{"limit":2.0,"name":"work_per_k_10000_contiguous_front","passed":true,"value":1.0205836271053663},{"limit":15.0,"name":"x10_work_10000_contiguous_front","passed":true,"value":10.503708780133838},{"limit":2.0,"name":"work_per_k_10000_contiguous_middle","passed":true,"value":0.9528528528528528},{"limit":15.0,"name":"x10_work_10000_contiguous_middle","passed":true,"value":9.789810636738787},{"limit":2.0,"name":"work_per_k_10000_uniform","passed":true,"value":0.9751600753295668},{"limit":15.0,"name":"x10_work_10000_uniform","passed":true,"value":9.916312382703282},{"limit":2.0,"name":"work_per_k_10000_random_seed_0x5eed","passed":true,"value":0.9719954904171363},{"limit":15.0,"name":"x10_work_10000_random_seed_0x5eed","passed":true,"value":9.915583668775158},{"limit":2.0,"name":"work_per_k_10000_multiple_runs","passed":true,"value":0.9676594941487354},{"limit":15.0,"name":"x10_work_10000_multiple_runs","passed":true,"value":9.81254067297018},{"limit":2.0,"name":"work_per_k_100000_contiguous_front","passed":true,"value":0.9651388888888889},{"limit":15.0,"name":"x10_work_100000_contiguous_front","passed":true,"value":10.082704585026118},{"limit":2.0,"name":"work_per_k_100000_contiguous_middle","passed":true,"value":0.9531174089068827},{"limit":15.0,"name":"x10_work_100000_contiguous_middle","passed":true,"value":9.796580781634706},{"limit":2.0,"name":"work_per_k_100000_uniform","passed":true,"value":0.9788594704684317},{"limit":15.0,"name":"x10_work_100000_uniform","passed":true,"value":9.979651162790697},{"limit":2.0,"name":"work_per_k_100000_random_seed_0x5eed","passed":true,"value":0.977110433604336},{"limit":15.0,"name":"x10_work_100000_random_seed_0x5eed","passed":true,"value":9.983144706330252},{"limit":2.0,"name":"work_per_k_100000_multiple_runs","passed":true,"value":0.9713659531090724},{"limit":15.0,"name":"x10_work_100000_multiple_runs","passed":true,"value":9.847502583534276},{"limit":1.35,"name":"n_ratio_3_contiguous_front","passed":true,"value":1.1246006389776357},{"limit":1.35,"name":"n_ratio_3_contiguous_middle","passed":true,"value":1.1222570532915361},{"limit":1.35,"name":"n_ratio_3_uniform","passed":true,"value":1.1470588235294117},{"limit":1.35,"name":"n_ratio_3_random_seed_0x5eed","passed":true,"value":1.1333333333333333},{"limit":1.35,"name":"n_ratio_3_multiple_runs","passed":true,"value":1.1704918032786886},{"limit":1.35,"name":"n_ratio_30_contiguous_front","passed":true,"value":1.128084606345476},{"limit":1.35,"name":"n_ratio_30_contiguous_middle","passed":true,"value":1.1126126126126126},{"limit":1.35,"name":"n_ratio_30_uniform","passed":true,"value":1.1096045197740112},{"limit":1.35,"name":"n_ratio_30_random_seed_0x5eed","passed":true,"value":1.109357384441939},{"limit":1.35,"name":"n_ratio_30_multiple_runs","passed":true,"value":1.1109852774631936},{"limit":1.35,"name":"n_ratio_100_contiguous_front","passed":true,"value":1.1127164179104478},{"limit":1.35,"name":"n_ratio_100_contiguous_middle","passed":true,"value":1.1172690763052209},{"limit":1.35,"name":"n_ratio_100_uniform","passed":true,"value":1.1074862637362637},{"limit":1.35,"name":"n_ratio_100_random_seed_0x5eed","passed":true,"value":1.106616386698663},{"limit":1.35,"name":"n_ratio_100_multiple_runs","passed":true,"value":1.1162683823529411},{"limit":1.35,"name":"n_ratio_300_contiguous_front","passed":true,"value":1.111344029670241},{"limit":1.35,"name":"n_ratio_300_contiguous_middle","passed":true,"value":1.1121524162135061},{"limit":1.35,"name":"n_ratio_300_uniform","passed":true,"value":1.1067448006434564},{"limit":1.35,"name":"n_ratio_300_random_seed_0x5eed","passed":true,"value":1.1076480736055203},{"limit":1.35,"name":"n_ratio_300_multiple_runs","passed":true,"value":1.1112812464112085},{"limit":1.35,"name":"n_ratio_1000_contiguous_front","passed":true,"value":1.1176032750279121},{"limit":1.35,"name":"n_ratio_1000_contiguous_middle","passed":true,"value":1.1145865049066679},{"limit":1.35,"name":"n_ratio_1000_uniform","passed":true,"value":1.1065621871655908},{"limit":1.35,"name":"n_ratio_1000_random_seed_0x5eed","passed":true,"value":1.1105939690715696},{"limit":1.35,"name":"n_ratio_1000_multiple_runs","passed":true,"value":1.109271523178808},{"limit":1.35,"name":"n_ratio_3000_contiguous_front","passed":true,"value":1.0667997159908658},{"limit":1.35,"name":"n_ratio_3000_contiguous_middle","passed":true,"value":1.112921525370312},{"limit":1.35,"name":"n_ratio_3000_uniform","passed":true,"value":1.1138139472007107},{"limit":1.35,"name":"n_ratio_3000_random_seed_0x5eed","passed":true,"value":1.1151951687235162},{"limit":1.35,"name":"n_ratio_3000_multiple_runs","passed":true,"value":1.1152407220295475},{"limit":1.35,"name":"n_ratio_10000_contiguous_front","passed":true,"value":1.1585117148772006},{"limit":1.35,"name":"n_ratio_10000_contiguous_middle","passed":true,"value":1.2008057349216867},{"limit":1.35,"name":"n_ratio_10000_uniform","passed":true,"value":1.2342577324353896},{"limit":1.35,"name":"n_ratio_10000_random_seed_0x5eed","passed":true,"value":1.233878880344383},{"limit":1.35,"name":"n_ratio_10000_multiple_runs","passed":true,"value":1.2131049433134533}]}
test tests::phase0e_r3_native_engine_host_complexity_matrix ... ok

test result: ok. 1 passed; 0 failed; 0 ignored; 0 measured; 12 filtered out; finished in 529.48s

     Running tests\phase0e_projection.rs (target\release\deps\phase0e_projection-d59375f332e2029e.exe)

running 0 tests

test result: ok. 0 passed; 0 failed; 0 ignored; 0 measured; 3 filtered out; finished in 0.00s

     Running tests\phase0e_r1_projection.rs (target\release\deps\phase0e_r1_projection-d895f308daaba90a.exe)

running 0 tests

test result: ok. 0 passed; 0 failed; 0 ignored; 0 measured; 1 filtered out; finished in 0.00s

exit_code=0
finished_at_utc=2026-08-11T07:25:04.1216249Z
