Phase 0E-R3 Native structural output
command=powershell -NoProfile -ExecutionPolicy Bypass -File tools/cargo.ps1 test --release -p visual_authoring_runtime --test phase0e_r3_matrix -- --nocapture
work_unit_formula=max(entries_examined,rank_order_comparisons)+entries_copied+entries_moved_or_shifted+nodes_allocated+ceil(allocated_bytes/8)+tree_rebalances+fallback/full-scan/full-copy/dense-rewrite counters
started_at_utc=2026-08-11T07:11:04.2253901Z
powershell.exe :    Compiling visual_authoring_runtime v0.1.0 (C:\Users\thdwl\Documents\Codex\WebEditor\crates\runtime)
At line:2 char:611
+ ... oding utf8; & powershell -NoProfile -ExecutionPolicy Bypass -File too ...
+                 ~~~~~~~~~~~~~~~~~~~~~~~~~~~~~~~~~~~~~~~~~~~~~~~~~~~~~~~~~
    + CategoryInfo          : NotSpecified: (   Compiling vi...crates\runtime):String) [], RemoteException
    + FullyQualifiedErrorId : NativeCommandError
 
    Finished `release` profile [optimized] target(s) in 3.67s
     Running tests\phase0e_r3_matrix.rs (target\release\deps\phase0e_r3_matrix-97d9ffed324a9b36.exe)

running 1 test
test phase0e_r3_native_release_complexity_matrix has been running for over 60 seconds
PHASE0E_R3_NATIVE_MATRIX_JSON={"all_passed":true,"command":"cargo test --release -p visual_authoring_runtime --test phase0e_r3_matrix -- --nocapture","finished_at_utc":"SystemTime { intervals: 134309060632813859 }","fixture_creation_and_load_excluded":true,"layer":"native-release-runtime","matrix":[{"exact_sibling_order_restored":true,"measured_iterations":30,"node_count":10000,"operations":{"group":{"maximum_sequence_depth":14,"maximum_work":313,"median_ms":0.0155,"p95_ms":0.0287,"raw_samples_ms":[0.0171,0.0155,0.017,0.0153,0.0152,0.0153,0.0163,0.015099999999999999,0.0153,0.015400000000000002,0.025400000000000002,0.034999999999999996,0.0285,0.0287,0.0266,0.0213,0.0155,0.018099999999999998,0.0153,0.015400000000000002,0.0153,0.0153,0.0165,0.0246,0.0174,0.0153,0.0153,0.0152,0.0153,0.0156],"raw_work_samples":[313,313,313,313,313,313,313,313,313,313,313,313,313,313,313,313,313,313,313,313,313,313,313,313,313,313,313,313,313,313],"tree_rebalances":2},"redo":{"maximum_sequence_depth":14,"maximum_work":264,"median_ms":0.011399999999999999,"p95_ms":0.0204,"raw_samples_ms":[0.011899999999999999,0.011300000000000001,0.0111,0.011399999999999999,0.0111,0.0109,0.0112,0.0109,0.0115,0.011,0.011399999999999999,0.0204,0.0203,0.0185,0.0211,0.0118,0.0122,0.011399999999999999,0.0112,0.011399999999999999,0.011300000000000001,0.0115,0.011300000000000001,0.0123,0.011600000000000001,0.0112,0.011399999999999999,0.0111,0.0115,0.011399999999999999],"raw_work_samples":[264,264,264,264,264,264,264,264,264,264,264,264,264,264,264,264,264,264,264,264,264,264,264,264,264,264,264,264,264,264],"tree_rebalances":2},"undo":{"maximum_sequence_depth":14,"maximum_work":256,"median_ms":0.0104,"p95_ms":0.0193,"raw_samples_ms":[0.0117,0.0102,0.0103,0.0101,0.0103,0.0102,0.0104,0.0102,0.0102,0.0103,0.0111,0.022099999999999998,0.0193,0.0177,0.017499999999999998,0.0121,0.0109,0.0108,0.0104,0.0104,0.0104,0.010499999999999999,0.010499999999999999,0.013,0.0106,0.0102,0.0101,0.0103,0.0101,0.0103],"raw_work_samples":[256,256,256,256,256,256,256,256,256,256,256,256,256,256,256,256,256,256,256,256,256,256,256,256,256,256,256,256,256,256],"tree_rebalances":8},"ungroup":{"maximum_sequence_depth":14,"maximum_work":312,"median_ms":0.016399999999999998,"p95_ms":0.0348,"raw_samples_ms":[0.017,0.016399999999999998,0.0162,0.016,0.0159,0.017900000000000003,0.0161,0.016,0.0165,0.0163,0.0396,0.030800000000000004,0.0348,0.0279,0.0335,0.0173,0.017,0.016399999999999998,0.016399999999999998,0.0163,0.0172,0.0163,0.0163,0.0173,0.0163,0.0159,0.016,0.0159,0.0162,0.0191],"raw_work_samples":[312,312,312,312,312,312,312,312,312,312,312,312,312,312,312,312,312,312,312,312,312,312,312,312,312,312,312,312,312,312],"tree_rebalances":8}},"pattern":"contiguous_front","selection_count":3,"warmups":10},{"exact_sibling_order_restored":true,"measured_iterations":30,"node_count":10000,"operations":{"group":{"maximum_sequence_depth":14,"maximum_work":319,"median_ms":0.018199999999999997,"p95_ms":0.0201,"raw_samples_ms":[0.018199999999999997,0.0201,0.0184,0.018199999999999997,0.017900000000000003,0.017900000000000003,0.0198,0.0184,0.017900000000000003,0.018199999999999997,0.018000000000000002,0.0184,0.019899999999999998,0.018199999999999997,0.0184,0.018000000000000002,0.018600000000000002,0.017900000000000003,0.018000000000000002,0.018099999999999998,0.018000000000000002,0.017900000000000003,0.025599999999999998,0.0198,0.018199999999999997,0.018199999999999997,0.018199999999999997,0.0183,0.017900000000000003,0.0187],"raw_work_samples":[319,319,319,319,319,319,319,319,319,319,319,319,319,319,319,319,319,319,319,319,319,319,319,319,319,319,319,319,319,319],"tree_rebalances":2},"redo":{"maximum_sequence_depth":14,"maximum_work":272,"median_ms":0.0132,"p95_ms":0.013600000000000001,"raw_samples_ms":[0.0135,0.0134,0.0133,0.0132,0.0135,0.0132,0.0132,0.0134,0.013600000000000001,0.0134,0.0134,0.0132,0.0132,0.0132,0.0132,0.0133,0.013600000000000001,0.0133,0.0131,0.0133,0.0132,0.0134,0.0132,0.0132,0.0131,0.0132,0.0131,0.013,0.0133,0.0132],"raw_work_samples":[272,272,272,272,272,272,272,272,272,272,272,272,272,272,272,272,272,272,272,272,272,272,272,272,272,272,272,272,272,272],"tree_rebalances":2},"undo":{"maximum_sequence_depth":14,"maximum_work":244,"median_ms":0.0121,"p95_ms":0.0123,"raw_samples_ms":[0.0122,0.0121,0.012,0.011899999999999999,0.0121,0.012,0.0122,0.012,0.0123,0.0121,0.0121,0.0121,0.0122,0.012,0.012,0.0121,0.0122,0.0121,0.0121,0.012,0.011899999999999999,0.012,0.0123,0.0121,0.012,0.0121,0.012,0.0121,0.011899999999999999,0.0121],"raw_work_samples":[244,244,244,244,244,244,244,244,244,244,244,244,244,244,244,244,244,244,244,244,244,244,244,244,244,244,244,244,244,244],"tree_rebalances":4},"ungroup":{"maximum_sequence_depth":14,"maximum_work":300,"median_ms":0.0189,"p95_ms":0.0212,"raw_samples_ms":[0.019,0.0188,0.0187,0.0188,0.0188,0.018600000000000002,0.0191,0.0189,0.0189,0.0188,0.0189,0.018600000000000002,0.0191,0.0192,0.019,0.0189,0.0192,0.0195,0.0192,0.018600000000000002,0.0189,0.0212,0.0191,0.0189,0.0188,0.0189,0.0188,0.018600000000000002,0.0189,0.0288],"raw_work_samples":[300,300,300,300,300,300,300,300,300,300,300,300,300,300,300,300,300,300,300,300,300,300,300,300,300,300,300,300,300,300],"tree_rebalances":4}},"pattern":"contiguous_middle","selection_count":3,"warmups":10},{"exact_sibling_order_restored":true,"measured_iterations":30,"node_count":10000,"operations":{"group":{"maximum_sequence_depth":14,"maximum_work":306,"median_ms":0.0176,"p95_ms":0.02,"raw_samples_ms":[0.0173,0.0196,0.0174,0.0183,0.0176,0.0176,0.019,0.0196,0.0235,0.018000000000000002,0.0178,0.0173,0.0185,0.017499999999999998,0.0174,0.0174,0.0176,0.0194,0.0173,0.0173,0.017499999999999998,0.0174,0.02,0.0174,0.0174,0.0177,0.0178,0.017499999999999998,0.018600000000000002,0.0173],"raw_work_samples":[306,306,306,306,306,306,306,306,306,306,306,306,306,306,306,306,306,306,306,306,306,306,306,306,306,306,306,306,306,306],"tree_rebalances":0},"redo":{"maximum_sequence_depth":14,"maximum_work":258,"median_ms":0.0126,"p95_ms":0.0129,"raw_samples_ms":[0.0125,0.0129,0.0126,0.0124,0.012700000000000001,0.0124,0.012700000000000001,0.0126,0.0147,0.012700000000000001,0.0125,0.0124,0.0124,0.0125,0.0123,0.0126,0.0124,0.012799999999999999,0.0124,0.0125,0.0125,0.0123,0.012799999999999999,0.0126,0.0124,0.0125,0.012799999999999999,0.0126,0.0129,0.0126],"raw_work_samples":[258,258,258,258,258,258,258,258,258,258,258,258,258,258,258,258,258,258,258,258,258,258,258,258,258,258,258,258,258,258],"tree_rebalances":0},"undo":{"maximum_sequence_depth":14,"maximum_work":206,"median_ms":0.0112,"p95_ms":0.0117,"raw_samples_ms":[0.011,0.011399999999999999,0.0111,0.011399999999999999,0.0111,0.0111,0.011399999999999999,0.0117,0.0126,0.0112,0.011600000000000001,0.0112,0.0111,0.011,0.0109,0.0112,0.011300000000000001,0.011300000000000001,0.011300000000000001,0.011,0.011,0.0115,0.011300000000000001,0.011300000000000001,0.011,0.0111,0.0112,0.011,0.0112,0.0109],"raw_work_samples":[206,206,206,206,206,206,206,206,206,206,206,206,206,206,206,206,206,206,206,206,206,206,206,206,206,206,206,206,206,206],"tree_rebalances":0},"ungroup":{"maximum_sequence_depth":14,"maximum_work":286,"median_ms":0.018199999999999997,"p95_ms":0.020999999999999998,"raw_samples_ms":[0.018099999999999998,0.018199999999999997,0.018600000000000002,0.018099999999999998,0.0184,0.018000000000000002,0.020999999999999998,0.0255,0.019,0.0189,0.018099999999999998,0.018199999999999997,0.018099999999999998,0.018000000000000002,0.018099999999999998,0.0183,0.0183,0.0188,0.018199999999999997,0.018099999999999998,0.018000000000000002,0.0203,0.0184,0.017900000000000003,0.018000000000000002,0.0184,0.018199999999999997,0.018000000000000002,0.018199999999999997,0.018000000000000002],"raw_work_samples":[286,286,286,286,286,286,286,286,286,286,286,286,286,286,286,286,286,286,286,286,286,286,286,286,286,286,286,286,286,286],"tree_rebalances":0}},"pattern":"uniform","selection_count":3,"warmups":10},{"exact_sibling_order_restored":true,"measured_iterations":30,"node_count":10000,"operations":{"group":{"maximum_sequence_depth":14,"maximum_work":315,"median_ms":0.018099999999999998,"p95_ms":0.0206,"raw_samples_ms":[0.018000000000000002,0.02,0.018000000000000002,0.018000000000000002,0.017900000000000003,0.018000000000000002,0.0194,0.0206,0.024300000000000002,0.0185,0.018099999999999998,0.018199999999999997,0.0192,0.018000000000000002,0.018000000000000002,0.018099999999999998,0.019,0.019899999999999998,0.0183,0.0183,0.018099999999999998,0.018099999999999998,0.0194,0.018099999999999998,0.018000000000000002,0.0176,0.018000000000000002,0.0202,0.019700000000000002,0.017900000000000003],"raw_work_samples":[315,315,315,315,315,315,315,315,315,315,315,315,315,315,315,315,315,315,315,315,315,315,315,315,315,315,315,315,315,315],"tree_rebalances":0},"redo":{"maximum_sequence_depth":14,"maximum_work":266,"median_ms":0.0131,"p95_ms":0.0135,"raw_samples_ms":[0.0131,0.0135,0.0132,0.0133,0.013,0.0129,0.0131,0.0132,0.015099999999999999,0.013,0.0131,0.0132,0.0132,0.0133,0.0131,0.0133,0.0131,0.0129,0.0132,0.013,0.012799999999999999,0.012799999999999999,0.0131,0.0129,0.013,0.013,0.013,0.0133,0.0131,0.0131],"raw_work_samples":[266,266,266,266,266,266,266,266,266,266,266,266,266,266,266,266,266,266,266,266,266,266,266,266,266,266,266,266,266,266],"tree_rebalances":0},"undo":{"maximum_sequence_depth":14,"maximum_work":216,"median_ms":0.011899999999999999,"p95_ms":0.012700000000000001,"raw_samples_ms":[0.0122,0.0123,0.012,0.011899999999999999,0.0121,0.011899999999999999,0.0122,0.0124,0.013600000000000001,0.0118,0.011899999999999999,0.0118,0.0118,0.011899999999999999,0.011899999999999999,0.012,0.011899999999999999,0.0118,0.0118,0.011899999999999999,0.012,0.0118,0.012700000000000001,0.011899999999999999,0.0118,0.011600000000000001,0.011899999999999999,0.0121,0.0122,0.0118],"raw_work_samples":[216,216,216,216,216,216,216,216,216,216,216,216,216,216,216,216,216,216,216,216,216,216,216,216,216,216,216,216,216,216],"tree_rebalances":0},"ungroup":{"maximum_sequence_depth":14,"maximum_work":295,"median_ms":0.0187,"p95_ms":0.0208,"raw_samples_ms":[0.0184,0.0188,0.0187,0.0187,0.0193,0.0183,0.0208,0.0261,0.0189,0.0193,0.0192,0.019,0.0187,0.018600000000000002,0.018600000000000002,0.0187,0.0189,0.018600000000000002,0.0189,0.018199999999999997,0.0187,0.0206,0.0192,0.0183,0.0184,0.0184,0.0193,0.019,0.0185,0.0185],"raw_work_samples":[295,295,295,295,295,295,295,295,295,295,295,295,295,295,295,295,295,295,295,295,295,295,295,295,295,295,295,295,295,295],"tree_rebalances":0}},"pattern":"random_seed_0x5eed","selection_count":3,"warmups":10},{"exact_sibling_order_restored":true,"measured_iterations":30,"node_count":10000,"operations":{"group":{"maximum_sequence_depth":14,"maximum_work":305,"median_ms":0.0173,"p95_ms":0.020999999999999998,"raw_samples_ms":[0.016900000000000002,0.019,0.016900000000000002,0.0171,0.0174,0.0173,0.0184,0.0193,0.0229,0.0176,0.0173,0.0177,0.018199999999999997,0.0171,0.020999999999999998,0.017,0.0177,0.019,0.0183,0.017,0.0171,0.0168,0.0178,0.0168,0.0167,0.0166,0.0167,0.017,0.0185,0.0171],"raw_work_samples":[305,305,305,305,305,305,305,305,305,305,305,305,305,305,305,305,305,305,305,305,305,305,305,305,305,305,305,305,305,305],"tree_rebalances":0},"redo":{"maximum_sequence_depth":14,"maximum_work":258,"median_ms":0.0122,"p95_ms":0.013,"raw_samples_ms":[0.011899999999999999,0.012,0.0123,0.0122,0.0122,0.012,0.0121,0.0124,0.014199999999999999,0.0123,0.0123,0.0122,0.0121,0.0122,0.0124,0.012,0.0123,0.013,0.0126,0.012,0.0123,0.011899999999999999,0.0123,0.012,0.011899999999999999,0.0123,0.012,0.0123,0.012,0.012],"raw_work_samples":[258,258,258,258,258,258,258,258,258,258,258,258,258,258,258,258,258,258,258,258,258,258,258,258,258,258,258,258,258,258],"tree_rebalances":0},"undo":{"maximum_sequence_depth":14,"maximum_work":205,"median_ms":0.011,"p95_ms":0.0118,"raw_samples_ms":[0.0109,0.011,0.0111,0.0109,0.0109,0.0109,0.011,0.0115,0.0123,0.011,0.0111,0.0111,0.011,0.0108,0.0118,0.0109,0.011,0.0111,0.0111,0.0109,0.011,0.0108,0.0112,0.011,0.0108,0.011,0.0109,0.0109,0.011300000000000001,0.0107],"raw_work_samples":[205,205,205,205,205,205,205,205,205,205,205,205,205,205,205,205,205,205,205,205,205,205,205,205,205,205,205,205,205,205],"tree_rebalances":0},"ungroup":{"maximum_sequence_depth":14,"maximum_work":282,"median_ms":0.017900000000000003,"p95_ms":0.020999999999999998,"raw_samples_ms":[0.017499999999999998,0.018099999999999998,0.0177,0.0176,0.018000000000000002,0.0177,0.020999999999999998,0.0249,0.018199999999999997,0.017900000000000003,0.018099999999999998,0.0177,0.018000000000000002,0.017499999999999998,0.0185,0.0177,0.018199999999999997,0.0183,0.017900000000000003,0.017900000000000003,0.0176,0.0195,0.0176,0.0176,0.0174,0.017900000000000003,0.0176,0.0177,0.0176,0.0174],"raw_work_samples":[282,282,282,282,282,282,282,282,282,282,282,282,282,282,282,282,282,282,282,282,282,282,282,282,282,282,282,282,282,282],"tree_rebalances":0}},"pattern":"multiple_runs","selection_count":3,"warmups":10},{"exact_sibling_order_restored":true,"measured_iterations":30,"node_count":10000,"operations":{"group":{"maximum_sequence_depth":14,"maximum_work":2553,"median_ms":0.1108,"p95_ms":0.1139,"raw_samples_ms":[0.1116,0.1138,0.10880000000000001,0.1099,0.10890000000000001,0.1091,0.1113,0.1108,0.10959999999999999,0.1121,0.111,0.10880000000000001,0.1094,0.11170000000000001,0.1381,0.1104,0.1095,0.1106,0.1118,0.1139,0.1101,0.1093,0.1118,0.1108,0.11359999999999999,0.10840000000000001,0.11,0.1114,0.1108,0.1091],"raw_work_samples":[2553,2553,2553,2553,2553,2553,2553,2553,2553,2553,2553,2553,2553,2553,2553,2553,2553,2553,2553,2553,2553,2553,2553,2553,2553,2553,2553,2553,2553,2553],"tree_rebalances":26},"redo":{"maximum_sequence_depth":14,"maximum_work":2086,"median_ms":0.0815,"p95_ms":0.083,"raw_samples_ms":[0.0807,0.0798,0.0809,0.0803,0.0808,0.0814,0.083,0.08059999999999999,0.0812,0.0817,0.08220000000000001,0.0825,0.0813,0.0814,0.0824,0.081,0.08349999999999999,0.0818,0.0824,0.082,0.0812,0.0812,0.0815,0.0815,0.0818,0.0815,0.08220000000000001,0.0812,0.0816,0.08220000000000001],"raw_work_samples":[2086,2086,2086,2086,2086,2086,2086,2086,2086,2086,2086,2086,2086,2086,2086,2086,2086,2086,2086,2086,2086,2086,2086,2086,2086,2086,2086,2086,2086,2086],"tree_rebalances":26},"undo":{"maximum_sequence_depth":14,"maximum_work":2251,"median_ms":0.0765,"p95_ms":0.0802,"raw_samples_ms":[0.0745,0.0741,0.0747,0.074,0.0739,0.07669999999999999,0.0816,0.0757,0.077,0.076,0.0758,0.0795,0.0758,0.07550000000000001,0.0776,0.0759,0.0802,0.0769,0.0765,0.078,0.0768,0.07629999999999999,0.0768,0.0766,0.078,0.0759,0.0765,0.076,0.0758,0.08009999999999999],"raw_work_samples":[2251,2251,2251,2251,2251,2251,2251,2251,2251,2251,2251,2251,2251,2251,2251,2251,2251,2251,2251,2251,2251,2251,2251,2251,2251,2251,2251,2251,2251,2251],"tree_rebalances":92},"ungroup":{"maximum_sequence_depth":14,"maximum_work":2439,"median_ms":0.11610000000000001,"p95_ms":0.1217,"raw_samples_ms":[0.1126,0.11610000000000001,0.11270000000000001,0.1167,0.1111,0.1153,0.1168,0.1167,0.1191,0.1189,0.1155,0.1148,0.11359999999999999,0.1198,0.1153,0.1153,0.11610000000000001,0.1171,0.1159,0.1159,0.1159,0.12510000000000002,0.1159,0.1147,0.1168,0.1191,0.1217,0.1166,0.11510000000000001,0.11689999999999999],"raw_work_samples":[2439,2439,2439,2439,2439,2439,2439,2439,2439,2439,2439,2439,2439,2439,2439,2439,2439,2439,2439,2439,2439,2439,2439,2439,2439,2439,2439,2439,2439,2439],"tree_rebalances":92}},"pattern":"contiguous_front","selection_count":30,"warmups":10},{"exact_sibling_order_restored":true,"measured_iterations":30,"node_count":10000,"operations":{"group":{"maximum_sequence_depth":15,"maximum_work":2664,"median_ms":0.1258,"p95_ms":0.5774,"raw_samples_ms":[0.1311,0.1293,0.6891,0.5774,0.1464,0.1258,0.1438,0.1316,0.1371,0.1268,0.12449999999999999,0.1226,0.12449999999999999,0.1255,0.1236,0.1328,0.1248,0.1234,0.1228,0.122,0.12320000000000002,0.12449999999999999,0.1296,0.1504,0.1317,0.1225,0.1228,0.12290000000000001,0.12459999999999999,0.4737],"raw_work_samples":[2664,2664,2664,2664,2664,2664,2664,2664,2664,2664,2664,2664,2664,2664,2664,2664,2664,2664,2664,2664,2664,2664,2664,2664,2664,2664,2664,2664,2664,2664],"tree_rebalances":26},"redo":{"maximum_sequence_depth":15,"maximum_work":2178,"median_ms":0.0923,"p95_ms":0.426,"raw_samples_ms":[0.0962,0.0954,0.426,0.4295,0.0936,0.0927,0.096,0.0959,0.0923,0.0917,0.0953,0.0916,0.09129999999999999,0.0917,0.091,0.09179999999999999,0.0922,0.0932,0.09129999999999999,0.09040000000000001,0.09069999999999999,0.0915,0.0917,0.0923,0.0924,0.09050000000000001,0.1005,0.09079999999999999,0.0925,0.2733],"raw_work_samples":[2178,2178,2178,2178,2178,2178,2178,2178,2178,2178,2178,2178,2178,2178,2178,2178,2178,2178,2178,2178,2178,2178,2178,2178,2178,2178,2178,2178,2178,2178],"tree_rebalances":26},"undo":{"maximum_sequence_depth":15,"maximum_work":2130,"median_ms":0.0859,"p95_ms":0.3988,"raw_samples_ms":[0.0878,0.087,0.4101,0.3988,0.0882,0.0859,0.0895,0.08729999999999999,0.087,0.0849,0.0902,0.08399999999999999,0.0844,0.0839,0.08349999999999999,0.0844,0.083,0.0926,0.0828,0.0825,0.0844,0.0839,0.09050000000000001,0.0864,0.0871,0.0838,0.0843,0.0841,0.0839,0.2386],"raw_work_samples":[2130,2130,2130,2130,2130,2130,2130,2130,2130,2130,2130,2130,2130,2130,2130,2130,2130,2130,2130,2130,2130,2130,2130,2130,2130,2130,2130,2130,2130,2130],"tree_rebalances":56},"ungroup":{"maximum_sequence_depth":15,"maximum_work":2321,"median_ms":0.12860000000000002,"p95_ms":0.5072,"raw_samples_ms":[0.1317,0.1396,0.5972,0.5072,0.1272,0.1298,0.1336,0.132,0.1274,0.1268,0.1271,0.12689999999999999,0.1363,0.1263,0.1282,0.12669999999999998,0.1255,0.1263,0.1242,0.1371,0.12860000000000002,0.1317,0.1303,0.1273,0.12689999999999999,0.1254,0.1288,0.127,0.1344,0.3457],"raw_work_samples":[2321,2321,2321,2321,2321,2321,2321,2321,2321,2321,2321,2321,2321,2321,2321,2321,2321,2321,2321,2321,2321,2321,2321,2321,2321,2321,2321,2321,2321,2321],"tree_rebalances":56}},"pattern":"contiguous_middle","selection_count":30,"warmups":10},{"exact_sibling_order_restored":true,"measured_iterations":30,"node_count":10000,"operations":{"group":{"maximum_sequence_depth":14,"maximum_work":2655,"median_ms":0.1862,"p95_ms":0.211,"raw_samples_ms":[0.1819,0.1831,0.1834,0.194,0.1827,0.1834,0.211,0.1839,0.191,0.1797,0.1813,0.1897,0.1864,0.186,0.191,0.1871,0.1893,0.19039999999999999,0.1862,0.1863,0.1916,0.184,0.1875,0.1875,0.2175,0.18560000000000001,0.183,0.18359999999999999,0.18330000000000002,0.1848],"raw_work_samples":[2655,2655,2655,2655,2655,2655,2655,2655,2655,2655,2655,2655,2655,2655,2655,2655,2655,2655,2655,2655,2655,2655,2655,2655,2655,2655,2655,2655,2655,2655],"tree_rebalances":0},"redo":{"maximum_sequence_depth":14,"maximum_work":2148,"median_ms":0.1428,"p95_ms":0.1502,"raw_samples_ms":[0.1392,0.1389,0.1445,0.1472,0.1386,0.13999999999999999,0.14229999999999998,0.1394,0.1414,0.1459,0.1382,0.1428,0.15,0.14300000000000002,0.1443,0.1531,0.13899999999999998,0.1437,0.1486,0.1429,0.1429,0.1482,0.1426,0.1434,0.1502,0.1425,0.1419,0.1422,0.1427,0.1419],"raw_work_samples":[2148,2148,2148,2148,2148,2148,2148,2148,2148,2148,2148,2148,2148,2148,2148,2148,2148,2148,2148,2148,2148,2148,2148,2148,2148,2148,2148,2148,2148,2148],"tree_rebalances":0},"undo":{"maximum_sequence_depth":14,"maximum_work":1772,"median_ms":0.1303,"p95_ms":0.1372,"raw_samples_ms":[0.1344,0.1281,0.1292,0.13549999999999998,0.1281,0.1297,0.1368,0.1289,0.14650000000000002,0.13449999999999998,0.1285,0.1304,0.1292,0.1304,0.1307,0.13019999999999998,0.1285,0.13019999999999998,0.1301,0.1297,0.1372,0.12999999999999998,0.1305,0.13210000000000002,0.132,0.1303,0.1297,0.1305,0.1296,0.1316],"raw_work_samples":[1772,1772,1772,1772,1772,1772,1772,1772,1772,1772,1772,1772,1772,1772,1772,1772,1772,1772,1772,1772,1772,1772,1772,1772,1772,1772,1772,1772,1772,1772],"tree_rebalances":0},"ungroup":{"maximum_sequence_depth":14,"maximum_work":2302,"median_ms":0.1886,"p95_ms":0.20350000000000001,"raw_samples_ms":[0.1844,0.192,0.1874,0.1893,0.188,0.1847,0.18560000000000001,0.1881,0.1846,0.1861,0.1834,0.19560000000000002,0.18919999999999998,0.1884,0.1891,0.2628,0.1858,0.1908,0.19039999999999999,0.1875,0.18939999999999999,0.20350000000000001,0.19540000000000002,0.1903,0.18919999999999998,0.18919999999999998,0.1881,0.1885,0.1886,0.1875],"raw_work_samples":[2302,2302,2302,2302,2302,2302,2302,2302,2302,2302,2302,2302,2302,2302,2302,2302,2302,2302,2302,2302,2302,2302,2302,2302,2302,2302,2302,2302,2302,2302],"tree_rebalances":0}},"pattern":"uniform","selection_count":30,"warmups":10},{"exact_sibling_order_restored":true,"measured_iterations":30,"node_count":10000,"operations":{"group":{"maximum_sequence_depth":14,"maximum_work":2661,"median_ms":0.17459999999999998,"p95_ms":0.2484,"raw_samples_ms":[0.1766,0.1742,0.18139999999999998,0.1728,0.2484,0.32420000000000004,0.1851,0.1766,0.1842,0.1749,0.1735,0.1742,0.1741,0.1738,0.1735,0.171,0.1766,0.1721,0.178,0.1727,0.1721,0.1794,0.17459999999999998,0.1729,0.1744,0.1725,0.222,0.1724,0.2062,0.1787],"raw_work_samples":[2661,2661,2661,2661,2661,2661,2661,2661,2661,2661,2661,2661,2661,2661,2661,2661,2661,2661,2661,2661,2661,2661,2661,2661,2661,2661,2661,2661,2661,2661],"tree_rebalances":0},"redo":{"maximum_sequence_depth":14,"maximum_work":2158,"median_ms":0.13369999999999999,"p95_ms":0.1965,"raw_samples_ms":[0.13990000000000002,0.1341,0.13520000000000001,0.13369999999999999,0.2096,0.14880000000000002,0.13779999999999998,0.1338,0.13349999999999998,0.13870000000000002,0.134,0.1398,0.13329999999999997,0.133,0.1614,0.1318,0.1327,0.1317,0.1313,0.133,0.1324,0.1323,0.1326,0.132,0.1323,0.13190000000000002,0.1324,0.1965,0.1373,0.13640000000000002],"raw_work_samples":[2158,2158,2158,2158,2158,2158,2158,2158,2158,2158,2158,2158,2158,2158,2158,2158,2158,2158,2158,2158,2158,2158,2158,2158,2158,2158,2158,2158,2158,2158],"tree_rebalances":0},"undo":{"maximum_sequence_depth":14,"maximum_work":1810,"median_ms":0.1225,"p95_ms":0.16,"raw_samples_ms":[0.1227,0.12229999999999999,0.12459999999999999,0.1214,0.1849,0.16,0.1303,0.1241,0.12310000000000001,0.12329999999999999,0.12290000000000001,0.129,0.1225,0.12210000000000001,0.1217,0.1207,0.1212,0.1211,0.12210000000000001,0.12689999999999999,0.1218,0.1212,0.1219,0.12000000000000001,0.1272,0.1204,0.12129999999999999,0.12029999999999999,0.1261,0.12459999999999999],"raw_work_samples":[1810,1810,1810,1810,1810,1810,1810,1810,1810,1810,1810,1810,1810,1810,1810,1810,1810,1810,1810,1810,1810,1810,1810,1810,1810,1810,1810,1810,1810,1810],"tree_rebalances":8},"ungroup":{"maximum_sequence_depth":14,"maximum_work":2333,"median_ms":0.17880000000000001,"p95_ms":0.2816,"raw_samples_ms":[0.179,0.1802,0.178,0.22949999999999998,0.3112,0.1982,0.2104,0.1761,0.1786,0.1821,0.17880000000000001,0.1787,0.18330000000000002,0.1773,0.1774,0.1761,0.1764,0.1844,0.17579999999999998,0.1761,0.1754,0.1757,0.1873,0.2016,0.176,0.1761,0.1785,0.2816,0.1846,0.1848],"raw_work_samples":[2333,2333,2333,2333,2333,2333,2333,2333,2333,2333,2333,2333,2333,2333,2333,2333,2333,2333,2333,2333,2333,2333,2333,2333,2333,2333,2333,2333,2333,2333],"tree_rebalances":8}},"pattern":"random_seed_0x5eed","selection_count":30,"warmups":10},{"exact_sibling_order_restored":true,"measured_iterations":30,"node_count":10000,"operations":{"group":{"maximum_sequence_depth":14,"maximum_work":2649,"median_ms":0.14109999999999998,"p95_ms":0.1494,"raw_samples_ms":[0.1439,0.1404,0.1846,0.1396,0.149,0.14109999999999998,0.1439,0.1408,0.1476,0.14109999999999998,0.1471,0.1414,0.1494,0.1402,0.1452,0.1406,0.14459999999999998,0.1402,0.14559999999999998,0.14459999999999998,0.1406,0.1401,0.1416,0.13999999999999999,0.1409,0.1395,0.1395,0.1419,0.13970000000000002,0.13999999999999999],"raw_work_samples":[2649,2649,2649,2649,2649,2649,2649,2649,2649,2649,2649,2649,2649,2649,2649,2649,2649,2649,2649,2649,2649,2649,2649,2649,2649,2649,2649,2649,2649,2649],"tree_rebalances":14},"redo":{"maximum_sequence_depth":14,"maximum_work":2162,"median_ms":0.106,"p95_ms":0.1073,"raw_samples_ms":[0.106,0.106,0.1054,0.1051,0.10569999999999999,0.1056,0.1067,0.1061,0.1065,0.10629999999999999,0.1069,0.1053,0.1066,0.1055,0.1065,0.1071,0.10569999999999999,0.1059,0.10579999999999999,0.1073,0.10629999999999999,0.10579999999999999,0.10579999999999999,0.1065,0.106,0.1069,0.1073,0.1069,0.1051,0.1059],"raw_work_samples":[2162,2162,2162,2162,2162,2162,2162,2162,2162,2162,2162,2162,2162,2162,2162,2162,2162,2162,2162,2162,2162,2162,2162,2162,2162,2162,2162,2162,2162,2162],"tree_rebalances":14},"undo":{"maximum_sequence_depth":14,"maximum_work":2023,"median_ms":0.0957,"p95_ms":0.0976,"raw_samples_ms":[0.0961,0.094,0.0966,0.0936,0.0945,0.0948,0.0963,0.0954,0.0957,0.0959,0.0974,0.0955,0.0962,0.0954,0.096,0.096,0.0964,0.09509999999999999,0.0975,0.0976,0.09720000000000001,0.09469999999999999,0.0954,0.0957,0.09509999999999999,0.1038,0.09469999999999999,0.09670000000000001,0.0943,0.0945],"raw_work_samples":[2023,2023,2023,2023,2023,2023,2023,2023,2023,2023,2023,2023,2023,2023,2023,2023,2023,2023,2023,2023,2023,2023,2023,2023,2023,2023,2023,2023,2023,2023],"tree_rebalances":42},"ungroup":{"maximum_sequence_depth":14,"maximum_work":2288,"median_ms":0.1404,"p95_ms":0.1544,"raw_samples_ms":[0.1463,0.13660000000000003,0.1379,0.1544,0.1382,0.16699999999999998,0.1425,0.1408,0.1403,0.1403,0.1406,0.1403,0.13870000000000002,0.1412,0.1409,0.1416,0.13990000000000002,0.1402,0.1419,0.1402,0.13990000000000002,0.13899999999999998,0.1428,0.1409,0.13999999999999999,0.1419,0.1404,0.13970000000000002,0.1402,0.1404],"raw_work_samples":[2288,2288,2288,2288,2288,2288,2288,2288,2288,2288,2288,2288,2288,2288,2288,2288,2288,2288,2288,2288,2288,2288,2288,2288,2288,2288,2288,2288,2288,2288],"tree_rebalances":42}},"pattern":"multiple_runs","selection_count":30,"warmups":10},{"exact_sibling_order_restored":true,"measured_iterations":30,"node_count":10000,"operations":{"group":{"maximum_sequence_depth":14,"maximum_work":8375,"median_ms":0.3664,"p95_ms":0.4796,"raw_samples_ms":[0.3581,0.6489,0.36719999999999997,0.3901,0.3608,0.3799,0.3604,0.3569,0.3593,0.35819999999999996,0.3584,0.3668,0.35550000000000004,0.3545,0.4527,0.3701,0.3629,0.36769999999999997,0.3735,0.3625,0.3694,0.3634,0.3664,0.3639,0.3623,0.3749,0.3569,0.3864,0.3692,0.4796],"raw_work_samples":[8375,8375,8375,8375,8375,8375,8375,8375,8375,8375,8375,8375,8375,8375,8375,8375,8375,8375,8375,8375,8375,8375,8375,8375,8375,8375,8375,8375,8375,8375],"tree_rebalances":96},"redo":{"maximum_sequence_depth":14,"maximum_work":6796,"median_ms":0.2747,"p95_ms":0.3094,"raw_samples_ms":[0.2721,0.28400000000000003,0.2738,0.2791,0.2743,0.2747,0.2726,0.2731,0.2762,0.2741,0.2726,0.27280000000000004,0.2739,0.2726,0.3094,0.27399999999999997,0.29159999999999997,0.4355,0.2841,0.279,0.273,0.27490000000000003,0.2812,0.2841,0.2718,0.27349999999999997,0.2741,0.2804,0.2783,0.27769999999999995],"raw_work_samples":[6796,6796,6796,6796,6796,6796,6796,6796,6796,6796,6796,6796,6796,6796,6796,6796,6796,6796,6796,6796,6796,6796,6796,6796,6796,6796,6796,6796,6796,6796],"tree_rebalances":96},"undo":{"maximum_sequence_depth":14,"maximum_work":6920,"median_ms":0.2407,"p95_ms":0.35550000000000004,"raw_samples_ms":[0.2378,0.35550000000000004,0.2396,0.24330000000000002,0.2438,0.24459999999999998,0.2387,0.2388,0.24000000000000002,0.25060000000000004,0.2387,0.23900000000000002,0.2392,0.2384,0.2631,0.24230000000000002,0.24020000000000002,0.3864,0.242,0.24469999999999997,0.2407,0.2392,0.2399,0.2392,0.24449999999999997,0.24020000000000002,0.2401,0.2424,0.24659999999999999,0.2752],"raw_work_samples":[6920,6920,6920,6920,6920,6920,6920,6920,6920,6920,6920,6920,6920,6920,6920,6920,6920,6920,6920,6920,6920,6920,6920,6920,6920,6920,6920,6920,6920,6920],"tree_rebalances":206},"ungroup":{"maximum_sequence_depth":14,"maximum_work":7455,"median_ms":0.35750000000000004,"p95_ms":0.391,"raw_samples_ms":[0.34919999999999995,0.3552,0.391,0.37070000000000003,0.3477,0.35609999999999997,0.35369999999999996,0.3549,0.3494,0.35,0.34890000000000004,0.3501,0.3479,0.35090000000000005,0.3736,0.3688,0.3671,0.4836,0.3577,0.36200000000000004,0.36000000000000004,0.3592,0.3587,0.3556,0.38470000000000004,0.357,0.35750000000000004,0.36729999999999996,0.35090000000000005,0.3684],"raw_work_samples":[7455,7455,7455,7455,7455,7455,7455,7455,7455,7455,7455,7455,7455,7455,7455,7455,7455,7455,7455,7455,7455,7455,7455,7455,7455,7455,7455,7455,7455,7455],"tree_rebalances":206}},"pattern":"contiguous_front","selection_count":100,"warmups":10},{"exact_sibling_order_restored":true,"measured_iterations":30,"node_count":10000,"operations":{"group":{"maximum_sequence_depth":15,"maximum_work":8715,"median_ms":0.38499999999999995,"p95_ms":0.39540000000000003,"raw_samples_ms":[0.38079999999999997,0.3761,0.37560000000000004,0.3844,0.38380000000000003,0.37589999999999996,0.39189999999999997,0.3852,0.3826,0.3927,0.3817,0.3916,0.3881,0.3858,0.3827,0.3879,0.42910000000000004,0.3873,0.3881,0.3839,0.39540000000000003,0.38249999999999995,0.3844,0.3878,0.38220000000000004,0.382,0.3857,0.38499999999999995,0.3853,0.3848],"raw_work_samples":[8715,8715,8715,8715,8715,8715,8715,8715,8715,8715,8715,8715,8715,8715,8715,8715,8715,8715,8715,8715,8715,8715,8715,8715,8715,8715,8715,8715,8715,8715],"tree_rebalances":92},"redo":{"maximum_sequence_depth":15,"maximum_work":7082,"median_ms":0.28800000000000003,"p95_ms":0.3085,"raw_samples_ms":[0.28709999999999997,0.2903,0.28800000000000003,0.2852,0.29090000000000005,0.28650000000000003,0.2878,0.2926,0.3085,0.2886,0.29100000000000004,0.2875,0.28659999999999997,0.2922,0.2876,0.2877,0.2939,0.2888,0.28709999999999997,0.4986,0.2886,0.2913,0.28669999999999995,0.28659999999999997,0.29119999999999996,0.2857,0.2855,0.2939,0.2863,0.28650000000000003],"raw_work_samples":[7082,7082,7082,7082,7082,7082,7082,7082,7082,7082,7082,7082,7082,7082,7082,7082,7082,7082,7082,7082,7082,7082,7082,7082,7082,7082,7082,7082,7082,7082],"tree_rebalances":92},"undo":{"maximum_sequence_depth":15,"maximum_work":6929,"median_ms":0.2594,"p95_ms":0.2676,"raw_samples_ms":[0.2557,0.25680000000000003,0.26170000000000004,0.25880000000000003,0.2571,0.2632,0.2606,0.25880000000000003,0.3252,0.259,0.25989999999999996,0.2594,0.2596,0.259,0.2633,0.2606,0.2594,0.2676,0.25999999999999995,0.2582,0.26130000000000003,0.2576,0.264,0.2578,0.2583,0.2637,0.2592,0.2594,0.2652,0.257],"raw_work_samples":[6929,6929,6929,6929,6929,6929,6929,6929,6929,6929,6929,6929,6929,6929,6929,6929,6929,6929,6929,6929,6929,6929,6929,6929,6929,6929,6929,6929,6929,6929],"tree_rebalances":190},"ungroup":{"maximum_sequence_depth":15,"maximum_work":7461,"median_ms":0.3856,"p95_ms":0.43360000000000004,"raw_samples_ms":[0.3761,0.3709,0.3751,0.37970000000000004,0.37429999999999997,0.43360000000000004,0.3931,0.3886,0.388,0.3856,0.382,0.38029999999999997,0.425,0.3835,0.3873,0.3877,0.38430000000000003,0.389,0.3921,0.4058,0.3972,0.3828,0.3852,0.3884,0.3832,0.381,0.441,0.3828,0.3833,0.3862],"raw_work_samples":[7461,7461,7461,7461,7461,7461,7461,7461,7461,7461,7461,7461,7461,7461,7461,7461,7461,7461,7461,7461,7461,7461,7461,7461,7461,7461,7461,7461,7461,7461],"tree_rebalances":190}},"pattern":"contiguous_middle","selection_count":100,"warmups":10},{"exact_sibling_order_restored":true,"measured_iterations":30,"node_count":10000,"operations":{"group":{"maximum_sequence_depth":14,"maximum_work":8736,"median_ms":0.5674,"p95_ms":0.6161,"raw_samples_ms":[0.5603,0.5645,0.5611,0.5759,0.5768,0.5774,0.5741,0.5653,0.6012,0.5612,0.5670999999999999,0.5794,0.6033,0.5670000000000001,0.5628,0.5720000000000001,0.6161,0.5605,0.5654,0.5643999999999999,0.5710999999999999,0.5609999999999999,0.5674,0.5754999999999999,0.5662,0.5617000000000001,0.5641,0.5679,0.6496,0.5675],"raw_work_samples":[8736,8736,8736,8736,8736,8736,8736,8736,8736,8736,8736,8736,8736,8736,8736,8736,8736,8736,8736,8736,8736,8736,8736,8736,8736,8736,8736,8736,8736,8736],"tree_rebalances":0},"redo":{"maximum_sequence_depth":14,"maximum_work":7046,"median_ms":0.42519999999999997,"p95_ms":0.4472,"raw_samples_ms":[0.42519999999999997,0.4242,0.4212,0.447,0.4353,0.43829999999999997,0.4349,0.4253,0.4329,0.42450000000000004,0.4191,0.4271,0.422,0.42210000000000003,0.421,0.4247,0.4211,0.4213,0.4472,0.5006,0.4255,0.4239,0.4309,0.4258,0.4247,0.421,0.42250000000000004,0.4376,0.4215,0.42769999999999997],"raw_work_samples":[7046,7046,7046,7046,7046,7046,7046,7046,7046,7046,7046,7046,7046,7046,7046,7046,7046,7046,7046,7046,7046,7046,7046,7046,7046,7046,7046,7046,7046,7046],"tree_rebalances":0},"undo":{"maximum_sequence_depth":14,"maximum_work":5852,"median_ms":0.3896,"p95_ms":0.4,"raw_samples_ms":[0.3875,0.38670000000000004,0.38489999999999996,0.3876,0.3902,0.3927,0.3903,0.3896,0.38880000000000003,0.3881,0.3872,0.3914,0.3901,0.39780000000000004,0.3884,0.3914,0.3941,0.391,0.3866,0.3879,0.3876,0.3886,0.3876,0.3947,0.39130000000000004,0.3977,0.4,0.5494,0.3889,0.38739999999999997],"raw_work_samples":[5852,5852,5852,5852,5852,5852,5852,5852,5852,5852,5852,5852,5852,5852,5852,5852,5852,5852,5852,5852,5852,5852,5852,5852,5852,5852,5852,5852,5852,5852],"tree_rebalances":8},"ungroup":{"maximum_sequence_depth":14,"maximum_work":7539,"median_ms":0.5776,"p95_ms":0.7322,"raw_samples_ms":[0.5674,0.5649000000000001,0.7462000000000001,0.578,0.5699000000000001,0.6249,0.5643999999999999,0.5679,0.5675,0.5685,0.7322,0.5776,0.5719,0.5680999999999999,0.5730000000000001,0.6202,0.5728000000000001,0.5662,0.5944,0.6292,0.5685,0.5714,0.5811,0.6436000000000001,0.5785,0.5836,0.6252,0.5902000000000001,0.588,0.5725],"raw_work_samples":[7539,7539,7539,7539,7539,7539,7539,7539,7539,7539,7539,7539,7539,7539,7539,7539,7539,7539,7539,7539,7539,7539,7539,7539,7539,7539,7539,7539,7539,7539],"tree_rebalances":8}},"pattern":"uniform","selection_count":100,"warmups":10},{"exact_sibling_order_restored":true,"measured_iterations":30,"node_count":10000,"operations":{"group":{"maximum_sequence_depth":14,"maximum_work":8751,"median_ms":0.5694,"p95_ms":0.64,"raw_samples_ms":[0.5609000000000001,0.64,0.5672,0.5787,0.5703,0.5561,0.5723,0.5709000000000001,0.5615,0.5607,0.631,0.5599,0.555,0.5662,0.5538000000000001,0.5637,0.6085,0.5583,0.5765,0.562,0.8585,0.6161,0.566,0.6,0.5814,0.5574,0.5810000000000001,0.5901,0.5694,0.5586],"raw_work_samples":[8751,8751,8751,8751,8751,8751,8751,8751,8751,8751,8751,8751,8751,8751,8751,8751,8751,8751,8751,8751,8751,8751,8751,8751,8751,8751,8751,8751,8751,8751],"tree_rebalances":0},"redo":{"maximum_sequence_depth":14,"maximum_work":7062,"median_ms":0.4202,"p95_ms":0.4731,"raw_samples_ms":[0.41960000000000003,0.439,0.43019999999999997,0.4364,0.4195,0.4164,0.4168,0.42010000000000003,0.4185,0.43320000000000003,0.4249,0.4177,0.4153,0.4165,0.4185,0.4209,0.41659999999999997,0.7921,0.4224,0.4202,0.4731,0.44499999999999995,0.41750000000000004,0.4322,0.4194,0.46309999999999996,0.42279999999999995,0.4308,0.42010000000000003,0.41869999999999996],"raw_work_samples":[7062,7062,7062,7062,7062,7062,7062,7062,7062,7062,7062,7062,7062,7062,7062,7062,7062,7062,7062,7062,7062,7062,7062,7062,7062,7062,7062,7062,7062,7062],"tree_rebalances":0},"undo":{"maximum_sequence_depth":14,"maximum_work":5902,"median_ms":0.38020000000000004,"p95_ms":0.5096999999999999,"raw_samples_ms":[0.38020000000000004,0.4068,0.37589999999999996,0.3753,0.3767,0.38539999999999996,0.3782,0.3903,0.386,0.5667,0.3751,0.37629999999999997,0.3733,0.3745,0.3744,0.3811,0.3812,0.3807,0.37829999999999997,0.3886,0.5096999999999999,0.3906,0.3753,0.419,0.3816,0.3873,0.3789,0.3765,0.3767,0.3753],"raw_work_samples":[5902,5902,5902,5902,5902,5902,5902,5902,5902,5902,5902,5902,5902,5902,5902,5902,5902,5902,5902,5902,5902,5902,5902,5902,5902,5902,5902,5902,5902,5902],"tree_rebalances":16},"ungroup":{"maximum_sequence_depth":14,"maximum_work":7573,"median_ms":0.5696,"p95_ms":0.7672,"raw_samples_ms":[0.5535,0.5614,0.5474,0.5685,0.5593,0.6214999999999999,0.5714,0.5733999999999999,0.5921000000000001,0.583,0.5651,0.5546,0.5528,0.5537,0.5511999999999999,0.6124,0.5589,0.5917,0.575,0.7672,0.6652,0.5651,0.5509999999999999,0.6512,0.5696,0.6336,0.852,0.6127,0.5613,0.5498999999999999],"raw_work_samples":[7573,7573,7573,7573,7573,7573,7573,7573,7573,7573,7573,7573,7573,7573,7573,7573,7573,7573,7573,7573,7573,7573,7573,7573,7573,7573,7573,7573,7573,7573],"tree_rebalances":16}},"pattern":"random_seed_0x5eed","selection_count":100,"warmups":10},{"exact_sibling_order_restored":true,"measured_iterations":30,"node_count":10000,"operations":{"group":{"maximum_sequence_depth":15,"maximum_work":8704,"median_ms":0.4179,"p95_ms":0.4703,"raw_samples_ms":[0.4188,0.4223,0.4099,0.4179,0.4103,0.6853,0.421,0.4136,0.4149,0.4115,0.4118,0.4262,0.4169,0.4233,0.41300000000000003,0.4185,0.4703,0.4192,0.4293,0.4147,0.41350000000000003,0.41609999999999997,0.4178,0.4112,0.4137,0.4205,0.4154,0.4371,0.4215,0.4268],"raw_work_samples":[8704,8704,8704,8704,8704,8704,8704,8704,8704,8704,8704,8704,8704,8704,8704,8704,8704,8704,8704,8704,8704,8704,8704,8704,8704,8704,8704,8704,8704,8704],"tree_rebalances":76},"redo":{"maximum_sequence_depth":15,"maximum_work":7102,"median_ms":0.3182,"p95_ms":0.48769999999999997,"raw_samples_ms":[0.3153,0.3147,0.3321,0.32449999999999996,0.5374000000000001,0.48769999999999997,0.3188,0.3175,0.31520000000000004,0.3157,0.3164,0.3154,0.31930000000000003,0.3165,0.3205,0.31760000000000005,0.324,0.3155,0.3221,0.3164,0.32180000000000003,0.323,0.3164,0.32249999999999995,0.319,0.3167,0.3922,0.3162,0.3182,0.3175],"raw_work_samples":[7102,7102,7102,7102,7102,7102,7102,7102,7102,7102,7102,7102,7102,7102,7102,7102,7102,7102,7102,7102,7102,7102,7102,7102,7102,7102,7102,7102,7102,7102],"tree_rebalances":76},"undo":{"maximum_sequence_depth":15,"maximum_work":6831,"median_ms":0.2813,"p95_ms":0.37560000000000004,"raw_samples_ms":[0.2779,0.2808,0.2972,0.2778,0.37560000000000004,0.5488,0.2813,0.28009999999999996,0.2809,0.2796,0.28009999999999996,0.287,0.2813,0.27999999999999997,0.2853,0.2799,0.2855,0.2797,0.27980000000000005,0.28009999999999996,0.2786,0.27940000000000004,0.2796,0.2821,0.2849,0.2816,0.311,0.2836,0.2859,0.28150000000000003],"raw_work_samples":[6831,6831,6831,6831,6831,6831,6831,6831,6831,6831,6831,6831,6831,6831,6831,6831,6831,6831,6831,6831,6831,6831,6831,6831,6831,6831,6831,6831,6831,6831],"tree_rebalances":170},"ungroup":{"maximum_sequence_depth":15,"maximum_work":7442,"median_ms":0.40709999999999996,"p95_ms":0.4732,"raw_samples_ms":[0.4036,0.4002,0.4038,0.4039,0.6814,0.43770000000000003,0.4068,0.4013,0.4032,0.41350000000000003,0.4029,0.4038,0.4018,0.4083,0.40499999999999997,0.4647,0.4057,0.4127,0.4048,0.4097,0.4177,0.40709999999999996,0.4101,0.4052,0.4048,0.4105,0.4732,0.4193,0.4131,0.4168],"raw_work_samples":[7442,7442,7442,7442,7442,7442,7442,7442,7442,7442,7442,7442,7442,7442,7442,7442,7442,7442,7442,7442,7442,7442,7442,7442,7442,7442,7442,7442,7442,7442],"tree_rebalances":170}},"pattern":"multiple_runs","selection_count":100,"warmups":10},{"exact_sibling_order_restored":true,"measured_iterations":30,"node_count":10000,"operations":{"group":{"maximum_sequence_depth":14,"maximum_work":24806,"median_ms":1.1056,"p95_ms":1.1439,"raw_samples_ms":[1.0955,1.0917,1.1312,1.1056,1.1439,1.0933,1.1078,1.098,1.0976,1.1555,1.1117,1.0999,1.1072,1.1154,1.0948,1.0813000000000001,1.1078,1.1144,1.1411,1.1131,1.0997,1.1086,1.1107,1.1013,1.0932,1.1032,1.0917999999999999,1.0911,1.1020999999999999,1.1086],"raw_work_samples":[24806,24806,24806,24806,24806,24806,24806,24806,24806,24806,24806,24806,24806,24806,24806,24806,24806,24806,24806,24806,24806,24806,24806,24806,24806,24806,24806,24806,24806,24806],"tree_rebalances":322},"redo":{"maximum_sequence_depth":14,"maximum_work":20170,"median_ms":0.8274,"p95_ms":0.9645,"raw_samples_ms":[0.8238,0.8195,0.9645,0.8326,0.8286,0.8217,0.9845999999999999,0.8262,0.8215,0.8245,0.8267,0.8605,0.8274,0.8446,0.8271,0.8630000000000001,0.8318000000000001,0.8278,0.8247,0.819,0.8419,0.8277,0.8441,0.8223,0.8371999999999999,0.8522,0.8193,0.8203,0.8214,0.8267],"raw_work_samples":[20170,20170,20170,20170,20170,20170,20170,20170,20170,20170,20170,20170,20170,20170,20170,20170,20170,20170,20170,20170,20170,20170,20170,20170,20170,20170,20170,20170,20170,20170],"tree_rebalances":322},"undo":{"maximum_sequence_depth":14,"maximum_work":21142,"median_ms":0.7137,"p95_ms":0.7445,"raw_samples_ms":[0.7096,0.7104,0.7113,0.7144,0.7242999999999999,0.712,0.7092,0.7157,0.7121999999999999,0.7202000000000001,0.7137,0.7414999999999999,0.7117,0.7134,0.7138,0.7445,0.7094999999999999,0.7163,0.7240000000000001,0.7033,0.7361,0.7088,0.8478,0.7114,0.7212,0.716,0.7102999999999999,0.7199,0.7071,0.7129000000000001],"raw_work_samples":[21142,21142,21142,21142,21142,21142,21142,21142,21142,21142,21142,21142,21142,21142,21142,21142,21142,21142,21142,21142,21142,21142,21142,21142,21142,21142,21142,21142,21142,21142],"tree_rebalances":626},"ungroup":{"maximum_sequence_depth":14,"maximum_work":22683,"median_ms":1.0609,"p95_ms":1.1425,"raw_samples_ms":[1.0432,1.044,1.0663999999999998,1.0487,1.0468000000000002,1.0498,1.0794000000000001,1.0589,1.1425,1.1387,1.0636,1.0908,1.1818,1.0574,1.0515999999999999,1.0583,1.1175,1.0518,1.0510000000000002,1.0514999999999999,1.0579999999999998,1.0617999999999999,1.0617,1.059,1.0687,1.099,1.0609,1.0460999999999998,1.0825,1.1383999999999999],"raw_work_samples":[22683,22683,22683,22683,22683,22683,22683,22683,22683,22683,22683,22683,22683,22683,22683,22683,22683,22683,22683,22683,22683,22683,22683,22683,22683,22683,22683,22683,22683,22683],"tree_rebalances":626}},"pattern":"contiguous_front","selection_count":300,"warmups":10},{"exact_sibling_order_restored":true,"measured_iterations":30,"node_count":10000,"operations":{"group":{"maximum_sequence_depth":15,"maximum_work":25929,"median_ms":1.1582000000000001,"p95_ms":3.0867,"raw_samples_ms":[1.1307,1.3738000000000001,1.1286,1.1385,1.1252,1.1242999999999999,1.1405,1.2865000000000002,1.1345999999999998,1.1206,1.1359,3.0867,3.0824,1.1686999999999999,1.1509999999999998,1.1542,1.1502999999999999,3.0278,3.1941,2.9704,1.2541,1.2549,1.2502,1.2399,1.2503,1.2492,1.142,1.1582000000000001,1.1477,1.149],"raw_work_samples":[25929,25929,25929,25929,25929,25929,25929,25929,25929,25929,25929,25929,25929,25929,25929,25929,25929,25929,25929,25929,25929,25929,25929,25929,25929,25929,25929,25929,25929,25929],"tree_rebalances":296},"redo":{"maximum_sequence_depth":15,"maximum_work":21022,"median_ms":0.8734,"p95_ms":2.3161,"raw_samples_ms":[0.8431,0.8573,0.8564,0.8619,0.8451,0.9093,0.8531,0.8563000000000001,0.8474999999999999,0.888,0.8476,2.206,0.9479,0.8668,0.8630000000000001,0.8692,0.8649,2.2071,2.3161,2.3213,0.9429,1.0093999999999999,0.9332,0.9479,0.9418,1.3819,0.8564,0.8734,0.9398,0.8506],"raw_work_samples":[21022,21022,21022,21022,21022,21022,21022,21022,21022,21022,21022,21022,21022,21022,21022,21022,21022,21022,21022,21022,21022,21022,21022,21022,21022,21022,21022,21022,21022,21022],"tree_rebalances":296},"undo":{"maximum_sequence_depth":15,"maximum_work":21207,"median_ms":0.7756,"p95_ms":1.9880000000000002,"raw_samples_ms":[0.7563,0.7704,0.7562,0.7801,0.7452,0.772,0.7517,0.7686000000000001,0.7552,0.7684000000000001,0.7535000000000001,1.9616999999999998,1.9880000000000002,0.7847000000000001,0.76,0.7538,0.7939,1.9624,2.0546,1.9743,0.8327,0.8278,0.8270000000000001,0.8912,0.8361,0.8206,0.7634,0.7628,0.7756,0.7504000000000001],"raw_work_samples":[21207,21207,21207,21207,21207,21207,21207,21207,21207,21207,21207,21207,21207,21207,21207,21207,21207,21207,21207,21207,21207,21207,21207,21207,21207,21207,21207,21207,21207,21207],"tree_rebalances":594},"ungroup":{"maximum_sequence_depth":15,"maximum_work":22745,"median_ms":1.1708999999999998,"p95_ms":2.9129,"raw_samples_ms":[1.0847,1.1078999999999999,1.1953,1.0977000000000001,1.0874000000000001,1.1315,1.1004999999999998,1.1102,1.0976,1.1460000000000001,1.3124,2.9079,1.1708999999999998,1.1297,1.1128,1.1341999999999999,2.177,2.9129,2.9351,1.2426,1.2201,1.2199000000000002,1.2406,1.2199000000000002,1.2109,1.4198,1.1102,1.1318000000000001,1.1264,1.1865999999999999],"raw_work_samples":[22745,22745,22745,22745,22745,22745,22745,22745,22745,22745,22745,22745,22745,22745,22745,22745,22745,22745,22745,22745,22745,22745,22745,22745,22745,22745,22745,22745,22745,22745],"tree_rebalances":594}},"pattern":"contiguous_middle","selection_count":300,"warmups":10},{"exact_sibling_order_restored":true,"measured_iterations":30,"node_count":10000,"operations":{"group":{"maximum_sequence_depth":14,"maximum_work":26109,"median_ms":1.653,"p95_ms":1.9175,"raw_samples_ms":[1.6488,1.653,1.6666999999999998,1.5915000000000001,1.5886,1.7734,1.6163,1.5914,1.9099,1.6646,1.6188,1.8227,1.7096,1.6199000000000001,1.6772,1.7407,1.9175,1.6565,1.6232,1.6651,1.6031000000000002,1.6141,1.6360999999999999,1.6161,1.6245999999999998,1.6907999999999999,1.815,1.6014,1.6318000000000001,3.785],"raw_work_samples":[26109,26109,26109,26109,26109,26109,26109,26109,26109,26109,26109,26109,26109,26109,26109,26109,26109,26109,26109,26109,26109,26109,26109,26109,26109,26109,26109,26109,26109,26109],"tree_rebalances":0},"redo":{"maximum_sequence_depth":14,"maximum_work":21040,"median_ms":1.2291999999999998,"p95_ms":1.7696,"raw_samples_ms":[1.2046999999999999,1.3595,1.296,1.1742000000000001,1.3568,1.2371,1.1946999999999999,1.3059,1.2114999999999998,1.192,1.2869,1.1883,1.1888999999999998,1.7696,1.2147,1.1922,1.2018,1.1872,1.2291999999999998,1.1865,1.3362,1.1691,1.2376,1.3896,1.1835,1.2665,1.1808999999999998,1.2298,1.2525,2.9797000000000002],"raw_work_samples":[21040,21040,21040,21040,21040,21040,21040,21040,21040,21040,21040,21040,21040,21040,21040,21040,21040,21040,21040,21040,21040,21040,21040,21040,21040,21040,21040,21040,21040,21040],"tree_rebalances":0},"undo":{"maximum_sequence_depth":14,"maximum_work":17512,"median_ms":1.0643,"p95_ms":1.251,"raw_samples_ms":[1.0640999999999998,1.0476,1.1456000000000002,1.0376,1.0521,1.1176000000000001,1.0476,1.0645,1.1032,1.0688,1.1112,1.0662,1.0585,1.1036,1.0677,1.0828,1.1148,1.0578,1.0429,1.0573,1.0497,1.039,1.0643,1.251,1.0507,1.08,1.056,1.0432,1.0636,2.3377],"raw_work_samples":[17512,17512,17512,17512,17512,17512,17512,17512,17512,17512,17512,17512,17512,17512,17512,17512,17512,17512,17512,17512,17512,17512,17512,17512,17512,17512,17512,17512,17512,17512],"tree_rebalances":32},"ungroup":{"maximum_sequence_depth":14,"maximum_work":22502,"median_ms":1.6831,"p95_ms":3.0333,"raw_samples_ms":[1.5778,1.6741,1.5854000000000001,1.5747,1.8214,1.6389,1.583,1.6796,1.6336,1.6073000000000002,1.8309000000000002,1.6949999999999998,1.5912000000000002,2.8069,1.6948,1.7508000000000001,1.7441,1.5624,1.7061000000000002,1.5915000000000001,1.752,1.6831,1.6340000000000001,1.6412,1.7622,1.7224,1.5856,1.7763,3.7272999999999996,3.0333],"raw_work_samples":[22502,22502,22502,22502,22502,22502,22502,22502,22502,22502,22502,22502,22502,22502,22502,22502,22502,22502,22502,22502,22502,22502,22502,22502,22502,22502,22502,22502,22502,22502],"tree_rebalances":32}},"pattern":"uniform","selection_count":300,"warmups":10},{"exact_sibling_order_restored":true,"measured_iterations":30,"node_count":10000,"operations":{"group":{"maximum_sequence_depth":14,"maximum_work":26085,"median_ms":1.6205,"p95_ms":2.4586,"raw_samples_ms":[1.6080999999999999,1.6016,1.5836999999999999,1.6962,1.6353,1.6205,1.5999,1.6649,1.5946,2.5471,1.8734,1.7599,1.603,1.6684,1.5727,1.6084999999999998,1.6731,1.5892,1.6126,2.4111,2.3688,2.4586,1.6327,1.5839,1.7867,1.5885,1.58,1.7565,1.5855000000000001,1.6046],"raw_work_samples":[26085,26085,26085,26085,26085,26085,26085,26085,26085,26085,26085,26085,26085,26085,26085,26085,26085,26085,26085,26085,26085,26085,26085,26085,26085,26085,26085,26085,26085,26085],"tree_rebalances":0},"redo":{"maximum_sequence_depth":14,"maximum_work":21040,"median_ms":1.2068999999999999,"p95_ms":1.7279,"raw_samples_ms":[1.1999,1.2072999999999998,1.2598,1.1846,1.1948,1.2021,1.2087999999999999,1.2011,1.2059,1.4729,1.4918,1.2114999999999998,1.1998,1.193,1.1972,1.2068999999999999,1.1869,1.1659000000000002,1.2187999999999999,1.7279,1.8194000000000001,1.2104,1.1817,1.2415,1.1888999999999998,1.1982,1.2127,1.2244000000000002,1.2067,1.2149],"raw_work_samples":[21040,21040,21040,21040,21040,21040,21040,21040,21040,21040,21040,21040,21040,21040,21040,21040,21040,21040,21040,21040,21040,21040,21040,21040,21040,21040,21040,21040,21040,21040],"tree_rebalances":0},"undo":{"maximum_sequence_depth":14,"maximum_work":17638,"median_ms":1.0994,"p95_ms":1.5056,"raw_samples_ms":[1.0322,1.1395000000000002,1.0373999999999999,1.0448,1.1034,1.1689999999999998,1.0412,1.0491000000000001,1.0271,1.1559000000000001,1.1073000000000002,1.0606,1.1081,1.0994,1.0330000000000001,1.1734,1.0834,1.0158,1.1263,1.6823000000000001,1.5056,1.1298000000000001,1.0323,1.1632,1.077,1.0322,1.2149,1.0529000000000002,1.0242,1.1393],"raw_work_samples":[17638,17638,17638,17638,17638,17638,17638,17638,17638,17638,17638,17638,17638,17638,17638,17638,17638,17638,17638,17638,17638,17638,17638,17638,17638,17638,17638,17638,17638,17638],"tree_rebalances":66},"ungroup":{"maximum_sequence_depth":14,"maximum_work":22582,"median_ms":1.5648000000000002,"p95_ms":2.4728,"raw_samples_ms":[1.5572,1.6271,1.5977000000000001,1.5399,1.5628,1.6229,1.518,1.5505,5.2714,2.3223,1.6237000000000001,1.5406,1.5647,1.557,1.5351,1.5652000000000001,1.5648000000000002,1.518,1.5549,2.2289,2.4728,1.5961,1.5468000000000002,1.7654,1.5786,1.5636,1.6391,1.5566,1.5406,1.7464],"raw_work_samples":[22582,22582,22582,22582,22582,22582,22582,22582,22582,22582,22582,22582,22582,22582,22582,22582,22582,22582,22582,22582,22582,22582,22582,22582,22582,22582,22582,22582,22582,22582],"tree_rebalances":66}},"pattern":"random_seed_0x5eed","selection_count":300,"warmups":10},{"exact_sibling_order_restored":true,"measured_iterations":30,"node_count":10000,"operations":{"group":{"maximum_sequence_depth":15,"maximum_work":26123,"median_ms":1.1874,"p95_ms":1.3033000000000001,"raw_samples_ms":[1.1901,1.1966999999999999,1.2083000000000002,1.2431,1.1874,1.1907,1.1987,1.1824,1.4201000000000001,1.1966999999999999,1.1787,1.2114999999999998,1.2154,1.1827,1.1788,1.1655,1.1837,1.2227,1.175,1.1699,1.1823000000000001,1.3033000000000001,1.1836,1.1738,1.2319,1.1844,1.1699,1.1795,1.1894,1.1699],"raw_work_samples":[26123,26123,26123,26123,26123,26123,26123,26123,26123,26123,26123,26123,26123,26123,26123,26123,26123,26123,26123,26123,26123,26123,26123,26123,26123,26123,26123,26123,26123,26123],"tree_rebalances":270},"redo":{"maximum_sequence_depth":15,"maximum_work":21258,"median_ms":0.8904,"p95_ms":0.9779999999999999,"raw_samples_ms":[0.9007000000000001,0.8901,0.9154,0.9185000000000001,0.8957,0.8942000000000001,0.9097000000000001,0.9148999999999999,0.8836999999999999,0.8853,0.8919,0.9779999999999999,0.8891,0.8939,0.877,1.0514999999999999,0.9218,0.9031,0.8851,0.8865999999999999,0.8851,0.907,0.8764000000000001,0.8904,0.8848,0.8883,0.8861,0.8811,0.8899999999999999,0.8806],"raw_work_samples":[21258,21258,21258,21258,21258,21258,21258,21258,21258,21258,21258,21258,21258,21258,21258,21258,21258,21258,21258,21258,21258,21258,21258,21258,21258,21258,21258,21258,21258,21258],"tree_rebalances":270},"undo":{"maximum_sequence_depth":15,"maximum_work":20963,"median_ms":0.7931,"p95_ms":0.8262,"raw_samples_ms":[0.7849,0.7950999999999999,0.7993,0.8014,0.8562,0.7971,0.8084,0.7931,0.7982,0.8262,0.7969,0.7903,0.7946,0.7973,0.7802,0.7892,0.7907,0.8108,0.7837000000000001,0.7825,0.7845000000000001,0.7961999999999999,0.7911,0.7863,0.7919999999999999,0.7882,0.7879,0.7854,0.7931,0.782],"raw_work_samples":[20963,20963,20963,20963,20963,20963,20963,20963,20963,20963,20963,20963,20963,20963,20963,20963,20963,20963,20963,20963,20963,20963,20963,20963,20963,20963,20963,20963,20963,20963],"tree_rebalances":562},"ungroup":{"maximum_sequence_depth":15,"maximum_work":22572,"median_ms":1.1632,"p95_ms":1.2366,"raw_samples_ms":[1.2366,1.2072,1.2081,1.1614,1.1592,1.1761,1.1784000000000001,1.1663999999999999,1.168,1.1898,1.2005,1.2714,1.1517000000000002,1.1466,1.1392,1.2071,1.1588,1.1716,1.1483,1.1516,1.147,1.1591,1.1474,1.156,1.1881000000000002,1.1421000000000001,1.204,1.1632,1.1515,1.1529],"raw_work_samples":[22572,22572,22572,22572,22572,22572,22572,22572,22572,22572,22572,22572,22572,22572,22572,22572,22572,22572,22572,22572,22572,22572,22572,22572,22572,22572,22572,22572,22572,22572],"tree_rebalances":562}},"pattern":"multiple_runs","selection_count":300,"warmups":10},{"exact_sibling_order_restored":true,"measured_iterations":30,"node_count":10000,"operations":{"group":{"maximum_sequence_depth":15,"maximum_work":85984,"median_ms":4.1897,"p95_ms":10.2209,"raw_samples_ms":[3.8162000000000003,3.9474,4.0602,4.1537,4.1897,3.7224,3.7939,10.2209,10.9938,4.2584,4.3694,4.1996,4.012499999999999,3.8159,3.7859,4.140300000000001,4.3818,8.6242,4.3166,4.5695,5.759399999999999,5.3848,5.5418,4.2115,4.204000000000001,3.7386,3.7481,3.8945999999999996,3.9823999999999997,4.0676000000000005],"raw_work_samples":[85984,85984,85984,85984,85984,85984,85984,85984,85984,85984,85984,85984,85984,85984,85984,85984,85984,85984,85984,85984,85984,85984,85984,85984,85984,85984,85984,85984,85984,85984],"tree_rebalances":2046},"redo":{"maximum_sequence_depth":15,"maximum_work":70440,"median_ms":3.1457,"p95_ms":7.7653,"raw_samples_ms":[3.1432,2.8841,3.1851000000000003,2.9326,2.9656000000000002,3.5197000000000003,2.9901,7.7653,6.3747,3.1457,3.0114,2.999,2.9724,3.2131,2.8563,3.1595,3.153,5.3171,3.7103,7.946999999999999,3.7275,3.7245,4.1258,3.009,2.9816000000000003,3.0991,3.6194,2.8549,2.8836,3.0063],"raw_work_samples":[70440,70440,70440,70440,70440,70440,70440,70440,70440,70440,70440,70440,70440,70440,70440,70440,70440,70440,70440,70440,70440,70440,70440,70440,70440,70440,70440,70440,70440,70440],"tree_rebalances":2046},"undo":{"maximum_sequence_depth":15,"maximum_work":73993,"median_ms":2.5963000000000003,"p95_ms":6.553599999999999,"raw_samples_ms":[2.5963000000000003,2.4776,2.5595000000000003,2.5619,2.6813000000000002,2.5374999999999996,2.4995,6.594799999999999,6.553599999999999,2.6483000000000003,2.532,2.5391,2.6369000000000002,2.4856000000000003,2.4261999999999997,2.712,2.6727,6.4871,2.599,2.6288,3.2528,3.2867,3.3608000000000002,2.5344,2.5907999999999998,2.7273,2.3899,2.4194,2.5046999999999997,2.5477],"raw_work_samples":[73993,73993,73993,73993,73993,73993,73993,73993,73993,73993,73993,73993,73993,73993,73993,73993,73993,73993,73993,73993,73993,73993,73993,73993,73993,73993,73993,73993,73993,73993],"tree_rebalances":2722},"ungroup":{"maximum_sequence_depth":15,"maximum_work":79025,"median_ms":3.8495,"p95_ms":9.7225,"raw_samples_ms":[3.7462,3.8423,3.7761,3.5343,3.6246,3.8134,9.7225,10.0419,4.156,4.356299999999999,3.8239,3.6629,3.6189999999999998,3.7634,4.5434,4.1209999999999996,3.9240000000000004,4.2088,7.0238000000000005,9.5333,4.6629000000000005,5.2197,4.914199999999999,3.7339,3.5614000000000003,3.6517,3.8495,4.3355,3.6552,3.7096999999999998],"raw_work_samples":[79025,79025,79025,79025,79025,79025,79025,79025,79025,79025,79025,79025,79025,79025,79025,79025,79025,79025,79025,79025,79025,79025,79025,79025,79025,79025,79025,79025,79025,79025],"tree_rebalances":2722}},"pattern":"contiguous_front","selection_count":1000,"warmups":10},{"exact_sibling_order_restored":true,"measured_iterations":30,"node_count":10000,"operations":{"group":{"maximum_sequence_depth":15,"maximum_work":85394,"median_ms":4.3242,"p95_ms":10.43,"raw_samples_ms":[5.8224,4.624,6.0214,3.7882,3.8171,3.8202000000000003,4.2078999999999995,4.317900000000001,3.747,3.7251,6.520899999999999,4.505,10.43,4.5586,10.4277,4.6442000000000005,3.8160999999999996,3.8836,10.330300000000001,4.3242,9.2003,4.4875,3.8885,3.8616,3.8564,10.8513,5.2444,3.9727,4.0131000000000006,4.1814],"raw_work_samples":[85394,85394,85394,85394,85394,85394,85394,85394,85394,85394,85394,85394,85394,85394,85394,85394,85394,85394,85394,85394,85394,85394,85394,85394,85394,85394,85394,85394,85394,85394],"tree_rebalances":994},"redo":{"maximum_sequence_depth":15,"maximum_work":69038,"median_ms":3.2253,"p95_ms":8.0467,"raw_samples_ms":[3.9635,5.123,2.9399,3.2935,3.0242,2.8598999999999997,2.8845,2.8237,3.0125,8.3511,3.3579999999999997,3.2653,7.9763,3.1158,3.9382999999999995,3.7508,3.105,2.8134,8.0467,3.0856999999999997,3.4327,3.5374,3.2253,2.9624,3.1364,8.0371,3.7866000000000004,2.8388,2.816,2.882],"raw_work_samples":[69038,69038,69038,69038,69038,69038,69038,69038,69038,69038,69038,69038,69038,69038,69038,69038,69038,69038,69038,69038,69038,69038,69038,69038,69038,69038,69038,69038,69038,69038],"tree_rebalances":994},"undo":{"maximum_sequence_depth":15,"maximum_work":70487,"median_ms":2.8646000000000003,"p95_ms":7.3653,"raw_samples_ms":[4.1243,3.6608,2.798,2.6854999999999998,2.5747999999999998,2.8965,2.6074,2.736,2.8646000000000003,2.5473000000000003,2.9507000000000003,2.9392,7.3653,2.9831,6.909,3.4432,2.7115,2.5734,7.035900000000001,2.8449999999999998,3.2457,3.2923,2.7345,2.7479,2.755,7.4373,3.496,2.5977,2.6129000000000002,2.7307],"raw_work_samples":[70487,70487,70487,70487,70487,70487,70487,70487,70487,70487,70487,70487,70487,70487,70487,70487,70487,70487,70487,70487,70487,70487,70487,70487,70487,70487,70487,70487,70487,70487],"tree_rebalances":1994},"ungroup":{"maximum_sequence_depth":15,"maximum_work":75525,"median_ms":4.5021,"p95_ms":10.016499999999999,"raw_samples_ms":[4.6472,6.1086,3.8303,3.835,4.0877,4.5021,3.7289,3.882,3.8278000000000003,10.436900000000001,4.4097,4.9048,8.518899999999999,4.7964,4.6536,4.5208,3.9621999999999997,9.6014,4.5463,10.016499999999999,4.3923,4.4456,3.8611999999999997,3.9231,8.527800000000001,5.6530000000000005,4.0292,4.6795,3.8256,3.7642],"raw_work_samples":[75525,75525,75525,75525,75525,75525,75525,75525,75525,75525,75525,75525,75525,75525,75525,75525,75525,75525,75525,75525,75525,75525,75525,75525,75525,75525,75525,75525,75525,75525],"tree_rebalances":1994}},"pattern":"contiguous_middle","selection_count":1000,"warmups":10},{"exact_sibling_order_restored":true,"measured_iterations":30,"node_count":10000,"operations":{"group":{"maximum_sequence_depth":14,"maximum_work":86907,"median_ms":6.4663,"p95_ms":8.106,"raw_samples_ms":[15.159600000000001,6.7101,7.6259,8.106,6.1822,6.0866,6.6025,7.9116,5.584099999999999,6.9220999999999995,6.283,6.4792,6.162599999999999,5.385400000000001,6.5697,6.4663,6.1251,7.476100000000001,7.5052,5.6394,5.7048000000000005,5.4994,4.9341,6.9401,6.5485999999999995,6.2379,5.2734000000000005,5.4638,6.4146,6.5816],"raw_work_samples":[86907,86907,86907,86907,86907,86907,86907,86907,86907,86907,86907,86907,86907,86907,86907,86907,86907,86907,86907,86907,86907,86907,86907,86907,86907,86907,86907,86907,86907,86907],"tree_rebalances":0},"redo":{"maximum_sequence_depth":14,"maximum_work":70002,"median_ms":4.7871,"p95_ms":6.1547,"raw_samples_ms":[5.3512,5.0449,6.1547,5.0196,4.7871,4.9058,4.7871,5.8950000000000005,10.5627,5.7409,3.8736,4.8653,4.8092999999999995,4.9591,4.3219,3.4935,3.5409,5.1031,4.1319,4.1223,4.1025,5.1179,4.7785,4.3388,3.7476,4.5951,5.2359,4.4792,3.7325,3.6361000000000003],"raw_work_samples":[70002,70002,70002,70002,70002,70002,70002,70002,70002,70002,70002,70002,70002,70002,70002,70002,70002,70002,70002,70002,70002,70002,70002,70002,70002,70002,70002,70002,70002,70002],"tree_rebalances":0},"undo":{"maximum_sequence_depth":14,"maximum_work":58216,"median_ms":4.0896,"p95_ms":6.0981000000000005,"raw_samples_ms":[7.7928,5.1126000000000005,4.6421,5.166300000000001,3.5023,4.322699999999999,4.4127,4.6566,6.0981000000000005,4.5077,4.2101999999999995,3.9823000000000004,3.4833,3.7525000000000004,4.0896,3.6500999999999997,3.3434,4.6058,4.013199999999999,3.4687,3.0368999999999997,3.3796999999999997,4.2957,3.7735,3.5266,3.1646,3.6013,4.3206,4.1968,3.5769],"raw_work_samples":[58216,58216,58216,58216,58216,58216,58216,58216,58216,58216,58216,58216,58216,58216,58216,58216,58216,58216,58216,58216,58216,58216,58216,58216,58216,58216,58216,58216,58216,58216],"tree_rebalances":92},"ungroup":{"maximum_sequence_depth":14,"maximum_work":74771,"median_ms":6.100300000000001,"p95_ms":10.7923,"raw_samples_ms":[5.5447999999999995,7.4046,7.3032,6.771400000000001,6.2215,5.579899999999999,5.1808000000000005,6.3157,8.5304,6.676200000000001,5.5017,6.604900000000001,6.3072,6.100300000000001,4.5887,5.2007,10.7923,6.161,6.0649,5.8914,6.0767,5.4624,5.7173,5.9324,6.2267,6.253,5.5144,5.8544,5.492699999999999,13.5123],"raw_work_samples":[74771,74771,74771,74771,74771,74771,74771,74771,74771,74771,74771,74771,74771,74771,74771,74771,74771,74771,74771,74771,74771,74771,74771,74771,74771,74771,74771,74771,74771,74771],"tree_rebalances":92}},"pattern":"uniform","selection_count":1000,"warmups":10},{"exact_sibling_order_restored":true,"measured_iterations":30,"node_count":10000,"operations":{"group":{"maximum_sequence_depth":14,"maximum_work":86587,"median_ms":7.015000000000001,"p95_ms":13.9687,"raw_samples_ms":[5.8027,7.1348,9.2423,6.5437,13.9687,7.9442,8.350399999999999,14.5113,9.1442,6.8950000000000005,6.8688,5.7484,6.0741,8.6863,7.9375,7.1097,10.1993,7.1103,6.984500000000001,7.3629999999999995,5.9982999999999995,7.015000000000001,6.729,6.3331,11.611099999999999,6.3843,6.033,5.4079999999999995,5.7401,6.5100999999999996],"raw_work_samples":[86587,86587,86587,86587,86587,86587,86587,86587,86587,86587,86587,86587,86587,86587,86587,86587,86587,86587,86587,86587,86587,86587,86587,86587,86587,86587,86587,86587,86587,86587],"tree_rebalances":0},"redo":{"maximum_sequence_depth":14,"maximum_work":69876,"median_ms":5.1589,"p95_ms":9.378400000000001,"raw_samples_ms":[5.5522,4.1036,5.1034,4.7065,9.1824,4.8904,6.6975999999999996,6.921,5.5474,6.511,4.6088,5.7482999999999995,6.1209999999999996,5.3475,5.1589,11.177100000000001,4.6552,6.1286,4.992800000000001,5.8549999999999995,4.9205000000000005,4.688000000000001,5.8046,4.7280999999999995,9.378400000000001,4.266,4.593500000000001,4.9413,4.2632,3.8036],"raw_work_samples":[69876,69876,69876,69876,69876,69876,69876,69876,69876,69876,69876,69876,69876,69876,69876,69876,69876,69876,69876,69876,69876,69876,69876,69876,69876,69876,69876,69876,69876,69876],"tree_rebalances":0},"undo":{"maximum_sequence_depth":14,"maximum_work":58946,"median_ms":4.8153,"p95_ms":8.8997,"raw_samples_ms":[4.7084,4.4998,5.2466,4.1704,9.3183,4.7852,4.9688,5.4351,4.8153,5.832999999999999,3.7342999999999997,3.3765,5.8224,4.9785,6.8321,7.4146,4.9444,3.8331,4.9979000000000005,4.8266,4.338,4.9141,4.7095,4.404800000000001,8.8997,3.9588999999999994,3.6692,3.6871,4.110499999999999,4.1297],"raw_work_samples":[58946,58946,58946,58946,58946,58946,58946,58946,58946,58946,58946,58946,58946,58946,58946,58946,58946,58946,58946,58946,58946,58946,58946,58946,58946,58946,58946,58946,58946,58946],"tree_rebalances":324},"ungroup":{"maximum_sequence_depth":14,"maximum_work":74512,"median_ms":6.5514,"p95_ms":9.1874,"raw_samples_ms":[6.1791,9.1874,5.424,7.9323,8.1412,7.2017,8.1268,7.7761000000000005,6.6678,7.3177,6.2946,5.8937,7.7598,5.9239999999999995,7.1182,13.5867,6.9326,6.5514,6.424,6.6693999999999996,4.9439,6.2821,6.8173,5.6585,6.0785,6.0597,6.1148,5.6276,5.3981,5.7606],"raw_work_samples":[74512,74512,74512,74512,74512,74512,74512,74512,74512,74512,74512,74512,74512,74512,74512,74512,74512,74512,74512,74512,74512,74512,74512,74512,74512,74512,74512,74512,74512,74512],"tree_rebalances":324}},"pattern":"random_seed_0x5eed","selection_count":1000,"warmups":10},{"exact_sibling_order_restored":true,"measured_iterations":30,"node_count":10000,"operations":{"group":{"maximum_sequence_depth":15,"maximum_work":86674,"median_ms":4.1691,"p95_ms":10.777099999999999,"raw_samples_ms":[3.8045,4.385199999999999,4.0999,6.6396,10.898200000000001,4.070200000000001,4.104,4.1614,4.005800000000001,4.1068,3.8311,3.9163999999999994,4.371200000000001,4.1507000000000005,9.257200000000001,3.9902999999999995,4.056299999999999,4.2185,10.777099999999999,4.7578000000000005,10.7284,4.297300000000001,4.2911,4.3046999999999995,4.0949,4.1691,4.2217,4.5238,4.078799999999999,3.8630999999999998],"raw_work_samples":[86674,86674,86674,86674,86674,86674,86674,86674,86674,86674,86674,86674,86674,86674,86674,86674,86674,86674,86674,86674,86674,86674,86674,86674,86674,86674,86674,86674,86674,86674],"tree_rebalances":966},"redo":{"maximum_sequence_depth":15,"maximum_work":70342,"median_ms":3.2431,"p95_ms":8.1987,"raw_samples_ms":[3.5233,3.0659,3.1631,8.6661,3.5839000000000003,3.4654,2.9413,3.0303,3.3957,3.157,3.2571000000000003,3.1063,3.2348,2.9187000000000003,3.3241,3.1717999999999997,2.9265,2.9183999999999997,8.1987,3.2671,3.8216,3.9629000000000003,3.5376000000000003,3.3192,3.1309,3.0267,3.0143,3.061,3.2431,3.4844],"raw_work_samples":[70342,70342,70342,70342,70342,70342,70342,70342,70342,70342,70342,70342,70342,70342,70342,70342,70342,70342,70342,70342,70342,70342,70342,70342,70342,70342,70342,70342,70342,70342],"tree_rebalances":966},"undo":{"maximum_sequence_depth":15,"maximum_work":70360,"median_ms":2.7932,"p95_ms":7.0942,"raw_samples_ms":[2.7609000000000004,2.5989,2.6875,7.0942,4.7410000000000005,2.7336,2.6112,2.7932,2.7818,2.9277,2.7859,2.6028000000000002,2.9154,2.7246,3.0869,2.6176,2.5985,2.6368,7.353,3.018,4.7166999999999994,3.1789,3.1393,2.7565,2.6898,2.7985,2.6579,2.8184,3.0502,2.8075],"raw_work_samples":[70360,70360,70360,70360,70360,70360,70360,70360,70360,70360,70360,70360,70360,70360,70360,70360,70360,70360,70360,70360,70360,70360,70360,70360,70360,70360,70360,70360,70360,70360],"tree_rebalances":1960},"ungroup":{"maximum_sequence_depth":15,"maximum_work":75466,"median_ms":4.1941,"p95_ms":7.4827,"raw_samples_ms":[4.1941,4.1939,4.1363,10.375300000000001,4.2787,4.2254,4.0199,3.7882,3.9465000000000003,3.7266,4.2087,4.2854,4.229,7.4827,3.9249,4.0337000000000005,4.3604,6.7165,6.4072000000000005,6.738,4.3552,4.4597,4.0111,4.0932,4.1953,4.1143,4.1937,3.9154999999999998,3.8831,4.0726],"raw_work_samples":[75466,75466,75466,75466,75466,75466,75466,75466,75466,75466,75466,75466,75466,75466,75466,75466,75466,75466,75466,75466,75466,75466,75466,75466,75466,75466,75466,75466,75466,75466],"tree_rebalances":1960}},"pattern":"multiple_runs","selection_count":1000,"warmups":10},{"exact_sibling_order_restored":true,"measured_iterations":30,"node_count":10000,"operations":{"group":{"maximum_sequence_depth":15,"maximum_work":260555,"median_ms":14.700899999999999,"p95_ms":32.9303,"raw_samples_ms":[13.305000000000001,14.5604,14.5826,16.857799999999997,15.4588,13.5488,25.9815,16.1513,21.7848,14.8189,13.003499999999999,32.9303,14.700899999999999,13.216000000000001,17.2251,23.4156,12.9842,33.369,23.4983,12.9665,13.2325,13.0968,20.0895,14.339400000000001,13.3987,13.6032,15.868299999999998,13.556099999999999,13.9592,15.5128],"raw_work_samples":[260555,260555,260555,260555,260555,260555,260555,260555,260555,260555,260555,260555,260555,260555,260555,260555,260555,260555,260555,260555,260555,260555,260555,260555,260555,260555,260555,260555,260555,260555],"tree_rebalances":6676},"redo":{"maximum_sequence_depth":15,"maximum_work":212786,"median_ms":11.4442,"p95_ms":20.0563,"raw_samples_ms":[20.0563,11.4442,19.1002,12.2508,12.0819,11.8656,13.524700000000001,10.1024,13.631300000000001,10.2773,10.4095,10.2331,10.326500000000001,10.879,13.6131,11.02,14.3197,15.092400000000001,10.0657,9.8316,10.3936,10.247,25.6324,10.1308,10.5967,19.0732,10.6414,14.8216,11.745500000000002,10.5533],"raw_work_samples":[212786,212786,212786,212786,212786,212786,212786,212786,212786,212786,212786,212786,212786,212786,212786,212786,212786,212786,212786,212786,212786,212786,212786,212786,212786,212786,212786,212786,212786,212786],"tree_rebalances":6676},"undo":{"maximum_sequence_depth":15,"maximum_work":225590,"median_ms":8.9018,"p95_ms":20.6178,"raw_samples_ms":[8.5298,9.4211,8.5828,10.1617,10.3006,8.9033,8.258899999999999,9.1362,13.9455,8.4711,8.284400000000002,13.9645,8.857000000000001,8.381,9.5243,10.039100000000001,8.7316,20.6178,8.429499999999999,8.6106,8.342699999999999,8.829500000000001,21.160999999999998,9.684800000000001,8.2425,8.7127,8.9032,17.4164,8.9018,8.7081],"raw_work_samples":[225590,225590,225590,225590,225590,225590,225590,225590,225590,225590,225590,225590,225590,225590,225590,225590,225590,225590,225590,225590,225590,225590,225590,225590,225590,225590,225590,225590,225590,225590],"tree_rebalances":8686},"ungroup":{"maximum_sequence_depth":15,"maximum_work":240619,"median_ms":14.1081,"p95_ms":30.8942,"raw_samples_ms":[23.5146,13.403599999999999,31.2621,14.1081,14.2646,30.8942,19.6877,11.8413,16.3904,12.3883,16.8552,16.1193,12.5862,21.175900000000002,21.1969,13.5198,13.0054,11.914900000000001,11.874300000000002,12.139199999999999,12.4415,12.0949,14.9137,12.4537,12.3848,25.6848,21.231,12.7965,14.45,12.6984],"raw_work_samples":[240619,240619,240619,240619,240619,240619,240619,240619,240619,240619,240619,240619,240619,240619,240619,240619,240619,240619,240619,240619,240619,240619,240619,240619,240619,240619,240619,240619,240619,240619],"tree_rebalances":8686}},"pattern":"contiguous_front","selection_count":3000,"warmups":10},{"exact_sibling_order_restored":true,"measured_iterations":30,"node_count":10000,"operations":{"group":{"maximum_sequence_depth":15,"maximum_work":253840,"median_ms":13.5438,"p95_ms":20.2023,"raw_samples_ms":[13.6653,14.2052,14.5308,12.7265,12.4361,13.8164,12.2217,13.0855,13.08,20.2023,12.5381,13.287500000000001,13.062000000000001,12.269,13.2509,14.8663,13.0969,12.948599999999999,13.454799999999999,13.3881,17.581599999999998,13.5115,28.7985,17.4399,19.5796,18.8793,13.7347,14.357800000000001,13.5438,14.4195],"raw_work_samples":[253840,253840,253840,253840,253840,253840,253840,253840,253840,253840,253840,253840,253840,253840,253840,253840,253840,253840,253840,253840,253840,253840,253840,253840,253840,253840,253840,253840,253840,253840],"tree_rebalances":2992},"redo":{"maximum_sequence_depth":15,"maximum_work":204756,"median_ms":10.7073,"p95_ms":19.5285,"raw_samples_ms":[10.7498,10.6631,10.1536,10.0516,12.8828,9.807400000000001,9.7438,13.626,10.4206,9.9837,9.7432,10.1806,10.230400000000001,10.0852,9.9782,10.9331,11.6785,10.4301,10.4221,10.736600000000001,13.760100000000001,17.930600000000002,11.1602,19.5285,11.196100000000001,10.4039,12.9073,10.7566,10.7073,21.139000000000003],"raw_work_samples":[204756,204756,204756,204756,204756,204756,204756,204756,204756,204756,204756,204756,204756,204756,204756,204756,204756,204756,204756,204756,204756,204756,204756,204756,204756,204756,204756,204756,204756,204756],"tree_rebalances":2992},"undo":{"maximum_sequence_depth":15,"maximum_work":210361,"median_ms":9.033,"p95_ms":20.5931,"raw_samples_ms":[9.3955,8.6135,13.2591,8.668099999999999,20.1521,7.7439,8.4371,9.183800000000002,7.9863,8.5716,8.2875,8.732099999999999,8.7658,8.5162,8.8378,9.1398,8.849400000000001,8.8988,9.033,9.306999999999999,22.1082,8.633000000000001,14.1693,20.5931,9.713299999999998,9.369,9.2241,9.4514,8.715300000000001,18.2534],"raw_work_samples":[210361,210361,210361,210361,210361,210361,210361,210361,210361,210361,210361,210361,210361,210361,210361,210361,210361,210361,210361,210361,210361,210361,210361,210361,210361,210361,210361,210361,210361,210361],"tree_rebalances":5990},"ungroup":{"maximum_sequence_depth":15,"maximum_work":225393,"median_ms":12.9261,"p95_ms":22.6807,"raw_samples_ms":[13.4091,12.5006,13.049,12.3413,13.6165,11.8329,12.1602,14.1241,14.0397,12.419599999999999,11.5624,12.481300000000001,12.3102,12.3254,12.6958,12.8985,12.6284,12.701,12.829699999999999,13.0454,13.8334,22.7414,16.517899999999997,22.6807,14.1062,12.6773,13.0585,12.9758,12.9261,16.6129],"raw_work_samples":[225393,225393,225393,225393,225393,225393,225393,225393,225393,225393,225393,225393,225393,225393,225393,225393,225393,225393,225393,225393,225393,225393,225393,225393,225393,225393,225393,225393,225393,225393],"tree_rebalances":5990}},"pattern":"contiguous_middle","selection_count":3000,"warmups":10},{"exact_sibling_order_restored":true,"measured_iterations":30,"node_count":10000,"operations":{"group":{"maximum_sequence_depth":14,"maximum_work":258905,"median_ms":19.5635,"p95_ms":29.8099,"raw_samples_ms":[18.3872,20.9226,26.6525,17.839399999999998,35.7604,18.0139,22.3089,19.5635,18.1171,18.663800000000002,17.609099999999998,18.2876,18.0133,18.1861,26.7709,20.5889,26.9667,20.9043,26.2254,22.2336,18.637999999999998,18.753800000000002,28.272,19.8864,29.8099,20.2333,19.024099999999997,18.494,18.4797,18.9707],"raw_work_samples":[258905,258905,258905,258905,258905,258905,258905,258905,258905,258905,258905,258905,258905,258905,258905,258905,258905,258905,258905,258905,258905,258905,258905,258905,258905,258905,258905,258905,258905,258905],"tree_rebalances":0},"redo":{"maximum_sequence_depth":14,"maximum_work":209526,"median_ms":14.6791,"p95_ms":28.744,"raw_samples_ms":[14.6565,14.9713,14.585799999999999,14.4542,15.4302,14.1066,31.938000000000002,14.4072,14.2621,13.975200000000001,14.1113,14.3096,14.418000000000001,16.0854,14.1134,15.381,19.0908,26.4537,28.744,15.1436,14.383099999999999,14.303400000000002,22.5264,14.918600000000001,14.5726,27.4048,14.018600000000001,14.6791,14.7326,16.72],"raw_work_samples":[209526,209526,209526,209526,209526,209526,209526,209526,209526,209526,209526,209526,209526,209526,209526,209526,209526,209526,209526,209526,209526,209526,209526,209526,209526,209526,209526,209526,209526,209526],"tree_rebalances":0},"undo":{"maximum_sequence_depth":14,"maximum_work":178429,"median_ms":11.792800000000002,"p95_ms":21.4325,"raw_samples_ms":[11.7371,11.9297,21.4325,11.7321,15.834500000000002,11.2898,29.671699999999998,11.4821,11.2111,11.7596,11.712800000000001,11.249600000000001,11.5277,11.5392,17.7123,11.4627,19.564,12.234200000000001,20.876700000000003,11.9063,11.3958,11.408,13.994100000000001,12.765699999999999,12.4136,12.817200000000001,11.5691,11.844800000000001,11.792800000000002,11.7037],"raw_work_samples":[178429,178429,178429,178429,178429,178429,178429,178429,178429,178429,178429,178429,178429,178429,178429,178429,178429,178429,178429,178429,178429,178429,178429,178429,178429,178429,178429,178429,178429,178429],"tree_rebalances":1812},"ungroup":{"maximum_sequence_depth":14,"maximum_work":227797,"median_ms":17.1072,"p95_ms":24.0015,"raw_samples_ms":[19.563,17.0541,16.710099999999997,20.4395,16.839199999999998,16.6083,22.222700000000003,16.770699999999998,16.798000000000002,16.9651,16.763199999999998,16.5617,16.5142,22.1072,23.8411,18.846600000000002,24.0015,22.7472,19.100099999999998,17.491699999999998,17.1072,16.637,17.711299999999998,16.712,35.5406,18.5473,16.578699999999998,17.1039,17.0123,22.4754],"raw_work_samples":[227797,227797,227797,227797,227797,227797,227797,227797,227797,227797,227797,227797,227797,227797,227797,227797,227797,227797,227797,227797,227797,227797,227797,227797,227797,227797,227797,227797,227797,227797],"tree_rebalances":1812}},"pattern":"uniform","selection_count":3000,"warmups":10},{"exact_sibling_order_restored":true,"measured_iterations":30,"node_count":10000,"operations":{"group":{"maximum_sequence_depth":14,"maximum_work":258648,"median_ms":19.959500000000002,"p95_ms":35.1052,"raw_samples_ms":[18.2259,22.1448,20.2491,18.6449,21.4752,18.787100000000002,18.356399999999997,17.8695,21.5971,19.1573,34.1011,42.303599999999996,27.1235,20.7457,17.5674,19.0777,17.821900000000003,17.984199999999998,28.8027,35.1052,18.6887,19.927500000000002,18.0209,19.780099999999997,23.4222,25.3387,29.0977,18.9781,21.2776,19.959500000000002],"raw_work_samples":[258648,258648,258648,258648,258648,258648,258648,258648,258648,258648,258648,258648,258648,258648,258648,258648,258648,258648,258648,258648,258648,258648,258648,258648,258648,258648,258648,258648,258648,258648],"tree_rebalances":250},"redo":{"maximum_sequence_depth":14,"maximum_work":209488,"median_ms":15.0785,"p95_ms":28.3782,"raw_samples_ms":[14.343,30.366,14.6034,25.2361,23.424,14.083699999999999,14.2084,19.943099999999998,15.3797,16.3519,15.674299999999999,15.2859,26.2988,14.5105,14.5025,14.5632,14.5228,14.9286,15.763,15.483,14.601899999999999,14.6172,14.8142,22.798,28.3782,14.8493,15.0785,23.312800000000003,14.5762,14.3812],"raw_work_samples":[209488,209488,209488,209488,209488,209488,209488,209488,209488,209488,209488,209488,209488,209488,209488,209488,209488,209488,209488,209488,209488,209488,209488,209488,209488,209488,209488,209488,209488,209488],"tree_rebalances":248},"undo":{"maximum_sequence_depth":14,"maximum_work":182495,"median_ms":12.244100000000001,"p95_ms":19.375799999999998,"raw_samples_ms":[11.1641,14.3855,11.7112,12.244100000000001,12.4715,11.6808,11.520900000000001,11.493400000000001,11.5557,13.486400000000001,12.83,17.18,13.194799999999999,11.852,11.6883,12.376399999999999,11.6281,11.8321,11.629900000000001,16.287200000000002,11.8453,12.1788,12.0795,21.2555,14.7097,19.375799999999998,12.307500000000001,11.8881,15.5473,14.592600000000001],"raw_work_samples":[182495,182495,182495,182495,182495,182495,182495,182495,182495,182495,182495,182495,182495,182495,182495,182495,182495,182495,182495,182495,182495,182495,182495,182495,182495,182495,182495,182495,182495,182495],"tree_rebalances":2436},"ungroup":{"maximum_sequence_depth":14,"maximum_work":221611,"median_ms":17.9055,"p95_ms":28.0656,"raw_samples_ms":[16.785700000000002,20.355700000000002,17.0323,28.0656,17.6657,16.5565,16.572300000000002,24.127599999999997,26.338,27.39,17.971799999999998,28.0133,21.9448,16.797900000000002,17.384400000000003,16.6394,16.4411,26.8357,28.0684,17.4742,25.261300000000002,16.9074,25.2258,21.9115,25.4699,17.9055,17.6386,17.6698,16.874299999999998,17.169400000000003],"raw_work_samples":[221611,221611,221611,221611,221611,221611,221611,221611,221611,221611,221611,221611,221611,221611,221611,221611,221611,221611,221611,221611,221611,221611,221611,221611,221611,221611,221611,221611,221611,221611],"tree_rebalances":2442}},"pattern":"random_seed_0x5eed","selection_count":3000,"warmups":10},{"exact_sibling_order_restored":true,"measured_iterations":30,"node_count":10000,"operations":{"group":{"maximum_sequence_depth":15,"maximum_work":256333,"median_ms":15.776600000000002,"p95_ms":30.990299999999998,"raw_samples_ms":[14.8159,17.891399999999997,14.213999999999999,14.583300000000001,15.518799999999999,28.8999,16.0114,22.967299999999998,23.7908,13.7501,25.0806,30.990299999999998,13.9238,14.1369,14.002699999999999,13.7545,28.6576,14.1093,20.9748,17.9182,14.0128,14.0012,16.9086,16.6117,33.9955,15.776600000000002,14.849,13.841600000000001,14.0263,19.6866],"raw_work_samples":[256333,256333,256333,256333,256333,256333,256333,256333,256333,256333,256333,256333,256333,256333,256333,256333,256333,256333,256333,256333,256333,256333,256333,256333,256333,256333,256333,256333,256333,256333],"tree_rebalances":2956},"redo":{"maximum_sequence_depth":15,"maximum_work":207878,"median_ms":11.5469,"p95_ms":21.0581,"raw_samples_ms":[14.2136,13.6202,10.600800000000001,21.2369,12.6549,12.0748,21.0581,11.662600000000001,10.4017,10.989199999999999,11.5469,12.0567,10.8352,10.7765,10.9928,16.861500000000003,11.5131,10.8151,16.0836,13.9024,11.0527,11.097199999999999,11.0964,10.616,15.530000000000001,11.9013,11.6558,10.622,10.606300000000001,11.5082],"raw_work_samples":[207878,207878,207878,207878,207878,207878,207878,207878,207878,207878,207878,207878,207878,207878,207878,207878,207878,207878,207878,207878,207878,207878,207878,207878,207878,207878,207878,207878,207878,207878],"tree_rebalances":2956},"undo":{"maximum_sequence_depth":15,"maximum_work":209797,"median_ms":9.5275,"p95_ms":17.702699999999997,"raw_samples_ms":[9.5639,14.9275,9.5154,9.3943,10.3382,10.4733,14.3032,20.8566,9.257299999999999,9.5275,10.623000000000001,16.112399999999997,9.3682,8.7018,8.9312,9.1105,9.5174,9.0083,17.702699999999997,17.5841,9.4191,9.2745,9.196299999999999,9.3716,14.554400000000001,10.2645,9.965399999999999,9.2426,9.5051,9.572199999999999],"raw_work_samples":[209797,209797,209797,209797,209797,209797,209797,209797,209797,209797,209797,209797,209797,209797,209797,209797,209797,209797,209797,209797,209797,209797,209797,209797,209797,209797,209797,209797,209797,209797],"tree_rebalances":5948},"ungroup":{"maximum_sequence_depth":15,"maximum_work":224894,"median_ms":13.1613,"p95_ms":29.724500000000003,"raw_samples_ms":[13.1613,12.6294,12.8462,29.1803,29.724500000000003,13.323400000000001,16.505100000000002,14.2307,12.850800000000001,12.6891,29.456300000000002,12.9166,12.8925,12.860800000000001,13.0417,32.3904,12.762,13.854999999999999,13.0667,12.8526,12.8733,13.7845,29.6575,26.19,28.355700000000002,14.1782,13.1126,12.9392,12.4128,14.939499999999999],"raw_work_samples":[224894,224894,224894,224894,224894,224894,224894,224894,224894,224894,224894,224894,224894,224894,224894,224894,224894,224894,224894,224894,224894,224894,224894,224894,224894,224894,224894,224894,224894,224894],"tree_rebalances":5948}},"pattern":"multiple_runs","selection_count":3000,"warmups":10},{"exact_sibling_order_restored":true,"measured_iterations":30,"node_count":10000,"operations":{"group":{"maximum_sequence_depth":14,"maximum_work":778668,"median_ms":52.9884,"p95_ms":74.71650000000001,"raw_samples_ms":[61.5625,49.998599999999996,48.5218,49.482400000000005,50.0694,61.233999999999995,57.3652,59.216699999999996,54.9221,49.0183,70.9648,49.4442,57.545899999999996,76.3987,52.1377,71.45609999999999,51.462399999999995,58.0531,49.474900000000005,49.466499999999996,73.96709999999999,50.467999999999996,52.9884,54.294000000000004,68.0767,50.6919,49.4423,49.6157,49.770300000000006,74.71650000000001],"raw_work_samples":[778668,778668,778668,778668,778668,778668,778668,778668,778668,778668,778668,778668,778668,778668,778668,778668,778668,778668,778668,778668,778668,778668,778668,778668,778668,778668,778668,778668,778668,778668],"tree_rebalances":9976},"redo":{"maximum_sequence_depth":14,"maximum_work":625038,"median_ms":44.4807,"p95_ms":68.7866,"raw_samples_ms":[55.2634,55.9665,48.6341,38.1833,38.4283,58.3575,68.7866,46.462,48.2497,38.3855,38.2061,55.4947,38.4023,48.296899999999994,38.669599999999996,43.1543,63.930200000000006,62.3957,49.4134,38.2363,42.4775,39.6798,37.855199999999996,38.2513,69.2654,38.948,38.2682,44.4807,42.7975,48.703900000000004],"raw_work_samples":[625038,625038,625038,625038,625038,625038,625038,625038,625038,625038,625038,625038,625038,625038,625038,625038,625038,625038,625038,625038,625038,625038,625038,625038,625038,625038,625038,625038,625038,625038],"tree_rebalances":9976},"undo":{"maximum_sequence_depth":14,"maximum_work":614357,"median_ms":34.9026,"p95_ms":55.0841,"raw_samples_ms":[30.9936,49.3173,30.6812,30.4653,30.5004,37.521499999999996,56.544700000000006,30.897100000000002,34.7046,30.7135,32.6105,39.4088,40.9548,30.892200000000003,34.9026,47.578500000000005,55.0841,47.0408,30.511,30.6892,48.361000000000004,30.9445,30.8289,34.427,35.2246,35.825,31.840500000000002,43.191300000000005,44.7864,37.6737],"raw_work_samples":[614357,614357,614357,614357,614357,614357,614357,614357,614357,614357,614357,614357,614357,614357,614357,614357,614357,614357,614357,614357,614357,614357,614357,614357,614357,614357,614357,614357,614357,614357],"tree_rebalances":19972},"ungroup":{"maximum_sequence_depth":14,"maximum_work":664359,"median_ms":47.1558,"p95_ms":78.7699,"raw_samples_ms":[52.716499999999996,47.0323,44.3086,43.5093,79.2605,47.1558,47.0544,43.4766,45.6492,74.6208,54.3144,44.5435,78.7699,51.5579,55.642900000000004,64.3728,62.0075,45.309200000000004,44.4106,62.54659999999999,43.9253,57.6269,43.8647,54.508,49.3301,44.2616,43.951499999999996,43.9503,53.5777,43.731899999999996],"raw_work_samples":[664359,664359,664359,664359,664359,664359,664359,664359,664359,664359,664359,664359,664359,664359,664359,664359,664359,664359,664359,664359,664359,664359,664359,664359,664359,664359,664359,664359,664359,664359],"tree_rebalances":19972}},"pattern":"contiguous_front","selection_count":10000,"warmups":10},{"exact_sibling_order_restored":true,"measured_iterations":30,"node_count":10000,"operations":{"group":{"maximum_sequence_depth":14,"maximum_work":778668,"median_ms":57.3638,"p95_ms":90.0532,"raw_samples_ms":[57.6498,55.017900000000004,51.5903,84.4942,55.0711,49.8795,60.3645,48.6687,73.69059999999999,49.1629,63.12239999999999,49.5857,59.6662,50.6622,77.3864,52.6948,66.0085,61.6286,56.193,49.6292,51.2407,51.987899999999996,56.012899999999995,59.333,57.3638,49.4254,57.683699999999995,66.3383,97.253,90.0532],"raw_work_samples":[778668,778668,778668,778668,778668,778668,778668,778668,778668,778668,778668,778668,778668,778668,778668,778668,778668,778668,778668,778668,778668,778668,778668,778668,778668,778668,778668,778668,778668,778668],"tree_rebalances":9976},"redo":{"maximum_sequence_depth":14,"maximum_work":625038,"median_ms":42.052800000000005,"p95_ms":62.0832,"raw_samples_ms":[38.7016,38.5626,38.6345,48.3859,72.0819,46.553200000000004,38.4397,42.052800000000005,53.785399999999996,47.2732,43.8495,38.406000000000006,38.4638,38.673399999999994,59.416,58.5967,37.841100000000004,56.2361,40.3435,47.0868,42.7383,38.4186,62.0832,38.5322,40.3411,37.946,48.464800000000004,39.6903,60.8166,40.351],"raw_work_samples":[625038,625038,625038,625038,625038,625038,625038,625038,625038,625038,625038,625038,625038,625038,625038,625038,625038,625038,625038,625038,625038,625038,625038,625038,625038,625038,625038,625038,625038,625038],"tree_rebalances":9976},"undo":{"maximum_sequence_depth":14,"maximum_work":614357,"median_ms":31.1379,"p95_ms":49.7484,"raw_samples_ms":[39.0576,31.052400000000002,30.3036,33.482,44.6641,30.3472,30.3248,39.7661,30.8047,31.173,33.18320000000001,30.4734,39.1887,30.5174,30.8369,30.435299999999998,30.8355,30.6337,30.5833,30.4785,39.3292,30.4812,35.719899999999996,36.213,49.7484,30.4736,58.6216,31.1379,34.4164,45.364799999999995],"raw_work_samples":[614357,614357,614357,614357,614357,614357,614357,614357,614357,614357,614357,614357,614357,614357,614357,614357,614357,614357,614357,614357,614357,614357,614357,614357,614357,614357,614357,614357,614357,614357],"tree_rebalances":19972},"ungroup":{"maximum_sequence_depth":14,"maximum_work":664359,"median_ms":47.5573,"p95_ms":70.8299,"raw_samples_ms":[55.167899999999996,43.6776,43.6275,70.8299,62.0986,43.48,43.8973,64.93010000000001,51.1051,44.0336,43.9889,80.5459,62.3605,43.776700000000005,50.2361,46.329,44.2824,46.1124,47.2804,55.6763,44.5304,55.2048,45.419399999999996,57.9037,43.7938,48.8178,49.6072,46.6516,47.5573,50.7093],"raw_work_samples":[664359,664359,664359,664359,664359,664359,664359,664359,664359,664359,664359,664359,664359,664359,664359,664359,664359,664359,664359,664359,664359,664359,664359,664359,664359,664359,664359,664359,664359,664359],"tree_rebalances":19972}},"pattern":"contiguous_middle","selection_count":10000,"warmups":10},{"exact_sibling_order_restored":true,"measured_iterations":30,"node_count":10000,"operations":{"group":{"maximum_sequence_depth":14,"maximum_work":778668,"median_ms":57.6019,"p95_ms":79.7798,"raw_samples_ms":[47.4268,48.137699999999995,55.0284,52.725899999999996,56.9566,49.289100000000005,76.6267,60.9712,55.4665,66.48129999999999,71.4948,58.8399,50.0671,53.624900000000004,61.3049,57.6019,74.7072,60.383,98.9279,55.174,58.7494,61.143299999999996,79.7798,52.7746,67.0204,50.191,48.899499999999996,48.8089,58.3245,52.7904],"raw_work_samples":[778668,778668,778668,778668,778668,778668,778668,778668,778668,778668,778668,778668,778668,778668,778668,778668,778668,778668,778668,778668,778668,778668,778668,778668,778668,778668,778668,778668,778668,778668],"tree_rebalances":9976},"redo":{"maximum_sequence_depth":14,"maximum_work":625038,"median_ms":39.798,"p95_ms":66.15350000000001,"raw_samples_ms":[36.9672,38.1228,57.3491,38.8434,47.7953,38.7274,39.0328,40.8773,48.222,59.8731,39.798,38.2034,38.4262,40.1422,51.0369,66.15350000000001,38.620799999999996,38.204,69.4251,47.6684,41.8081,38.4693,44.9475,38.3002,38.6213,38.2984,38.2168,37.4557,53.898599999999995,50.3017],"raw_work_samples":[625038,625038,625038,625038,625038,625038,625038,625038,625038,625038,625038,625038,625038,625038,625038,625038,625038,625038,625038,625038,625038,625038,625038,625038,625038,625038,625038,625038,625038,625038],"tree_rebalances":9976},"undo":{"maximum_sequence_depth":14,"maximum_work":614357,"median_ms":30.7301,"p95_ms":58.8018,"raw_samples_ms":[29.2198,30.2582,58.8018,29.9789,30.701800000000002,30.3797,43.9137,43.7822,30.336,36.3293,35.7014,30.5712,30.222700000000003,64.74480000000001,29.346,31.5866,34.1554,30.7301,43.71619999999999,43.240500000000004,44.889900000000004,30.4879,44.7793,30.0243,30.2915,30.5985,30.840300000000003,30.2484,40.99209999999999,30.6932],"raw_work_samples":[614357,614357,614357,614357,614357,614357,614357,614357,614357,614357,614357,614357,614357,614357,614357,614357,614357,614357,614357,614357,614357,614357,614357,614357,614357,614357,614357,614357,614357,614357],"tree_rebalances":19972},"ungroup":{"maximum_sequence_depth":14,"maximum_work":664359,"median_ms":46.3711,"p95_ms":73.2735,"raw_samples_ms":[42.302600000000005,43.335899999999995,45.4364,63.8156,43.5491,70.60249999999999,43.968,46.621900000000004,58.4236,47.3557,66.1845,43.5473,43.646699999999996,43.2055,88.1477,50.8452,63.3239,44.0833,50.4652,43.5086,73.2735,43.6904,44.5845,46.3711,64.8879,43.1355,46.268299999999996,43.694900000000004,59.7091,59.6038],"raw_work_samples":[664359,664359,664359,664359,664359,664359,664359,664359,664359,664359,664359,664359,664359,664359,664359,664359,664359,664359,664359,664359,664359,664359,664359,664359,664359,664359,664359,664359,664359,664359],"tree_rebalances":19972}},"pattern":"uniform","selection_count":10000,"warmups":10},{"exact_sibling_order_restored":true,"measured_iterations":30,"node_count":10000,"operations":{"group":{"maximum_sequence_depth":14,"maximum_work":778668,"median_ms":58.9028,"p95_ms":96.28190000000001,"raw_samples_ms":[51.1762,50.0684,49.6162,60.8401,49.2144,49.1811,52.9617,64.79079999999999,49.005,49.630300000000005,59.7304,49.560100000000006,49.3911,94.2042,67.4624,49.5918,63.0328,49.8487,71.2697,59.1331,96.28190000000001,49.0097,104.5286,85.3868,58.9028,58.4307,60.1811,61.2735,65.4561,49.7704],"raw_work_samples":[778668,778668,778668,778668,778668,778668,778668,778668,778668,778668,778668,778668,778668,778668,778668,778668,778668,778668,778668,778668,778668,778668,778668,778668,778668,778668,778668,778668,778668,778668],"tree_rebalances":9976},"redo":{"maximum_sequence_depth":14,"maximum_work":625038,"median_ms":40.075,"p95_ms":67.547,"raw_samples_ms":[41.2564,46.3064,46.738099999999996,40.6903,38.519600000000004,37.8498,38.6524,52.876,38.1357,38.104,38.3292,38.4387,62.7981,38.9387,38.232299999999995,60.4648,38.2646,67.547,58.4362,38.1974,49.459900000000005,71.9167,40.075,39.552499999999995,53.4597,38.120000000000005,44.1017,38.381899999999995,43.0364,38.1945],"raw_work_samples":[625038,625038,625038,625038,625038,625038,625038,625038,625038,625038,625038,625038,625038,625038,625038,625038,625038,625038,625038,625038,625038,625038,625038,625038,625038,625038,625038,625038,625038,625038],"tree_rebalances":9976},"undo":{"maximum_sequence_depth":14,"maximum_work":614357,"median_ms":31.355,"p95_ms":59.5177,"raw_samples_ms":[32.806799999999996,30.169999999999998,30.5605,35.4007,31.1608,30.1196,30.6307,38.91,30.1429,30.685,39.309799999999996,30.415000000000003,30.584699999999998,33.182900000000004,31.355,30.0863,30.6464,30.589399999999998,59.6664,32.7184,59.5177,41.4111,44.7738,45.2081,39.184799999999996,36.6276,41.634299999999996,30.4654,31.0456,30.2966],"raw_work_samples":[614357,614357,614357,614357,614357,614357,614357,614357,614357,614357,614357,614357,614357,614357,614357,614357,614357,614357,614357,614357,614357,614357,614357,614357,614357,614357,614357,614357,614357,614357],"tree_rebalances":19972},"ungroup":{"maximum_sequence_depth":14,"maximum_work":664359,"median_ms":48.3276,"p95_ms":82.5274,"raw_samples_ms":[55.2987,51.9344,57.3194,43.656,44.1037,53.988800000000005,44.179,44.037,43.8866,54.0621,44.125699999999995,44.940099999999994,75.8198,77.5677,56.860099999999996,71.2144,43.7883,86.5532,48.3276,44.5268,45.0511,51.8052,44.0081,45.601299999999995,44.3078,53.3666,82.5274,45.1618,44.592600000000004,55.729099999999995],"raw_work_samples":[664359,664359,664359,664359,664359,664359,664359,664359,664359,664359,664359,664359,664359,664359,664359,664359,664359,664359,664359,664359,664359,664359,664359,664359,664359,664359,664359,664359,664359,664359],"tree_rebalances":19972}},"pattern":"random_seed_0x5eed","selection_count":10000,"warmups":10},{"exact_sibling_order_restored":true,"measured_iterations":30,"node_count":10000,"operations":{"group":{"maximum_sequence_depth":14,"maximum_work":778668,"median_ms":50.0617,"p95_ms":78.25070000000001,"raw_samples_ms":[50.0617,51.2791,49.016200000000005,49.897400000000005,49.8114,50.285700000000006,49.8371,49.4103,49.008500000000005,49.5651,60.623799999999996,49.4988,58.1234,51.293600000000005,68.557,47.8745,47.9317,47.4774,51.9726,50.2905,46.6828,47.163700000000006,47.6806,61.294599999999996,47.889,64.8253,78.25070000000001,72.797,65.9104,90.7405],"raw_work_samples":[778668,778668,778668,778668,778668,778668,778668,778668,778668,778668,778668,778668,778668,778668,778668,778668,778668,778668,778668,778668,778668,778668,778668,778668,778668,778668,778668,778668,778668,778668],"tree_rebalances":9976},"redo":{"maximum_sequence_depth":14,"maximum_work":625038,"median_ms":39.2278,"p95_ms":55.2824,"raw_samples_ms":[53.526700000000005,45.4993,39.4216,39.124199999999995,49.115899999999996,38.4972,38.7896,38.819399999999995,38.1517,43.2847,59.1826,38.5215,38.589800000000004,38.8773,52.743199999999995,36.9493,36.9875,36.179700000000004,44.2519,36.4611,37.4903,55.2824,38.689,49.6113,47.76240000000001,45.769400000000005,45.1642,38.7447,40.2162,39.2278],"raw_work_samples":[625038,625038,625038,625038,625038,625038,625038,625038,625038,625038,625038,625038,625038,625038,625038,625038,625038,625038,625038,625038,625038,625038,625038,625038,625038,625038,625038,625038,625038,625038],"tree_rebalances":9976},"undo":{"maximum_sequence_depth":14,"maximum_work":614357,"median_ms":30.5731,"p95_ms":51.9752,"raw_samples_ms":[51.9752,36.627399999999994,30.1538,31.3366,30.389400000000002,30.317899999999998,30.3262,30.2088,30.5731,30.5026,40.6256,31.134800000000002,31.0443,32.643499999999996,50.6787,29.6701,29.235,29.0244,28.7723,29.3608,28.683699999999998,28.2438,39.133,29.3185,29.694200000000002,48.690999999999995,32.660399999999996,32.5537,57.3228,34.6571],"raw_work_samples":[614357,614357,614357,614357,614357,614357,614357,614357,614357,614357,614357,614357,614357,614357,614357,614357,614357,614357,614357,614357,614357,614357,614357,614357,614357,614357,614357,614357,614357,614357],"tree_rebalances":19972},"ungroup":{"maximum_sequence_depth":14,"maximum_work":664359,"median_ms":44.8524,"p95_ms":68.315,"raw_samples_ms":[68.315,44.3997,44.7561,43.805299999999995,61.8576,43.6344,43.993900000000004,43.997,44.0912,57.949,44.8524,51.7152,47.5649,44.9798,49.8194,43.929500000000004,42.2859,43.317,43.2875,42.5329,42.780499999999996,53.138999999999996,65.3568,41.3356,55.006,87.4913,47.6044,56.906600000000005,60.194900000000004,44.5535],"raw_work_samples":[664359,664359,664359,664359,664359,664359,664359,664359,664359,664359,664359,664359,664359,664359,664359,664359,664359,664359,664359,664359,664359,664359,664359,664359,664359,664359,664359,664359,664359,664359],"tree_rebalances":19972}},"pattern":"multiple_runs","selection_count":10000,"warmups":10},{"exact_sibling_order_restored":true,"measured_iterations":30,"node_count":100000,"operations":{"group":{"maximum_sequence_depth":17,"maximum_work":352,"median_ms":0.0168,"p95_ms":0.0323,"raw_samples_ms":[0.0168,0.0189,0.0168,0.016399999999999998,0.0166,0.017,0.0348,0.0171,0.0165,0.0168,0.0168,0.0167,0.018199999999999997,0.016900000000000002,0.0166,0.017,0.0165,0.0188,0.0165,0.016399999999999998,0.016399999999999998,0.0165,0.0323,0.0214,0.0168,0.0165,0.0167,0.0162,0.0165,0.0165],"raw_work_samples":[352,352,352,352,352,352,352,352,352,352,352,352,352,352,352,352,352,352,352,352,352,352,352,352,352,352,352,352,352,352],"tree_rebalances":2},"redo":{"maximum_sequence_depth":17,"maximum_work":294,"median_ms":0.0123,"p95_ms":0.0129,"raw_samples_ms":[0.0122,0.0124,0.0121,0.0121,0.0123,0.0126,0.0124,0.0126,0.0129,0.0121,0.0122,0.012,0.0123,0.0123,0.0122,0.0123,0.0125,0.0123,0.0124,0.0156,0.0124,0.0122,0.0125,0.0123,0.0123,0.0121,0.0122,0.0121,0.0124,0.0123],"raw_work_samples":[294,294,294,294,294,294,294,294,294,294,294,294,294,294,294,294,294,294,294,294,294,294,294,294,294,294,294,294,294,294],"tree_rebalances":2},"undo":{"maximum_sequence_depth":17,"maximum_work":301,"median_ms":0.0111,"p95_ms":0.0126,"raw_samples_ms":[0.0112,0.0115,0.0111,0.0111,0.0109,0.0168,0.0122,0.011300000000000001,0.0126,0.011399999999999999,0.0111,0.0109,0.0112,0.011,0.0111,0.0109,0.0112,0.0117,0.011,0.011,0.0109,0.0109,0.011899999999999999,0.0115,0.0111,0.011,0.011,0.0109,0.0111,0.0109],"raw_work_samples":[301,301,301,301,301,301,301,301,301,301,301,301,301,301,301,301,301,301,301,301,301,301,301,301,301,301,301,301,301,301],"tree_rebalances":8},"ungroup":{"maximum_sequence_depth":17,"maximum_work":366,"median_ms":0.0176,"p95_ms":0.0208,"raw_samples_ms":[0.0177,0.0176,0.0173,0.0176,0.0174,0.0317,0.0185,0.0176,0.017900000000000003,0.0176,0.0174,0.017499999999999998,0.017499999999999998,0.0176,0.0176,0.0177,0.0177,0.017900000000000003,0.0177,0.0176,0.0173,0.0174,0.018000000000000002,0.017900000000000003,0.0176,0.0176,0.017499999999999998,0.0176,0.0174,0.0208],"raw_work_samples":[366,366,366,366,366,366,366,366,366,366,366,366,366,366,366,366,366,366,366,366,366,366,366,366,366,366,366,366,366,366],"tree_rebalances":8}},"pattern":"contiguous_front","selection_count":3,"warmups":10},{"exact_sibling_order_restored":true,"measured_iterations":30,"node_count":100000,"operations":{"group":{"maximum_sequence_depth":17,"maximum_work":358,"median_ms":0.0189,"p95_ms":0.0247,"raw_samples_ms":[0.019,0.0241,0.0189,0.0191,0.0188,0.0191,0.0202,0.0187,0.018600000000000002,0.0247,0.0187,0.018600000000000002,0.0211,0.019,0.0187,0.0188,0.0187,0.0206,0.0188,0.0187,0.0187,0.018600000000000002,0.0203,0.0281,0.019,0.018600000000000002,0.0189,0.018600000000000002,0.0189,0.0191],"raw_work_samples":[358,358,358,358,358,358,358,358,358,358,358,358,358,358,358,358,358,358,358,358,358,358,358,358,358,358,358,358,358,358],"tree_rebalances":2},"redo":{"maximum_sequence_depth":17,"maximum_work":302,"median_ms":0.0138,"p95_ms":0.0141,"raw_samples_ms":[0.0138,0.014199999999999999,0.0138,0.0138,0.013600000000000001,0.0138,0.0135,0.013600000000000001,0.013699999999999999,0.013699999999999999,0.0138,0.013699999999999999,0.014,0.013600000000000001,0.0138,0.0138,0.013600000000000001,0.0138,0.013900000000000001,0.013699999999999999,0.013699999999999999,0.013699999999999999,0.013699999999999999,0.013900000000000001,0.0138,0.0138,0.0138,0.0138,0.014,0.0141],"raw_work_samples":[302,302,302,302,302,302,302,302,302,302,302,302,302,302,302,302,302,302,302,302,302,302,302,302,302,302,302,302,302,302],"tree_rebalances":2},"undo":{"maximum_sequence_depth":17,"maximum_work":289,"median_ms":0.0125,"p95_ms":0.013,"raw_samples_ms":[0.0125,0.012700000000000001,0.0124,0.0125,0.0123,0.0125,0.0125,0.0126,0.0126,0.0124,0.0124,0.0124,0.012799999999999999,0.0123,0.0124,0.0123,0.0125,0.0125,0.0125,0.0126,0.0198,0.0123,0.0125,0.013,0.0124,0.0124,0.0125,0.0124,0.0126,0.0125],"raw_work_samples":[289,289,289,289,289,289,289,289,289,289,289,289,289,289,289,289,289,289,289,289,289,289,289,289,289,289,289,289,289,289],"tree_rebalances":4},"ungroup":{"maximum_sequence_depth":17,"maximum_work":354,"median_ms":0.0194,"p95_ms":0.0212,"raw_samples_ms":[0.0194,0.0196,0.0195,0.0193,0.0192,0.0193,0.0194,0.0195,0.0195,0.0193,0.0193,0.0194,0.0194,0.0194,0.0194,0.0193,0.0193,0.0196,0.0194,0.0193,0.0193,0.0212,0.0192,0.019700000000000002,0.0192,0.0194,0.0192,0.0195,0.0195,0.0222],"raw_work_samples":[354,354,354,354,354,354,354,354,354,354,354,354,354,354,354,354,354,354,354,354,354,354,354,354,354,354,354,354,354,354],"tree_rebalances":4}},"pattern":"contiguous_middle","selection_count":3,"warmups":10},{"exact_sibling_order_restored":true,"measured_iterations":30,"node_count":100000,"operations":{"group":{"maximum_sequence_depth":17,"maximum_work":351,"median_ms":0.0219,"p95_ms":0.031099999999999996,"raw_samples_ms":[0.0214,0.030000000000000002,0.0219,0.0216,0.0214,0.022099999999999998,0.0241,0.0244,0.0275,0.022799999999999997,0.022600000000000002,0.0217,0.0241,0.0327,0.0222,0.0219,0.0212,0.0216,0.0213,0.0214,0.0213,0.0216,0.031099999999999996,0.024,0.0214,0.021500000000000002,0.0217,0.0214,0.0214,0.022099999999999998],"raw_work_samples":[351,351,351,351,351,351,351,351,351,351,351,351,351,351,351,351,351,351,351,351,351,351,351,351,351,351,351,351,351,351],"tree_rebalances":0},"redo":{"maximum_sequence_depth":17,"maximum_work":292,"median_ms":0.016,"p95_ms":0.016399999999999998,"raw_samples_ms":[0.0158,0.0162,0.0163,0.0159,0.0157,0.016,0.0156,0.0161,0.018199999999999997,0.016399999999999998,0.0158,0.0157,0.016,0.0163,0.0159,0.0159,0.0163,0.0159,0.0156,0.0162,0.0156,0.016,0.0161,0.016,0.0159,0.016,0.016,0.0162,0.0158,0.0158],"raw_work_samples":[292,292,292,292,292,292,292,292,292,292,292,292,292,292,292,292,292,292,292,292,292,292,292,292,292,292,292,292,292,292],"tree_rebalances":0},"undo":{"maximum_sequence_depth":17,"maximum_work":259,"median_ms":0.0144,"p95_ms":0.0159,"raw_samples_ms":[0.0143,0.0152,0.0145,0.0144,0.014199999999999999,0.0143,0.0145,0.015400000000000002,0.0163,0.015000000000000001,0.0144,0.0145,0.0145,0.0159,0.0145,0.0144,0.0144,0.0144,0.0146,0.0143,0.0144,0.0144,0.0147,0.0146,0.0143,0.0144,0.0143,0.0143,0.0144,0.0143],"raw_work_samples":[259,259,259,259,259,259,259,259,259,259,259,259,259,259,259,259,259,259,259,259,259,259,259,259,259,259,259,259,259,259],"tree_rebalances":0},"ungroup":{"maximum_sequence_depth":17,"maximum_work":356,"median_ms":0.0229,"p95_ms":0.031900000000000005,"raw_samples_ms":[0.0229,0.023,0.0223,0.022500000000000003,0.024300000000000002,0.022799999999999997,0.031900000000000005,0.0305,0.0233,0.0233,0.022600000000000002,0.0229,0.036699999999999997,0.0239,0.023,0.0229,0.0229,0.022600000000000002,0.022500000000000003,0.0229,0.022799999999999997,0.0264,0.0237,0.023,0.0224,0.022699999999999998,0.0224,0.022600000000000002,0.023200000000000002,0.022600000000000002],"raw_work_samples":[356,356,356,356,356,356,356,356,356,356,356,356,356,356,356,356,356,356,356,356,356,356,356,356,356,356,356,356,356,356],"tree_rebalances":0}},"pattern":"uniform","selection_count":3,"warmups":10},{"exact_sibling_order_restored":true,"measured_iterations":30,"node_count":100000,"operations":{"group":{"maximum_sequence_depth":17,"maximum_work":357,"median_ms":0.020999999999999998,"p95_ms":0.027200000000000002,"raw_samples_ms":[0.020999999999999998,0.024,0.0208,0.020999999999999998,0.0207,0.0213,0.0331,0.0237,0.027200000000000002,0.022,0.0263,0.0213,0.022099999999999998,0.0218,0.020999999999999998,0.0207,0.0205,0.0235,0.0209,0.0205,0.0205,0.0208,0.022699999999999998,0.020999999999999998,0.0214,0.0208,0.0206,0.0206,0.023,0.0206],"raw_work_samples":[357,357,357,357,357,357,357,357,357,357,357,357,357,357,357,357,357,357,357,357,357,357,357,357,357,357,357,357,357,357],"tree_rebalances":0},"redo":{"maximum_sequence_depth":17,"maximum_work":298,"median_ms":0.015000000000000001,"p95_ms":0.0172,"raw_samples_ms":[0.015099999999999999,0.015000000000000001,0.0152,0.015099999999999999,0.0147,0.0149,0.0153,0.0152,0.0172,0.0152,0.015099999999999999,0.0149,0.015000000000000001,0.0149,0.015099999999999999,0.015000000000000001,0.0149,0.0152,0.015000000000000001,0.0149,0.0149,0.0149,0.015400000000000002,0.019,0.0149,0.0148,0.015099999999999999,0.0147,0.015099999999999999,0.0149],"raw_work_samples":[298,298,298,298,298,298,298,298,298,298,298,298,298,298,298,298,298,298,298,298,298,298,298,298,298,298,298,298,298,298],"tree_rebalances":0},"undo":{"maximum_sequence_depth":17,"maximum_work":265,"median_ms":0.013699999999999999,"p95_ms":0.0145,"raw_samples_ms":[0.013699999999999999,0.014,0.0138,0.013699999999999999,0.013699999999999999,0.0138,0.0145,0.014,0.0156,0.014,0.0143,0.0135,0.013900000000000001,0.0135,0.0135,0.0135,0.0138,0.013900000000000001,0.013600000000000001,0.0134,0.0133,0.013600000000000001,0.0138,0.0134,0.013600000000000001,0.013699999999999999,0.013600000000000001,0.0134,0.013600000000000001,0.0134],"raw_work_samples":[265,265,265,265,265,265,265,265,265,265,265,265,265,265,265,265,265,265,265,265,265,265,265,265,265,265,265,265,265,265],"tree_rebalances":0},"ungroup":{"maximum_sequence_depth":17,"maximum_work":361,"median_ms":0.0217,"p95_ms":0.025,"raw_samples_ms":[0.0214,0.0223,0.0216,0.021500000000000002,0.022600000000000002,0.0214,0.024,0.0292,0.022500000000000003,0.0219,0.0219,0.0214,0.0222,0.0213,0.0213,0.0217,0.021500000000000002,0.0224,0.0214,0.0214,0.0211,0.025,0.0213,0.022500000000000003,0.0217,0.0219,0.021500000000000002,0.0213,0.0217,0.0212],"raw_work_samples":[361,361,361,361,361,361,361,361,361,361,361,361,361,361,361,361,361,361,361,361,361,361,361,361,361,361,361,361,361,361],"tree_rebalances":0}},"pattern":"random_seed_0x5eed","selection_count":3,"warmups":10},{"exact_sibling_order_restored":true,"measured_iterations":30,"node_count":100000,"operations":{"group":{"maximum_sequence_depth":17,"maximum_work":357,"median_ms":0.0212,"p95_ms":0.027299999999999998,"raw_samples_ms":[0.0207,0.0247,0.0208,0.0211,0.0208,0.0214,0.0246,0.023200000000000002,0.027299999999999998,0.0223,0.0219,0.0214,0.0222,0.0212,0.0206,0.0209,0.0207,0.024300000000000002,0.0217,0.0209,0.0212,0.0208,0.034999999999999996,0.0209,0.0209,0.0206,0.0209,0.0209,0.0231,0.0209],"raw_work_samples":[357,357,357,357,357,357,357,357,357,357,357,357,357,357,357,357,357,357,357,357,357,357,357,357,357,357,357,357,357,357],"tree_rebalances":0},"redo":{"maximum_sequence_depth":17,"maximum_work":298,"median_ms":0.0149,"p95_ms":0.0203,"raw_samples_ms":[0.015000000000000001,0.0152,0.0148,0.0149,0.0216,0.0153,0.0149,0.0149,0.0171,0.0158,0.0149,0.0149,0.0147,0.0147,0.0149,0.0148,0.015099999999999999,0.0203,0.0152,0.0149,0.0148,0.0146,0.015000000000000001,0.0149,0.0148,0.015000000000000001,0.0149,0.0149,0.015099999999999999,0.0147],"raw_work_samples":[298,298,298,298,298,298,298,298,298,298,298,298,298,298,298,298,298,298,298,298,298,298,298,298,298,298,298,298,298,298],"tree_rebalances":0},"undo":{"maximum_sequence_depth":17,"maximum_work":265,"median_ms":0.0132,"p95_ms":0.013900000000000001,"raw_samples_ms":[0.0132,0.0134,0.0131,0.0131,0.013,0.0133,0.013699999999999999,0.0138,0.015099999999999999,0.013600000000000001,0.0132,0.0135,0.0132,0.0133,0.0131,0.0132,0.0133,0.013900000000000001,0.0131,0.0131,0.0132,0.0132,0.013600000000000001,0.0131,0.0133,0.0132,0.013,0.0133,0.0132,0.0131],"raw_work_samples":[265,265,265,265,265,265,265,265,265,265,265,265,265,265,265,265,265,265,265,265,265,265,265,265,265,265,265,265,265,265],"tree_rebalances":0},"ungroup":{"maximum_sequence_depth":17,"maximum_work":362,"median_ms":0.0216,"p95_ms":0.0288,"raw_samples_ms":[0.0218,0.021500000000000002,0.0216,0.020999999999999998,0.023799999999999998,0.021500000000000002,0.025,0.0288,0.022600000000000002,0.0293,0.0216,0.0214,0.0214,0.0214,0.0209,0.0216,0.0223,0.0233,0.0216,0.0216,0.0213,0.0246,0.021500000000000002,0.0216,0.0218,0.0216,0.0213,0.0214,0.0213,0.0214],"raw_work_samples":[362,362,362,362,362,362,362,362,362,362,362,362,362,362,362,362,362,362,362,362,362,362,362,362,362,362,362,362,362,362],"tree_rebalances":0}},"pattern":"multiple_runs","selection_count":3,"warmups":10},{"exact_sibling_order_restored":true,"measured_iterations":30,"node_count":100000,"operations":{"group":{"maximum_sequence_depth":18,"maximum_work":2880,"median_ms":0.316,"p95_ms":0.3549,"raw_samples_ms":[0.12380000000000001,0.1199,0.124,0.1211,0.12210000000000001,0.3598,0.3549,0.3157,0.3234,0.3174,0.31139999999999995,0.3124,0.3221,0.3253,0.3284,0.3133,0.3101,0.3154,0.3487,0.3174,0.3244,0.3202,0.31760000000000005,0.3175,0.3116,0.3136,0.316,0.314,0.3316,0.2112],"raw_work_samples":[2880,2880,2880,2880,2880,2880,2880,2880,2880,2880,2880,2880,2880,2880,2880,2880,2880,2880,2880,2880,2880,2880,2880,2880,2880,2880,2880,2880,2880,2880],"tree_rebalances":28},"redo":{"maximum_sequence_depth":18,"maximum_work":2304,"median_ms":0.2349,"p95_ms":0.337,"raw_samples_ms":[0.09040000000000001,0.08990000000000001,0.09000000000000001,0.0909,0.4361,0.2512,0.2358,0.236,0.2452,0.245,0.23570000000000002,0.23379999999999998,0.23550000000000001,0.2412,0.2349,0.2336,0.23450000000000001,0.337,0.23570000000000002,0.24620000000000003,0.23800000000000002,0.2541,0.2336,0.23470000000000002,0.2339,0.2343,0.23479999999999998,0.2329,0.2342,0.1154],"raw_work_samples":[2304,2304,2304,2304,2304,2304,2304,2304,2304,2304,2304,2304,2304,2304,2304,2304,2304,2304,2304,2304,2304,2304,2304,2304,2304,2304,2304,2304,2304,2304],"tree_rebalances":28},"undo":{"maximum_sequence_depth":18,"maximum_work":2488,"median_ms":0.2195,"p95_ms":0.2298,"raw_samples_ms":[0.0843,0.083,0.0852,0.0828,0.08270000000000001,0.2333,0.2273,0.21839999999999998,0.22130000000000002,0.2206,0.2268,0.2298,0.2203,0.221,0.2223,0.2172,0.21780000000000002,0.21780000000000002,0.2266,0.2183,0.2208,0.22130000000000002,0.2181,0.2203,0.2195,0.2182,0.21680000000000002,0.2172,0.2197,0.1064],"raw_work_samples":[2488,2488,2488,2488,2488,2488,2488,2488,2488,2488,2488,2488,2488,2488,2488,2488,2488,2488,2488,2488,2488,2488,2488,2488,2488,2488,2488,2488,2488,2488],"tree_rebalances":62},"ungroup":{"maximum_sequence_depth":18,"maximum_work":2685,"median_ms":0.3317,"p95_ms":0.4154,"raw_samples_ms":[0.1242,0.1239,0.12459999999999999,0.1275,0.3907,0.35,0.3487,0.3362,0.3337,0.3257,0.3265,0.32899999999999996,0.3317,0.32430000000000003,0.3338,0.3344,0.3365,0.5797000000000001,0.33149999999999996,0.34600000000000003,0.33799999999999997,0.3332,0.3272,0.3266,0.32489999999999997,0.3286,0.3342,0.32880000000000004,0.4154,0.1558],"raw_work_samples":[2685,2685,2685,2685,2685,2685,2685,2685,2685,2685,2685,2685,2685,2685,2685,2685,2685,2685,2685,2685,2685,2685,2685,2685,2685,2685,2685,2685,2685,2685],"tree_rebalances":62}},"pattern":"contiguous_front","selection_count":30,"warmups":10},{"exact_sibling_order_restored":true,"measured_iterations":30,"node_count":100000,"operations":{"group":{"maximum_sequence_depth":18,"maximum_work":2964,"median_ms":0.1453,"p95_ms":0.1536,"raw_samples_ms":[0.153,0.1436,0.1493,0.1449,0.14880000000000002,0.1536,0.1525,0.1451,0.14750000000000002,0.1452,0.1467,0.1452,0.14750000000000002,0.1452,0.1447,0.145,0.14559999999999998,0.1462,0.1437,0.1452,0.1441,0.1444,0.1636,0.1445,0.1453,0.1466,0.1453,0.1467,0.1453,0.146],"raw_work_samples":[2964,2964,2964,2964,2964,2964,2964,2964,2964,2964,2964,2964,2964,2964,2964,2964,2964,2964,2964,2964,2964,2964,2964,2964,2964,2964,2964,2964,2964,2964],"tree_rebalances":24},"redo":{"maximum_sequence_depth":18,"maximum_work":2374,"median_ms":0.1087,"p95_ms":0.125,"raw_samples_ms":[0.1076,0.1073,0.1072,0.10919999999999999,0.10840000000000001,0.14889999999999998,0.11,0.1085,0.1087,0.1104,0.10880000000000001,0.1093,0.10880000000000001,0.10830000000000001,0.10840000000000001,0.108,0.1095,0.1086,0.125,0.1087,0.1077,0.1072,0.1074,0.10900000000000001,0.1187,0.1082,0.1105,0.10890000000000001,0.1142,0.1087],"raw_work_samples":[2374,2374,2374,2374,2374,2374,2374,2374,2374,2374,2374,2374,2374,2374,2374,2374,2374,2374,2374,2374,2374,2374,2374,2374,2374,2374,2374,2374,2374,2374],"tree_rebalances":24},"undo":{"maximum_sequence_depth":18,"maximum_work":2473,"median_ms":0.10060000000000001,"p95_ms":0.1059,"raw_samples_ms":[0.0991,0.0995,0.0988,0.0994,0.0998,0.1634,0.1027,0.101,0.101,0.1013,0.1015,0.1025,0.10110000000000001,0.1008,0.1007,0.1005,0.1009,0.1013,0.1003,0.0999,0.0993,0.0995,0.1,0.1002,0.1008,0.1002,0.1059,0.10060000000000001,0.1005,0.1],"raw_work_samples":[2473,2473,2473,2473,2473,2473,2473,2473,2473,2473,2473,2473,2473,2473,2473,2473,2473,2473,2473,2473,2473,2473,2473,2473,2473,2473,2473,2473,2473,2473],"tree_rebalances":52},"ungroup":{"maximum_sequence_depth":18,"maximum_work":2667,"median_ms":0.1486,"p95_ms":0.156,"raw_samples_ms":[0.1461,0.1441,0.1486,0.156,0.1454,0.1582,0.15259999999999999,0.1486,0.1486,0.1506,0.1517,0.15339999999999998,0.148,0.1483,0.1494,0.1474,0.14750000000000002,0.1495,0.15080000000000002,0.1476,0.1494,0.1486,0.1464,0.1464,0.1476,0.1496,0.1531,0.14770000000000003,0.148,0.1482],"raw_work_samples":[2667,2667,2667,2667,2667,2667,2667,2667,2667,2667,2667,2667,2667,2667,2667,2667,2667,2667,2667,2667,2667,2667,2667,2667,2667,2667,2667,2667,2667,2667],"tree_rebalances":52}},"pattern":"contiguous_middle","selection_count":30,"warmups":10},{"exact_sibling_order_restored":true,"measured_iterations":30,"node_count":100000,"operations":{"group":{"maximum_sequence_depth":18,"maximum_work":2946,"median_ms":0.28959999999999997,"p95_ms":0.6483,"raw_samples_ms":[1.0797,0.6438,0.5932999999999999,0.5913999999999999,0.6483,0.6051,0.6263,0.6332,0.305,0.2921,0.2908,0.2895,0.28959999999999997,0.2919,0.2901,0.2828,0.2814,0.2842,0.2797,0.28219999999999995,0.28190000000000004,0.2696,0.332,0.27530000000000004,0.2764,0.2773,0.27769999999999995,0.28009999999999996,0.2775,0.2742],"raw_work_samples":[2946,2946,2946,2946,2946,2946,2946,2946,2946,2946,2946,2946,2946,2946,2946,2946,2946,2946,2946,2946,2946,2946,2946,2946,2946,2946,2946,2946,2946,2946],"tree_rebalances":0},"redo":{"maximum_sequence_depth":18,"maximum_work":2346,"median_ms":0.23,"p95_ms":0.494,"raw_samples_ms":[0.494,0.4685,0.4581,0.4573,0.46,0.4729,0.4785,0.7676000000000001,0.2361,0.2328,0.23120000000000002,0.23,0.2319,0.2299,0.23,0.2271,0.2271,0.2267,0.2268,0.2265,0.2229,0.2171,0.2397,0.2275,0.2242,0.22340000000000002,0.2219,0.2221,0.22249999999999998,0.2327],"raw_work_samples":[2346,2346,2346,2346,2346,2346,2346,2346,2346,2346,2346,2346,2346,2346,2346,2346,2346,2346,2346,2346,2346,2346,2346,2346,2346,2346,2346,2346,2346,2346],"tree_rebalances":0},"undo":{"maximum_sequence_depth":18,"maximum_work":2153,"median_ms":0.21939999999999998,"p95_ms":0.4749,"raw_samples_ms":[0.4671,0.4749,0.44939999999999997,0.4425,0.43320000000000003,0.4379,0.44220000000000004,0.7021,0.22269999999999998,0.22010000000000002,0.21939999999999998,0.21839999999999998,0.2263,0.2188,0.21839999999999998,0.2197,0.21660000000000001,0.2161,0.21489999999999998,0.2163,0.2308,0.2095,0.3214,0.2138,0.2122,0.213,0.2121,0.2109,0.21139999999999998,0.2106],"raw_work_samples":[2153,2153,2153,2153,2153,2153,2153,2153,2153,2153,2153,2153,2153,2153,2153,2153,2153,2153,2153,2153,2153,2153,2153,2153,2153,2153,2153,2153,2153,2153],"tree_rebalances":0},"ungroup":{"maximum_sequence_depth":18,"maximum_work":2776,"median_ms":0.2987,"p95_ms":0.6419,"raw_samples_ms":[0.6811,0.6419,0.6254000000000001,0.6377,0.6225,0.6328,0.6162,0.6357,0.30229999999999996,0.3234,0.30019999999999997,0.2987,0.31129999999999997,0.2994,0.3705,0.2918,0.2927,0.2915,0.2934,0.29119999999999996,0.28219999999999995,0.2797,0.2887,0.2925,0.2877,0.2882,0.2894,0.28909999999999997,0.2899,0.2887],"raw_work_samples":[2776,2776,2776,2776,2776,2776,2776,2776,2776,2776,2776,2776,2776,2776,2776,2776,2776,2776,2776,2776,2776,2776,2776,2776,2776,2776,2776,2776,2776,2776],"tree_rebalances":0}},"pattern":"uniform","selection_count":30,"warmups":10},{"exact_sibling_order_restored":true,"measured_iterations":30,"node_count":100000,"operations":{"group":{"maximum_sequence_depth":18,"maximum_work":2952,"median_ms":0.2414,"p95_ms":0.3314,"raw_samples_ms":[0.3314,0.2399,0.23800000000000002,0.23809999999999998,0.2394,0.2384,0.2422,0.2407,0.23900000000000002,0.2376,0.2415,0.241,0.2377,0.23900000000000002,0.3984,0.2505,0.2405,0.24330000000000002,0.2437,0.2809,0.24159999999999998,0.2419,0.2746,0.24259999999999998,0.2395,0.24159999999999998,0.24350000000000002,0.2395,0.23929999999999998,0.2414],"raw_work_samples":[2952,2952,2952,2952,2952,2952,2952,2952,2952,2952,2952,2952,2952,2952,2952,2952,2952,2952,2952,2952,2952,2952,2952,2952,2952,2952,2952,2952,2952,2952],"tree_rebalances":0},"redo":{"maximum_sequence_depth":18,"maximum_work":2352,"median_ms":0.1897,"p95_ms":0.19349999999999998,"raw_samples_ms":[0.19799999999999998,0.18760000000000002,0.18789999999999998,0.18789999999999998,0.1888,0.1889,0.1898,0.19039999999999999,0.1897,0.1885,0.1887,0.1905,0.19019999999999998,0.1888,0.19349999999999998,0.1913,0.1895,0.1897,0.1887,0.1895,0.1908,0.19010000000000002,0.1897,0.19,0.1898,0.188,0.189,0.188,0.1899,0.1893],"raw_work_samples":[2352,2352,2352,2352,2352,2352,2352,2352,2352,2352,2352,2352,2352,2352,2352,2352,2352,2352,2352,2352,2352,2352,2352,2352,2352,2352,2352,2352,2352,2352],"tree_rebalances":0},"undo":{"maximum_sequence_depth":18,"maximum_work":2159,"median_ms":0.1821,"p95_ms":0.2002,"raw_samples_ms":[0.1821,0.1792,0.1804,0.18009999999999998,0.2002,0.18139999999999998,0.1821,0.1809,0.1809,0.1806,0.1825,0.1813,0.1809,0.182,0.20359999999999998,0.1835,0.1838,0.1832,0.18359999999999999,0.18239999999999998,0.1829,0.1827,0.1846,0.18100000000000002,0.18159999999999998,0.1821,0.18259999999999998,0.1815,0.182,0.1815],"raw_work_samples":[2159,2159,2159,2159,2159,2159,2159,2159,2159,2159,2159,2159,2159,2159,2159,2159,2159,2159,2159,2159,2159,2159,2159,2159,2159,2159,2159,2159,2159,2159],"tree_rebalances":0},"ungroup":{"maximum_sequence_depth":18,"maximum_work":2773,"median_ms":0.2491,"p95_ms":0.2904,"raw_samples_ms":[0.24630000000000002,0.24850000000000003,0.2474,0.2501,0.24259999999999998,0.2473,0.2511,0.247,0.2491,0.2511,0.2498,0.24830000000000002,0.25,0.2904,0.2919,0.2516,0.252,0.254,0.24879999999999997,0.2498,0.2511,0.24939999999999998,0.2475,0.24879999999999997,0.2475,0.2478,0.2474,0.24869999999999998,0.24879999999999997,0.2525],"raw_work_samples":[2773,2773,2773,2773,2773,2773,2773,2773,2773,2773,2773,2773,2773,2773,2773,2773,2773,2773,2773,2773,2773,2773,2773,2773,2773,2773,2773,2773,2773,2773],"tree_rebalances":0}},"pattern":"random_seed_0x5eed","selection_count":30,"warmups":10},{"exact_sibling_order_restored":true,"measured_iterations":30,"node_count":100000,"operations":{"group":{"maximum_sequence_depth":17,"maximum_work":2943,"median_ms":0.19790000000000002,"p95_ms":0.4967,"raw_samples_ms":[0.1918,0.1957,0.1915,0.1888,0.196,0.19249999999999998,0.1966,0.19790000000000002,0.20350000000000001,0.19110000000000002,0.1929,0.2042,0.1939,0.1924,0.2068,0.19349999999999998,0.191,0.1975,0.19110000000000002,0.4491,0.4967,0.4367,0.5196000000000001,0.4362,0.4457,0.4412,0.43810000000000004,0.23220000000000002,0.2333,0.3313],"raw_work_samples":[2943,2943,2943,2943,2943,2943,2943,2943,2943,2943,2943,2943,2943,2943,2943,2943,2943,2943,2943,2943,2943,2943,2943,2943,2943,2943,2943,2943,2943,2943],"tree_rebalances":16},"redo":{"maximum_sequence_depth":17,"maximum_work":2366,"median_ms":0.1615,"p95_ms":0.4211,"raw_samples_ms":[0.1495,0.147,0.1502,0.1467,0.14750000000000002,0.1513,0.1504,0.14909999999999998,0.1499,0.1615,0.1487,0.1482,0.1659,0.1482,0.14679999999999999,0.1634,0.1464,0.1461,0.5783,0.3443,0.3367,0.33740000000000003,0.3314,0.3325,0.3467,0.3355,0.4211,0.19090000000000001,0.1777,0.1802],"raw_work_samples":[2366,2366,2366,2366,2366,2366,2366,2366,2366,2366,2366,2366,2366,2366,2366,2366,2366,2366,2366,2366,2366,2366,2366,2366,2366,2366,2366,2366,2366,2366],"tree_rebalances":16},"undo":{"maximum_sequence_depth":17,"maximum_work":2415,"median_ms":0.1439,"p95_ms":0.3248,"raw_samples_ms":[0.1365,0.1356,0.1439,0.13349999999999998,0.1331,0.14730000000000001,0.1383,0.1358,0.1372,0.1359,0.1381,0.1373,0.1363,0.1514,0.135,0.13660000000000003,0.1342,0.1361,0.1578,0.3115,0.3373,0.3141,0.3076,0.3169,0.3248,0.3162,0.30160000000000003,0.1658,0.162,0.1693],"raw_work_samples":[2415,2415,2415,2415,2415,2415,2415,2415,2415,2415,2415,2415,2415,2415,2415,2415,2415,2415,2415,2415,2415,2415,2415,2415,2415,2415,2415,2415,2415,2415],"tree_rebalances":44},"ungroup":{"maximum_sequence_depth":17,"maximum_work":2710,"median_ms":0.2046,"p95_ms":0.4615,"raw_samples_ms":[0.2046,0.1889,0.1908,0.2103,0.1895,0.1965,0.21589999999999998,0.1924,0.1929,0.1967,0.1946,0.19249999999999998,0.1975,0.1932,0.1932,0.1929,0.1898,0.1986,0.48979999999999996,0.4417,0.4598,0.4406,0.4615,0.442,0.4438,0.4532,0.2415,0.2403,0.2334,0.2332],"raw_work_samples":[2710,2710,2710,2710,2710,2710,2710,2710,2710,2710,2710,2710,2710,2710,2710,2710,2710,2710,2710,2710,2710,2710,2710,2710,2710,2710,2710,2710,2710,2710],"tree_rebalances":44}},"pattern":"multiple_runs","selection_count":30,"warmups":10},{"exact_sibling_order_restored":true,"measured_iterations":30,"node_count":100000,"operations":{"group":{"maximum_sequence_depth":17,"maximum_work":9319,"median_ms":0.4061,"p95_ms":0.5528,"raw_samples_ms":[0.6148,0.4061,0.40700000000000003,0.4011,0.40190000000000003,0.3998,0.4139,0.40640000000000004,0.4066,0.40440000000000004,0.4067,0.4034,0.4124,0.40690000000000004,0.4022,0.4029,0.4753,0.4042,0.40759999999999996,0.40230000000000005,0.4021,0.4008,0.4115,0.5528,0.4176,0.4058,0.4048,0.4442,0.3988,0.3969],"raw_work_samples":[9319,9319,9319,9319,9319,9319,9319,9319,9319,9319,9319,9319,9319,9319,9319,9319,9319,9319,9319,9319,9319,9319,9319,9319,9319,9319,9319,9319,9319,9319],"tree_rebalances":96},"redo":{"maximum_sequence_depth":17,"maximum_work":7440,"median_ms":0.3088,"p95_ms":0.3911,"raw_samples_ms":[0.3191,0.3101,0.3121,0.3097,0.3098,0.3115,0.31020000000000003,0.30870000000000003,0.3105,0.309,0.308,0.3911,0.3268,0.307,0.30929999999999996,0.3079,0.3078,0.3069,0.3063,0.30679999999999996,0.3063,0.3067,0.3137,0.5564,0.3088,0.3081,0.3067,0.30679999999999996,0.3072,0.3056],"raw_work_samples":[7440,7440,7440,7440,7440,7440,7440,7440,7440,7440,7440,7440,7440,7440,7440,7440,7440,7440,7440,7440,7440,7440,7440,7440,7440,7440,7440,7440,7440,7440],"tree_rebalances":96},"undo":{"maximum_sequence_depth":17,"maximum_work":8632,"median_ms":0.2772,"p95_ms":0.34650000000000003,"raw_samples_ms":[0.34650000000000003,0.2802,0.2771,0.27849999999999997,0.2779,0.27940000000000004,0.2783,0.27769999999999995,0.2776,0.2789,0.277,0.3264,0.2811,0.2772,0.277,0.2766,0.2764,0.275,0.2758,0.27549999999999997,0.2759,0.27549999999999997,0.2772,0.44279999999999997,0.2795,0.2761,0.27559999999999996,0.2757,0.2766,0.2768],"raw_work_samples":[8632,8632,8632,8632,8632,8632,8632,8632,8632,8632,8632,8632,8632,8632,8632,8632,8632,8632,8632,8632,8632,8632,8632,8632,8632,8632,8632,8632,8632,8632],"tree_rebalances":300},"ungroup":{"maximum_sequence_depth":17,"maximum_work":9179,"median_ms":0.404,"p95_ms":0.45609999999999995,"raw_samples_ms":[0.406,0.45609999999999995,0.40059999999999996,0.39809999999999995,0.3957,0.49910000000000004,0.4059,0.4045,0.4041,0.4058,0.4053,0.4523,0.412,0.40240000000000004,0.40709999999999996,0.4037,0.4027,0.4077,0.40059999999999996,0.40059999999999996,0.40059999999999996,0.4047,0.4008,0.4418,0.404,0.4011,0.3972,0.3967,0.39849999999999997,0.3969],"raw_work_samples":[9179,9179,9179,9179,9179,9179,9179,9179,9179,9179,9179,9179,9179,9179,9179,9179,9179,9179,9179,9179,9179,9179,9179,9179,9179,9179,9179,9179,9179,9179],"tree_rebalances":300}},"pattern":"contiguous_front","selection_count":100,"warmups":10},{"exact_sibling_order_restored":true,"measured_iterations":30,"node_count":100000,"operations":{"group":{"maximum_sequence_depth":18,"maximum_work":9737,"median_ms":0.4677,"p95_ms":1.1177,"raw_samples_ms":[1.1979,1.1177,0.4598,0.5312,0.4695,0.4627,0.4665,0.4681,0.4677,0.4607,0.4646,0.4563,0.4581,0.627,0.46240000000000003,0.4566,0.4609,0.45849999999999996,0.45740000000000003,0.4584,0.4569,0.4626,0.49739999999999995,0.8627,0.6145,0.5381,0.5878,0.5315,0.5339999999999999,0.5334],"raw_work_samples":[9737,9737,9737,9737,9737,9737,9737,9737,9737,9737,9737,9737,9737,9737,9737,9737,9737,9737,9737,9737,9737,9737,9737,9737,9737,9737,9737,9737,9737,9737],"tree_rebalances":94},"redo":{"maximum_sequence_depth":18,"maximum_work":7772,"median_ms":0.3473,"p95_ms":0.42269999999999996,"raw_samples_ms":[0.8884,0.3529,0.3805,0.3479,0.34509999999999996,0.34650000000000003,0.3462,0.3469,0.34600000000000003,0.3436,0.3429,0.3434,0.3473,0.3479,0.3436,0.3456,0.3453,0.34850000000000003,0.3441,0.3415,0.3417,0.3512,0.3461,0.42269999999999996,0.3982,0.40030000000000004,0.40049999999999997,0.3989,0.3976,0.3987],"raw_work_samples":[7772,7772,7772,7772,7772,7772,7772,7772,7772,7772,7772,7772,7772,7772,7772,7772,7772,7772,7772,7772,7772,7772,7772,7772,7772,7772,7772,7772,7772,7772],"tree_rebalances":94},"undo":{"maximum_sequence_depth":18,"maximum_work":8328,"median_ms":0.31720000000000004,"p95_ms":0.4652,"raw_samples_ms":[0.8217,0.3506,0.32239999999999996,0.3234,0.3169,0.3169,0.3165,0.3195,0.31720000000000004,0.3156,0.3174,0.3147,0.3149,0.3363,0.3157,0.3157,0.3147,0.3146,0.3133,0.31379999999999997,0.3143,0.3143,0.3166,0.4652,0.3689,0.3668,0.3642,0.3713,0.3662,0.36719999999999997],"raw_work_samples":[8328,8328,8328,8328,8328,8328,8328,8328,8328,8328,8328,8328,8328,8328,8328,8328,8328,8328,8328,8328,8328,8328,8328,8328,8328,8328,8328,8328,8328,8328],"tree_rebalances":194},"ungroup":{"maximum_sequence_depth":18,"maximum_work":8875,"median_ms":0.4625,"p95_ms":0.5545,"raw_samples_ms":[1.193,0.5178999999999999,0.5065,0.4601,0.46299999999999997,0.4609,0.4625,0.4623,0.45899999999999996,0.4798,0.45830000000000004,0.49339999999999995,0.46099999999999997,0.514,0.4562,0.4571,0.4595,0.4592,0.4589,0.46059999999999995,0.4608,0.4616,0.4593,0.5545,0.535,0.5353,0.5339999999999999,0.533,0.5337000000000001,0.5336],"raw_work_samples":[8875,8875,8875,8875,8875,8875,8875,8875,8875,8875,8875,8875,8875,8875,8875,8875,8875,8875,8875,8875,8875,8875,8875,8875,8875,8875,8875,8875,8875,8875],"tree_rebalances":194}},"pattern":"contiguous_middle","selection_count":100,"warmups":10},{"exact_sibling_order_restored":true,"measured_iterations":30,"node_count":100000,"operations":{"group":{"maximum_sequence_depth":18,"maximum_work":9675,"median_ms":1.0564,"p95_ms":1.9265,"raw_samples_ms":[1.7924,1.7741,1.8098,1.7979,1.9245,0.8184,0.8166,0.8865000000000001,0.834,0.8222,1.8809,1.8293000000000001,2.3587000000000002,1.8626999999999998,1.8353,0.9864999999999999,0.9479,0.884,0.8739,0.8775999999999999,1.9265,1.8637000000000001,1.9098,1.0939,1.0534,1.0564,1.0503,0.8581,0.8361,0.8352],"raw_work_samples":[9675,9675,9675,9675,9675,9675,9675,9675,9675,9675,9675,9675,9675,9675,9675,9675,9675,9675,9675,9675,9675,9675,9675,9675,9675,9675,9675,9675,9675,9675],"tree_rebalances":0},"redo":{"maximum_sequence_depth":18,"maximum_work":7678,"median_ms":0.798,"p95_ms":1.5877000000000001,"raw_samples_ms":[1.3525,1.5191000000000001,1.3584,1.3592000000000002,0.6218,0.6185,0.6187,0.6239,0.6242,1.7191999999999998,1.3864999999999998,1.3837000000000002,1.4016,1.3888,0.6929,0.6703,0.6655,0.6668000000000001,0.6652,0.666,1.4121,1.3954,1.5877000000000001,0.9024,0.7995,0.798,0.7349,0.691,0.6369,0.6452],"raw_work_samples":[7678,7678,7678,7678,7678,7678,7678,7678,7678,7678,7678,7678,7678,7678,7678,7678,7678,7678,7678,7678,7678,7678,7678,7678,7678,7678,7678,7678,7678,7678],"tree_rebalances":0},"undo":{"maximum_sequence_depth":18,"maximum_work":7113,"median_ms":0.7594000000000001,"p95_ms":1.426,"raw_samples_ms":[1.262,1.2805,1.2616999999999998,1.2602,0.6582,0.5818000000000001,0.5811,0.5814,0.5888,0.6558999999999999,1.348,1.2895999999999999,1.3527,1.2948,1.2941,0.6526000000000001,0.6312,0.6288,0.6301,0.6264000000000001,1.426,1.3079999999999998,1.7423,0.7594000000000001,0.7513,0.7444,0.8172,0.8383,0.6032000000000001,0.607],"raw_work_samples":[7113,7113,7113,7113,7113,7113,7113,7113,7113,7113,7113,7113,7113,7113,7113,7113,7113,7113,7113,7113,7113,7113,7113,7113,7113,7113,7113,7113,7113,7113],"tree_rebalances":12},"ungroup":{"maximum_sequence_depth":18,"maximum_work":9115,"median_ms":1.048,"p95_ms":2.0145,"raw_samples_ms":[1.795,2.0235000000000003,1.8316000000000001,1.8028,0.843,0.8765,0.8187,0.8139,0.8212,2.0036,1.8619999999999999,2.0145,1.9488,1.866,0.9518000000000001,0.8963000000000001,0.887,0.9071,0.8786,0.9307,1.8957,1.8653000000000002,1.2481,1.0725,1.048,1.0569,0.9494,0.8669,0.8373,0.8442999999999999],"raw_work_samples":[9115,9115,9115,9115,9115,9115,9115,9115,9115,9115,9115,9115,9115,9115,9115,9115,9115,9115,9115,9115,9115,9115,9115,9115,9115,9115,9115,9115,9115,9115],"tree_rebalances":12}},"pattern":"uniform","selection_count":100,"warmups":10},{"exact_sibling_order_restored":true,"measured_iterations":30,"node_count":100000,"operations":{"group":{"maximum_sequence_depth":18,"maximum_work":9684,"median_ms":0.721,"p95_ms":1.7294,"raw_samples_ms":[0.8275,0.8286,0.8262999999999999,1.724,1.8789,1.7294,0.9307,0.7191,0.7135,0.721,0.7192000000000001,0.7073999999999999,0.8773,0.7251,0.7144999999999999,0.7166,0.7605999999999999,0.7118,0.7137,0.734,0.7144,0.7268,0.7262,0.7146,0.7066,0.7157,0.7139,0.7163,0.705,0.7821],"raw_work_samples":[9684,9684,9684,9684,9684,9684,9684,9684,9684,9684,9684,9684,9684,9684,9684,9684,9684,9684,9684,9684,9684,9684,9684,9684,9684,9684,9684,9684,9684,9684],"tree_rebalances":0},"redo":{"maximum_sequence_depth":18,"maximum_work":7684,"median_ms":0.5441,"p95_ms":1.3136999999999999,"raw_samples_ms":[0.6325999999999999,0.6351,0.6294,1.3256999999999999,1.306,1.3136999999999999,0.5485000000000001,0.5552,0.5452,0.5403,0.5385,0.5382,0.5508000000000001,0.5403,0.5405,0.5391,0.5417,0.5377,0.5538000000000001,0.55,0.5373,0.5441,0.5447,0.5396,0.5441,0.5441,0.5358999999999999,0.537,0.5357,0.5501],"raw_work_samples":[7684,7684,7684,7684,7684,7684,7684,7684,7684,7684,7684,7684,7684,7684,7684,7684,7684,7684,7684,7684,7684,7684,7684,7684,7684,7684,7684,7684,7684,7684],"tree_rebalances":0},"undo":{"maximum_sequence_depth":18,"maximum_work":7107,"median_ms":0.5083000000000001,"p95_ms":1.2072999999999998,"raw_samples_ms":[0.5859,0.5873,0.5876,1.3156999999999999,1.2072999999999998,1.2045000000000001,0.5448999999999999,0.508,0.5027,0.5086,0.5082,0.5019,0.5419999999999999,0.5084,0.5033000000000001,0.5016,0.503,0.5008,0.5794,0.5041,0.5078,0.5012000000000001,0.5353,0.5159,0.6283000000000001,0.5053,0.5037,0.505,0.5083000000000001,0.49870000000000003],"raw_work_samples":[7107,7107,7107,7107,7107,7107,7107,7107,7107,7107,7107,7107,7107,7107,7107,7107,7107,7107,7107,7107,7107,7107,7107,7107,7107,7107,7107,7107,7107,7107],"tree_rebalances":8},"ungroup":{"maximum_sequence_depth":18,"maximum_work":9094,"median_ms":0.7244,"p95_ms":1.7248,"raw_samples_ms":[0.8297,0.8281000000000001,0.9424,1.7998999999999998,1.7248,1.7191999999999998,0.742,0.8044,0.7094999999999999,0.7121000000000001,0.7092999999999999,0.9012,0.7435,0.7244,0.7131000000000001,0.7114,0.7105,0.7115,0.8373,0.7514000000000001,0.7175,0.7236,0.7177,0.7123,0.7147,0.7401000000000001,0.7591,0.7131000000000001,0.7142000000000001,0.7027],"raw_work_samples":[9094,9094,9094,9094,9094,9094,9094,9094,9094,9094,9094,9094,9094,9094,9094,9094,9094,9094,9094,9094,9094,9094,9094,9094,9094,9094,9094,9094,9094,9094],"tree_rebalances":8}},"pattern":"random_seed_0x5eed","selection_count":100,"warmups":10},{"exact_sibling_order_restored":true,"measured_iterations":30,"node_count":100000,"operations":{"group":{"maximum_sequence_depth":18,"maximum_work":9716,"median_ms":0.4858,"p95_ms":0.5447,"raw_samples_ms":[0.4881,0.4788,0.4758,0.4727,0.4718,0.4799,0.5447,0.4967,0.49379999999999996,0.4867,0.48250000000000004,0.4816,0.4834,0.4862,0.4806,0.482,0.6008,0.5115000000000001,0.4858,0.4879,0.4836,0.4835,0.5073,0.4813,0.48260000000000003,0.4837,0.4919,0.49089999999999995,0.48950000000000005,0.4872],"raw_work_samples":[9716,9716,9716,9716,9716,9716,9716,9716,9716,9716,9716,9716,9716,9716,9716,9716,9716,9716,9716,9716,9716,9716,9716,9716,9716,9716,9716,9716,9716,9716],"tree_rebalances":74},"redo":{"maximum_sequence_depth":18,"maximum_work":7772,"median_ms":0.3704,"p95_ms":0.3956,"raw_samples_ms":[0.3703,0.37179999999999996,0.3696,0.3699,0.3923,0.3697,0.3705,0.3708,0.3701,0.3708,0.3947,0.3721,0.36929999999999996,0.3706,0.3704,0.3956,0.3737,0.3735,0.3704,0.3685,0.37,0.3704,0.3687,0.3692,0.3684,0.4001,0.3753,0.37520000000000003,0.3694,0.3689],"raw_work_samples":[7772,7772,7772,7772,7772,7772,7772,7772,7772,7772,7772,7772,7772,7772,7772,7772,7772,7772,7772,7772,7772,7772,7772,7772,7772,7772,7772,7772,7772,7772],"tree_rebalances":74},"undo":{"maximum_sequence_depth":18,"maximum_work":8108,"median_ms":0.3362,"p95_ms":0.3453,"raw_samples_ms":[0.3352,0.3355,0.3443,0.3332,0.3332,0.3363,0.3435,0.3365,0.342,0.3453,0.3347,0.3358,0.3356,0.33290000000000003,0.33399999999999996,0.33599999999999997,0.3403,0.3422,0.34230000000000005,0.3357,0.3362,0.33540000000000003,0.335,0.3345,0.3362,0.392,0.3437,0.3358,0.3364,0.3413],"raw_work_samples":[8108,8108,8108,8108,8108,8108,8108,8108,8108,8108,8108,8108,8108,8108,8108,8108,8108,8108,8108,8108,8108,8108,8108,8108,8108,8108,8108,8108,8108,8108],"tree_rebalances":168},"ungroup":{"maximum_sequence_depth":18,"maximum_work":8748,"median_ms":0.4792,"p95_ms":0.6434,"raw_samples_ms":[0.47459999999999997,0.4734,0.4698,0.4688,0.47209999999999996,0.6878,0.4929,0.4817,0.4792,0.4783,0.4792,0.48500000000000004,0.4798,0.47859999999999997,0.4778,0.6434,0.4896,0.4792,0.48040000000000005,0.4775,0.4794,0.4778,0.4782,0.4775,0.4792,0.4948,0.5682,0.47859999999999997,0.4829,0.4775],"raw_work_samples":[8748,8748,8748,8748,8748,8748,8748,8748,8748,8748,8748,8748,8748,8748,8748,8748,8748,8748,8748,8748,8748,8748,8748,8748,8748,8748,8748,8748,8748,8748],"tree_rebalances":168}},"pattern":"multiple_runs","selection_count":100,"warmups":10},{"exact_sibling_order_restored":true,"measured_iterations":30,"node_count":100000,"operations":{"group":{"maximum_sequence_depth":17,"maximum_work":27568,"median_ms":1.417,"p95_ms":3.4034999999999997,"raw_samples_ms":[1.8732,3.3048,3.4034999999999997,1.5824,1.573,1.5991,1.5946999999999998,1.5845,2.0564,1.8829,3.3394000000000004,3.1416,1.3696,1.3081,1.317,3.4067,1.4629,1.4128,1.4143999999999999,1.2928,1.417,1.3939,1.3824,1.2282,1.3432,1.2626,1.2364,1.4051,1.3307,1.2847],"raw_work_samples":[27568,27568,27568,27568,27568,27568,27568,27568,27568,27568,27568,27568,27568,27568,27568,27568,27568,27568,27568,27568,27568,27568,27568,27568,27568,27568,27568,27568,27568,27568],"tree_rebalances":298},"redo":{"maximum_sequence_depth":17,"maximum_work":21944,"median_ms":1.0726,"p95_ms":2.5999,"raw_samples_ms":[2.5141999999999998,2.6284,2.1578999999999997,1.2654999999999998,1.3844,1.2307,1.2371999999999999,1.9970999999999999,1.4561000000000002,1.5291000000000001,2.474,1.3757000000000001,1.0321,1.0276,1.071,2.5999,1.1299000000000001,1.0336,1.0726,1.0679999999999998,1.0228,1.067,0.9835,1.0172,1.0147000000000002,0.9469,1.0051,0.9702,1.0371,1.0147000000000002],"raw_work_samples":[21944,21944,21944,21944,21944,21944,21944,21944,21944,21944,21944,21944,21944,21944,21944,21944,21944,21944,21944,21944,21944,21944,21944,21944,21944,21944,21944,21944,21944,21944],"tree_rebalances":298},"undo":{"maximum_sequence_depth":17,"maximum_work":24636,"median_ms":1.0353,"p95_ms":2.2755,"raw_samples_ms":[1.6419,2.2755,2.1885,1.0610000000000002,1.0633000000000001,1.0601,1.0591000000000002,1.0553,1.2842,1.3412000000000002,2.2300000000000004,2.0153,0.9447,0.8782,0.9254,2.2797,1.2198,0.8901,0.937,0.9218,0.9021,0.928,0.9648,1.0353,0.8805,0.843,0.8713,0.8639,0.888,0.8706],"raw_work_samples":[24636,24636,24636,24636,24636,24636,24636,24636,24636,24636,24636,24636,24636,24636,24636,24636,24636,24636,24636,24636,24636,24636,24636,24636,24636,24636,24636,24636,24636,24636],"tree_rebalances":606},"ungroup":{"maximum_sequence_depth":17,"maximum_work":26183,"median_ms":1.3876,"p95_ms":3.42,"raw_samples_ms":[3.3057,3.42,1.5192,1.4966000000000002,1.6116,1.5408,1.5309,2.1464000000000003,1.7951,3.1830000000000003,3.0558,1.3876,1.2641,1.3248,3.5043,3.3863,1.3417999999999999,1.3181,1.2735999999999998,1.4188,1.3121,1.3441,1.2172999999999998,1.2841,1.2019000000000002,1.1743000000000001,1.2946,1.244,1.2776,1.2762],"raw_work_samples":[26183,26183,26183,26183,26183,26183,26183,26183,26183,26183,26183,26183,26183,26183,26183,26183,26183,26183,26183,26183,26183,26183,26183,26183,26183,26183,26183,26183,26183,26183],"tree_rebalances":606}},"pattern":"contiguous_front","selection_count":300,"warmups":10},{"exact_sibling_order_restored":true,"measured_iterations":30,"node_count":100000,"operations":{"group":{"maximum_sequence_depth":18,"maximum_work":28837,"median_ms":1.3941,"p95_ms":1.4163999999999999,"raw_samples_ms":[1.3860999999999999,1.3156999999999999,1.3536,1.4049,1.3932,1.3986,1.4015,1.3005,1.4163999999999999,1.4002000000000001,1.3914000000000002,1.3768,1.406,1.3872000000000002,1.405,1.3941,1.3476,1.3955,1.3986999999999998,1.3293000000000001,1.3995,1.4027,1.3258,1.3058,1.4327,1.3251000000000002,1.3821,1.4055,1.4132,1.3148000000000002],"raw_work_samples":[28837,28837,28837,28837,28837,28837,28837,28837,28837,28837,28837,28837,28837,28837,28837,28837,28837,28837,28837,28837,28837,28837,28837,28837,28837,28837,28837,28837,28837,28837],"tree_rebalances":294},"redo":{"maximum_sequence_depth":18,"maximum_work":22930,"median_ms":1.0476999999999999,"p95_ms":1.0853,"raw_samples_ms":[0.9978999999999999,1.0457999999999998,0.9917999999999999,1.0499,0.9843000000000001,1.0476999999999999,1.0493,1.0013,0.9847,1.0357999999999998,1.0495,1.0191,1.0202,1.0423,1.0554,1.0481,1.0604,1.0853,1.0502,1.0662,1.0524,1.0511,0.9867000000000001,1.0509,1.0587000000000002,0.9872,0.9894000000000001,1.0463,0.9898999999999999,1.1175],"raw_work_samples":[22930,22930,22930,22930,22930,22930,22930,22930,22930,22930,22930,22930,22930,22930,22930,22930,22930,22930,22930,22930,22930,22930,22930,22930,22930,22930,22930,22930,22930,22930],"tree_rebalances":294},"undo":{"maximum_sequence_depth":18,"maximum_work":25000,"median_ms":0.9861,"p95_ms":1.0653,"raw_samples_ms":[0.9663999999999999,0.9573999999999999,0.9798000000000001,0.9861,0.9539000000000001,1.0034,0.9859000000000001,0.9665,0.9385,0.9964,0.9867999999999999,1.0653,0.9881,0.9835,0.9951000000000001,0.9875,1.0796000000000001,0.9881,0.987,0.9959999999999999,0.9884,0.9962000000000001,0.9362,0.9856999999999999,0.9882000000000001,0.9365,0.9585,0.9831,0.9405,0.9368],"raw_work_samples":[25000,25000,25000,25000,25000,25000,25000,25000,25000,25000,25000,25000,25000,25000,25000,25000,25000,25000,25000,25000,25000,25000,25000,25000,25000,25000,25000,25000,25000,25000],"tree_rebalances":594},"ungroup":{"maximum_sequence_depth":18,"maximum_work":26547,"median_ms":1.4177,"p95_ms":1.4796,"raw_samples_ms":[1.4046,1.4226,1.3845,1.4227,1.4876,1.4315,1.4208999999999998,1.3276,1.377,1.3840000000000001,1.4022999999999999,1.3906999999999998,1.3815,1.4203,1.4244999999999999,1.4359,1.4341,1.4545000000000001,1.4466999999999999,1.4251,1.4177,1.4796,1.3879000000000001,1.4173,1.4115,1.3539999999999999,1.3859000000000001,1.4158,1.3948999999999998,1.4256],"raw_work_samples":[26547,26547,26547,26547,26547,26547,26547,26547,26547,26547,26547,26547,26547,26547,26547,26547,26547,26547,26547,26547,26547,26547,26547,26547,26547,26547,26547,26547,26547,26547],"tree_rebalances":594}},"pattern":"contiguous_middle","selection_count":300,"warmups":10},{"exact_sibling_order_restored":true,"measured_iterations":30,"node_count":100000,"operations":{"group":{"maximum_sequence_depth":18,"maximum_work":28896,"median_ms":2.8504,"p95_ms":6.3037,"raw_samples_ms":[2.2645999999999997,2.6157,2.1673,2.9488000000000003,2.2823,2.2966,2.0915999999999997,3.0583,3.9713,2.1441,2.7755,2.1309,2.5635,2.2882000000000002,2.8504,6.3037,6.4758000000000004,4.3427999999999995,3.8389,4.3037,2.3725,3.6389,2.9568,5.2544,4.5169,2.8075,2.9638,2.1717,2.8709000000000002,2.2854],"raw_work_samples":[28896,28896,28896,28896,28896,28896,28896,28896,28896,28896,28896,28896,28896,28896,28896,28896,28896,28896,28896,28896,28896,28896,28896,28896,28896,28896,28896,28896,28896,28896],"tree_rebalances":0},"redo":{"maximum_sequence_depth":18,"maximum_work":22896,"median_ms":2.1886,"p95_ms":3.8598999999999997,"raw_samples_ms":[1.8521,1.7268999999999999,2.1157,1.6296,3.4862,1.4767000000000001,3.294,2.1886,1.5686,2.2399999999999998,1.5853,2.9333,1.5609,2.8475,1.5627,3.8598999999999997,3.6513,2.5913,2.6461,2.2986999999999997,1.7048,2.4570999999999996,2.32,5.0897,2.7994,2.0926,1.888,1.7535999999999998,1.5933,1.6661],"raw_work_samples":[22896,22896,22896,22896,22896,22896,22896,22896,22896,22896,22896,22896,22896,22896,22896,22896,22896,22896,22896,22896,22896,22896,22896,22896,22896,22896,22896,22896,22896,22896],"tree_rebalances":0},"undo":{"maximum_sequence_depth":18,"maximum_work":21173,"median_ms":1.6412,"p95_ms":4.268400000000001,"raw_samples_ms":[1.5076,1.5635000000000001,1.6412,1.5203,1.6142,1.3404999999999998,2.3413,1.9829,1.5511,1.4779,1.453,1.6255,1.4506000000000001,3.0331,1.4649,4.2825,3.5174,2.8585,2.2565,2.4902,1.5528,2.1487,2.5531,4.268400000000001,2.8897,1.8659,1.5774000000000001,1.4406,1.8229,1.4616],"raw_work_samples":[21173,21173,21173,21173,21173,21173,21173,21173,21173,21173,21173,21173,21173,21173,21173,21173,21173,21173,21173,21173,21173,21173,21173,21173,21173,21173,21173,21173,21173,21173],"tree_rebalances":20},"ungroup":{"maximum_sequence_depth":18,"maximum_work":27120,"median_ms":3.1408,"p95_ms":5.6754999999999995,"raw_samples_ms":[3.5907,2.2439999999999998,3.4903,2.163,3.1408,1.9199,3.6338,4.2636,2.1006,3.2181,2.1131,3.2399999999999998,2.1319,3.3215,2.1951,6.6008000000000004,4.5059000000000005,4.273,3.112,2.3936,3.5517000000000003,2.8108,4.4145,5.6754999999999995,2.9711999999999996,3.4271000000000003,2.1922,3.0165,2.1021,2.9602],"raw_work_samples":[27120,27120,27120,27120,27120,27120,27120,27120,27120,27120,27120,27120,27120,27120,27120,27120,27120,27120,27120,27120,27120,27120,27120,27120,27120,27120,27120,27120,27120,27120],"tree_rebalances":20}},"pattern":"uniform","selection_count":300,"warmups":10},{"exact_sibling_order_restored":true,"measured_iterations":30,"node_count":100000,"operations":{"group":{"maximum_sequence_depth":18,"maximum_work":28893,"median_ms":3.4024,"p95_ms":6.3675,"raw_samples_ms":[2.1580000000000004,3.1316,3.8999,2.6814,5.7595,3.0217,3.4024,6.1241,6.6616,3.8152,3.8114,2.9574,3.5896,4.3996,4.6892000000000005,5.5602,6.3675,6.213299999999999,2.5925000000000002,3.3095,2.6467,2.8573,2.2317,2.5463,2.8382,2.9843,5.893599999999999,5.9216,2.7073,2.265],"raw_work_samples":[28893,28893,28893,28893,28893,28893,28893,28893,28893,28893,28893,28893,28893,28893,28893,28893,28893,28893,28893,28893,28893,28893,28893,28893,28893,28893,28893,28893,28893,28893],"tree_rebalances":0},"redo":{"maximum_sequence_depth":18,"maximum_work":22894,"median_ms":2.6464000000000003,"p95_ms":4.6112,"raw_samples_ms":[3.1403,1.9954999999999998,2.386,3.2157,3.4142,2.1145,1.9249,4.3921,4.2715000000000005,2.2283,2.8936,3.4993,2.2281,2.8344,2.8223,4.6112,5.6480999999999995,3.3472,1.7217,2.3506,1.9271,1.703,2.092,2.6464000000000003,2.5401,1.6985999999999999,3.5415,3.7388999999999997,1.7342,1.6818],"raw_work_samples":[22894,22894,22894,22894,22894,22894,22894,22894,22894,22894,22894,22894,22894,22894,22894,22894,22894,22894,22894,22894,22894,22894,22894,22894,22894,22894,22894,22894,22894,22894],"tree_rebalances":0},"undo":{"maximum_sequence_depth":18,"maximum_work":21151,"median_ms":2.1404,"p95_ms":4.7116,"raw_samples_ms":[1.7869,1.8263,2.5764,1.7812999999999999,4.3051,1.8190000000000002,1.8045,4.3958,3.8314,2.1841999999999997,2.8495,2.1404,2.0996,2.639,2.6424,4.7284,4.7116,3.1673999999999998,1.5834,2.0119000000000002,1.598,1.7763,1.6439,1.9146,2.9814,1.7118,3.4887,3.3327999999999998,1.5873,1.6232],"raw_work_samples":[21151,21151,21151,21151,21151,21151,21151,21151,21151,21151,21151,21151,21151,21151,21151,21151,21151,21151,21151,21151,21151,21151,21151,21151,21151,21151,21151,21151,21151,21151],"tree_rebalances":16},"ungroup":{"maximum_sequence_depth":18,"maximum_work":27090,"median_ms":3.14,"p95_ms":6.6578,"raw_samples_ms":[3.5387,2.8549,2.6955,6.273899999999999,2.8409,3.4238,4.681,6.1017,4.1748,2.9372000000000003,3.0349,4.1201,3.8733,3.9303000000000003,3.8308,6.6578,6.8567,3.613,2.4172,3.0391,3.14,2.2001,2.9936,2.5743,2.7761,2.9182,5.589300000000001,3.0794,2.552,2.9298],"raw_work_samples":[27090,27090,27090,27090,27090,27090,27090,27090,27090,27090,27090,27090,27090,27090,27090,27090,27090,27090,27090,27090,27090,27090,27090,27090,27090,27090,27090,27090,27090,27090],"tree_rebalances":16}},"pattern":"random_seed_0x5eed","selection_count":300,"warmups":10},{"exact_sibling_order_restored":true,"measured_iterations":30,"node_count":100000,"operations":{"group":{"maximum_sequence_depth":18,"maximum_work":29030,"median_ms":1.5126,"p95_ms":3.8275,"raw_samples_ms":[1.8538000000000001,1.4821,1.5034,1.4001000000000001,1.3843,1.3967999999999998,1.3915,1.4621,3.8275,4.0377,3.4865999999999997,1.9869,1.9685000000000001,1.8992,1.3818000000000001,1.3699000000000001,3.2171000000000003,3.7904,1.5759999999999998,1.5682999999999998,1.5433000000000001,1.4882,1.4809,1.5126,1.3764,1.3626999999999998,2.6176,3.7892,1.4613,1.4826],"raw_work_samples":[29030,29030,29030,29030,29030,29030,29030,29030,29030,29030,29030,29030,29030,29030,29030,29030,29030,29030,29030,29030,29030,29030,29030,29030,29030,29030,29030,29030,29030,29030],"tree_rebalances":270},"redo":{"maximum_sequence_depth":18,"maximum_work":23184,"median_ms":1.1486,"p95_ms":2.799,"raw_samples_ms":[1.2616999999999998,1.0935000000000001,1.1486,1.2058,1.1561,1.0674000000000001,1.1219,1.0726,2.799,2.7652,2.0517,1.508,1.5125,1.0595999999999999,1.0439,1.0522,3.0337,2.7776,1.1422999999999999,1.2263,1.1614,1.1388,1.1463999999999999,1.054,1.1127,1.0513000000000001,2.7203,1.4181000000000001,1.1121,1.1395000000000002],"raw_work_samples":[23184,23184,23184,23184,23184,23184,23184,23184,23184,23184,23184,23184,23184,23184,23184,23184,23184,23184,23184,23184,23184,23184,23184,23184,23184,23184,23184,23184,23184,23184],"tree_rebalances":270},"undo":{"maximum_sequence_depth":18,"maximum_work":24684,"median_ms":1.0342,"p95_ms":2.6708000000000003,"raw_samples_ms":[1.2496,1.0088,1.0309,0.9618,1.0135,0.9794999999999999,1.0153,1.0086,2.6145,2.5964,2.4344,1.3665,1.3700999999999999,0.9778,0.9541999999999999,0.9502999999999999,2.7398000000000002,2.5722,1.057,1.0415999999999999,1.0514999999999999,1.0287,1.0342,0.9667,0.9970000000000001,0.9476,2.6059,2.6708000000000003,1.0064,1.0645],"raw_work_samples":[24684,24684,24684,24684,24684,24684,24684,24684,24684,24684,24684,24684,24684,24684,24684,24684,24684,24684,24684,24684,24684,24684,24684,24684,24684,24684,24684,24684,24684,24684],"tree_rebalances":564},"ungroup":{"maximum_sequence_depth":18,"maximum_work":26322,"median_ms":1.4626000000000001,"p95_ms":3.7319,"raw_samples_ms":[1.3785,1.4277,1.4369999999999998,1.3637000000000001,1.3864999999999998,1.3553,1.6264,1.4626000000000001,3.7319,3.49,2.1134999999999997,1.9584,2.5259,1.3655,1.3339999999999999,1.3308,3.8477,2.7988,1.4674,2.3541,1.4628,1.4515,1.7053,1.3553,1.3619,1.3335000000000001,3.642,1.4839,1.4261,1.4237],"raw_work_samples":[26322,26322,26322,26322,26322,26322,26322,26322,26322,26322,26322,26322,26322,26322,26322,26322,26322,26322,26322,26322,26322,26322,26322,26322,26322,26322,26322,26322,26322,26322],"tree_rebalances":564}},"pattern":"multiple_runs","selection_count":300,"warmups":10},{"exact_sibling_order_restored":true,"measured_iterations":30,"node_count":100000,"operations":{"group":{"maximum_sequence_depth":18,"maximum_work":96096,"median_ms":4.8867,"p95_ms":10.600399999999999,"raw_samples_ms":[5.0384,5.1987,10.600399999999999,4.3847000000000005,10.7992,6.4938,6.4395,4.558000000000001,4.4641,4.561100000000001,4.657,6.097499999999999,4.5421000000000005,4.5433,4.2902000000000005,4.4389,4.2767,4.3311,4.5297,4.6079,4.6505,4.8867,4.9036,5.0663,5.0822,5.2467,4.9634,4.6941,6.9264,10.257900000000001],"raw_work_samples":[96096,96096,96096,96096,96096,96096,96096,96096,96096,96096,96096,96096,96096,96096,96096,96096,96096,96096,96096,96096,96096,96096,96096,96096,96096,96096,96096,96096,96096,96096],"tree_rebalances":1990},"redo":{"maximum_sequence_depth":18,"maximum_work":76846,"median_ms":3.7317,"p95_ms":9.0615,"raw_samples_ms":[3.2944,3.4627999999999997,4.4673,9.0615,4.6819,4.3561,4.2842,3.7735999999999996,3.942,3.336,3.2475,4.7399000000000004,3.9044000000000003,5.6897,4.2238,4.041399999999999,3.7317,3.8055,3.6828,3.3203,3.2418,3.2371000000000003,3.2916,3.2826,3.3173999999999997,3.4296,3.3802,3.3137000000000003,9.5109,3.6555],"raw_work_samples":[76846,76846,76846,76846,76846,76846,76846,76846,76846,76846,76846,76846,76846,76846,76846,76846,76846,76846,76846,76846,76846,76846,76846,76846,76846,76846,76846,76846,76846,76846],"tree_rebalances":1990},"undo":{"maximum_sequence_depth":18,"maximum_work":85242,"median_ms":3.0366999999999997,"p95_ms":7.3407,"raw_samples_ms":[2.9715000000000003,3.0958,5.9649,7.3407,4.4173,4.0571,3.9211000000000005,2.8795,2.9724999999999997,2.8019999999999996,2.8257,3.8926999999999996,2.9887,3.0225,3.2093,3.0366999999999997,2.7851999999999997,2.8087,2.846,2.832,2.8381000000000003,2.8489,2.9439,3.0302,3.1812,3.149,3.2075,3.2188,7.505999999999999,3.4370999999999996],"raw_work_samples":[85242,85242,85242,85242,85242,85242,85242,85242,85242,85242,85242,85242,85242,85242,85242,85242,85242,85242,85242,85242,85242,85242,85242,85242,85242,85242,85242,85242,85242,85242],"tree_rebalances":2664},"ungroup":{"maximum_sequence_depth":18,"maximum_work":90283,"median_ms":4.5985000000000005,"p95_ms":10.246500000000001,"raw_samples_ms":[4.4064000000000005,4.771,4.648700000000001,11.4289,5.783,6.3049,4.6651,4.5165,4.590000000000001,4.5985000000000005,6.8248,5.2036,4.4054,5.6921,4.314100000000001,4.47,4.5016,4.5348999999999995,4.78,4.6751,5.0661,4.5187,4.4776,4.2021999999999995,4.1133999999999995,4.067399999999999,4.2004,4.2921000000000005,10.246500000000001,4.7955000000000005],"raw_work_samples":[90283,90283,90283,90283,90283,90283,90283,90283,90283,90283,90283,90283,90283,90283,90283,90283,90283,90283,90283,90283,90283,90283,90283,90283,90283,90283,90283,90283,90283,90283],"tree_rebalances":2664}},"pattern":"contiguous_front","selection_count":1000,"warmups":10},{"exact_sibling_order_restored":true,"measured_iterations":30,"node_count":100000,"operations":{"group":{"maximum_sequence_depth":18,"maximum_work":95179,"median_ms":4.9484,"p95_ms":9.420100000000001,"raw_samples_ms":[4.8548,4.6496,5.0903,8.040099999999999,5.5767999999999995,4.5866999999999996,4.6084000000000005,4.5813,9.420100000000001,8.6923,9.4025,5.6837,5.5156,4.5282,4.7916,5.0858,10.9053,4.7397,4.6539,6.3327,4.3602,4.5157,4.521,5.0431,4.5581,5.0541,4.7161,4.8492,4.9484,5.0181000000000004],"raw_work_samples":[95179,95179,95179,95179,95179,95179,95179,95179,95179,95179,95179,95179,95179,95179,95179,95179,95179,95179,95179,95179,95179,95179,95179,95179,95179,95179,95179,95179,95179,95179],"tree_rebalances":990},"redo":{"maximum_sequence_depth":18,"maximum_work":75492,"median_ms":3.5325,"p95_ms":8.5394,"raw_samples_ms":[3.5495,3.8535000000000004,4.0396,4.8751999999999995,4.6686000000000005,4.897600000000001,4.529100000000001,10.619399999999999,6.6226,6.9077,5.3486,7.5821,3.5325,3.1905,3.1509,3.2923,8.5394,3.4059,3.1579,4.0137,3.3011,3.1492999999999998,3.1870000000000003,3.5124,3.1542,3.4072999999999998,3.1645000000000003,3.1951,3.1864,3.2356],"raw_work_samples":[75492,75492,75492,75492,75492,75492,75492,75492,75492,75492,75492,75492,75492,75492,75492,75492,75492,75492,75492,75492,75492,75492,75492,75492,75492,75492,75492,75492,75492,75492],"tree_rebalances":990},"undo":{"maximum_sequence_depth":18,"maximum_work":82690,"median_ms":3.5236,"p95_ms":6.7273000000000005,"raw_samples_ms":[3.6086,3.7036000000000002,3.8998,6.7265,4.4622,3.0915,3.9420999999999995,5.6453,6.2215,6.7273000000000005,5.4362,4.2773,3.7207999999999997,2.9821999999999997,2.9945000000000004,3.1005999999999996,7.924499999999999,3.2001999999999997,3.0176,4.0451999999999995,3.0826000000000002,3.0402,3.1153,3.5236,3.1195,3.2138,2.9906,3.0373,3.1273,3.2047],"raw_work_samples":[82690,82690,82690,82690,82690,82690,82690,82690,82690,82690,82690,82690,82690,82690,82690,82690,82690,82690,82690,82690,82690,82690,82690,82690,82690,82690,82690,82690,82690,82690],"tree_rebalances":1990},"ungroup":{"maximum_sequence_depth":18,"maximum_work":87731,"median_ms":5.0694,"p95_ms":9.3804,"raw_samples_ms":[4.5767999999999995,4.656000000000001,4.898300000000001,5.3583,4.987100000000001,5.1407,5.0694,10.1942,7.054399999999999,5.6178,6.2351,9.3804,5.0465,5.100099999999999,4.7016,6.3091,6.500299999999999,4.9058,6.604299999999999,4.7199,4.8157,5.1339999999999995,5.137700000000001,5.0142,5.0361,5.1131,4.7761000000000005,4.702,4.5241999999999996,4.4897],"raw_work_samples":[87731,87731,87731,87731,87731,87731,87731,87731,87731,87731,87731,87731,87731,87731,87731,87731,87731,87731,87731,87731,87731,87731,87731,87731,87731,87731,87731,87731,87731,87731],"tree_rebalances":1990}},"pattern":"contiguous_middle","selection_count":1000,"warmups":10},{"exact_sibling_order_restored":true,"measured_iterations":30,"node_count":100000,"operations":{"group":{"maximum_sequence_depth":18,"maximum_work":96168,"median_ms":11.593,"p95_ms":21.0657,"raw_samples_ms":[11.3465,22.126,14.0526,11.526200000000001,14.0848,11.001900000000001,12.5861,11.0029,17.322,11.7319,10.9041,10.9938,12.5241,11.283700000000001,11.416,10.732000000000001,12.1174,11.593,11.3681,10.8758,17.5078,10.8739,12.512,11.4654,21.0657,19.0237,12.135299999999999,10.4733,10.7627,11.713],"raw_work_samples":[96168,96168,96168,96168,96168,96168,96168,96168,96168,96168,96168,96168,96168,96168,96168,96168,96168,96168,96168,96168,96168,96168,96168,96168,96168,96168,96168,96168,96168,96168],"tree_rebalances":0},"redo":{"maximum_sequence_depth":18,"maximum_work":76174,"median_ms":9.3711,"p95_ms":12.577100000000002,"raw_samples_ms":[9.4246,12.1004,9.3177,9.3105,9.7257,8.8548,9.5116,8.815800000000001,12.577100000000002,9.2176,9.2304,9.3308,8.6807,9.3711,8.813400000000001,9.168199999999999,9.5288,8.5154,9.8937,11.822600000000001,9.692900000000002,9.0992,9.54,10.0624,15.3237,10.603100000000001,9.7278,8.0586,8.8805,8.9808],"raw_work_samples":[76174,76174,76174,76174,76174,76174,76174,76174,76174,76174,76174,76174,76174,76174,76174,76174,76174,76174,76174,76174,76174,76174,76174,76174,76174,76174,76174,76174,76174,76174],"tree_rebalances":0},"undo":{"maximum_sequence_depth":18,"maximum_work":70509,"median_ms":8.523100000000001,"p95_ms":14.9041,"raw_samples_ms":[8.4972,12.0495,9.7955,7.8023,10.9077,8.0717,13.821200000000001,8.523100000000001,14.9041,7.7105999999999995,8.8339,8.2453,8.8888,7.828,8.5515,8.416500000000001,8.968,8.437,7.5748999999999995,14.455400000000001,8.347999999999999,8.1981,8.6598,8.3781,15.0377,10.147400000000001,7.814299999999999,8.8641,8.4297,7.9775],"raw_work_samples":[70509,70509,70509,70509,70509,70509,70509,70509,70509,70509,70509,70509,70509,70509,70509,70509,70509,70509,70509,70509,70509,70509,70509,70509,70509,70509,70509,70509,70509,70509],"tree_rebalances":80},"ungroup":{"maximum_sequence_depth":18,"maximum_work":90259,"median_ms":11.3837,"p95_ms":19.403,"raw_samples_ms":[14.0324,17.7184,11.041799999999999,11.2362,11.2832,11.3837,10.2789,11.313,10.8559,10.5731,11.4903,14.1685,10.841999999999999,11.4377,12.096300000000001,10.915899999999999,11.8825,11.0212,11.0805,14.1591,10.9029,18.573800000000002,11.4361,19.403,20.7482,11.8116,12.0293,10.9269,10.611600000000001,11.1791],"raw_work_samples":[90259,90259,90259,90259,90259,90259,90259,90259,90259,90259,90259,90259,90259,90259,90259,90259,90259,90259,90259,90259,90259,90259,90259,90259,90259,90259,90259,90259,90259,90259],"tree_rebalances":80}},"pattern":"uniform","selection_count":1000,"warmups":10},{"exact_sibling_order_restored":true,"measured_iterations":30,"node_count":100000,"operations":{"group":{"maximum_sequence_depth":18,"maximum_work":96163,"median_ms":11.1,"p95_ms":16.6698,"raw_samples_ms":[10.4102,9.986,10.926,11.9015,13.7801,15.317300000000001,12.3595,9.697600000000001,13.1767,11.1571,16.6698,10.6512,11.6352,9.203100000000001,11.1,10.121599999999999,10.404,10.003400000000001,11.203100000000001,9.726099999999999,11.5421,10.2643,14.5595,11.3808,18.968,10.8968,10.7669,14.4102,9.393500000000001,9.7445],"raw_work_samples":[96163,96163,96163,96163,96163,96163,96163,96163,96163,96163,96163,96163,96163,96163,96163,96163,96163,96163,96163,96163,96163,96163,96163,96163,96163,96163,96163,96163,96163,96163],"tree_rebalances":4},"redo":{"maximum_sequence_depth":18,"maximum_work":76178,"median_ms":9.008199999999999,"p95_ms":15.2979,"raw_samples_ms":[8.2985,8.2546,9.0784,14.943,8.8877,9.4801,8.898299999999999,7.495,14.23,8.4078,9.008199999999999,12.1983,7.257099999999999,6.8758,10.272699999999999,14.026,8.4511,10.836500000000001,8.2164,13.9707,8.767000000000001,8.2318,7.1348,10.0436,9.5602,11.5731,7.7467,8.476799999999999,15.2979,15.4887],"raw_work_samples":[76178,76178,76178,76178,76178,76178,76178,76178,76178,76178,76178,76178,76178,76178,76178,76178,76178,76178,76178,76178,76178,76178,76178,76178,76178,76178,76178,76178,76178,76178],"tree_rebalances":4},"undo":{"maximum_sequence_depth":18,"maximum_work":70591,"median_ms":7.899099999999999,"p95_ms":11.1739,"raw_samples_ms":[7.899099999999999,8.299000000000001,7.851699999999999,8.721599999999999,8.6028,6.8831999999999995,9.1494,8.066699999999999,13.8944,7.502199999999999,9.4404,10.346599999999999,7.559200000000001,7.573200000000001,9.3902,6.4223,6.5395,9.8598,7.33,7.4154,6.7869,6.7010000000000005,7.7242999999999995,7.5334,11.1739,7.4627,8.1648,11.0594,10.5604,7.819700000000001],"raw_work_samples":[70591,70591,70591,70591,70591,70591,70591,70591,70591,70591,70591,70591,70591,70591,70591,70591,70591,70591,70591,70591,70591,70591,70591,70591,70591,70591,70591,70591,70591,70591],"tree_rebalances":94},"ungroup":{"maximum_sequence_depth":18,"maximum_work":90219,"median_ms":10.867099999999999,"p95_ms":19.262600000000003,"raw_samples_ms":[10.8453,17.078699999999998,11.2266,19.4707,12.5565,11.9132,10.670300000000001,10.867099999999999,10.8276,9.2921,10.058,12.9672,10.291,9.894699999999998,10.083,18.747400000000003,9.1577,11.7528,9.3047,19.262600000000003,10.3405,9.3858,9.982,18.852500000000003,12.043,18.9337,9.7955,9.834000000000001,12.1356,17.6267],"raw_work_samples":[90219,90219,90219,90219,90219,90219,90219,90219,90219,90219,90219,90219,90219,90219,90219,90219,90219,90219,90219,90219,90219,90219,90219,90219,90219,90219,90219,90219,90219,90219],"tree_rebalances":94}},"pattern":"random_seed_0x5eed","selection_count":1000,"warmups":10},{"exact_sibling_order_restored":true,"measured_iterations":30,"node_count":100000,"operations":{"group":{"maximum_sequence_depth":18,"maximum_work":96145,"median_ms":4.633800000000001,"p95_ms":7.4088,"raw_samples_ms":[4.597300000000001,4.5508,4.8275999999999994,4.7755,4.633800000000001,4.7364,4.5266,5.610600000000001,4.7863999999999995,4.5421000000000005,4.4005,4.3307,4.3301,4.343299999999999,4.2963000000000005,4.324599999999999,4.3076,4.346,4.7146,4.7017999999999995,4.7763,4.322,4.333799999999999,4.3784,5.2276,7.4088,6.4571000000000005,12.319,4.994400000000001,5.0161],"raw_work_samples":[96145,96145,96145,96145,96145,96145,96145,96145,96145,96145,96145,96145,96145,96145,96145,96145,96145,96145,96145,96145,96145,96145,96145,96145,96145,96145,96145,96145,96145,96145],"tree_rebalances":972},"redo":{"maximum_sequence_depth":18,"maximum_work":76676,"median_ms":3.9284000000000003,"p95_ms":8.6871,"raw_samples_ms":[3.6422999999999996,3.9162,3.9246000000000003,3.6616999999999997,3.7253999999999996,3.6834,3.7864999999999998,3.7307,3.6107,3.4419,3.5804,3.9284000000000003,3.8771,3.9084000000000003,4.0504,4.1665,4.1649,4.074999999999999,3.9011,3.9680999999999997,4.162599999999999,3.9858999999999996,3.9414999999999996,8.6871,3.3600000000000003,5.500900000000001,5.4952000000000005,9.6682,4.4291,4.5608],"raw_work_samples":[76676,76676,76676,76676,76676,76676,76676,76676,76676,76676,76676,76676,76676,76676,76676,76676,76676,76676,76676,76676,76676,76676,76676,76676,76676,76676,76676,76676,76676,76676],"tree_rebalances":972},"undo":{"maximum_sequence_depth":18,"maximum_work":83001,"median_ms":3.4960999999999998,"p95_ms":5.1696,"raw_samples_ms":[3.5404999999999998,3.6101,3.675,3.8237,3.697,3.6262999999999996,3.5355999999999996,3.6719999999999997,3.4749999999999996,3.4960999999999998,3.5372,3.745,3.6982999999999997,3.4688000000000003,3.352,3.3003,3.4522,3.098,3.0646,3.0991999999999997,3.0061,3.0108,2.9379,2.9409,3.2413,4.404100000000001,5.1696,8.7961,3.2416,3.4183],"raw_work_samples":[83001,83001,83001,83001,83001,83001,83001,83001,83001,83001,83001,83001,83001,83001,83001,83001,83001,83001,83001,83001,83001,83001,83001,83001,83001,83001,83001,83001,83001,83001],"tree_rebalances":1966},"ungroup":{"maximum_sequence_depth":18,"maximum_work":88139,"median_ms":4.6080000000000005,"p95_ms":8.225,"raw_samples_ms":[4.2231,4.2429,4.2319,4.5123999999999995,4.410299999999999,4.6164,4.8518,4.6080000000000005,4.2706,4.5390999999999995,4.5857,4.3793,4.387099999999999,4.428999999999999,4.4701,4.5977,4.675000000000001,4.7759,4.4799,4.5395,4.7791,4.9343,4.8857,11.0127,5.897,6.9355,7.2389,8.225,5.4615,5.1456],"raw_work_samples":[88139,88139,88139,88139,88139,88139,88139,88139,88139,88139,88139,88139,88139,88139,88139,88139,88139,88139,88139,88139,88139,88139,88139,88139,88139,88139,88139,88139,88139,88139],"tree_rebalances":1966}},"pattern":"multiple_runs","selection_count":1000,"warmups":10},{"exact_sibling_order_restored":true,"measured_iterations":30,"node_count":100000,"operations":{"group":{"maximum_sequence_depth":18,"maximum_work":277960,"median_ms":17.0839,"p95_ms":32.7721,"raw_samples_ms":[17.0839,27.6928,19.232,32.7721,16.2262,15.6068,31.870500000000003,15.7821,17.7048,15.8054,15.7144,15.396,15.566099999999999,19.4297,15.8451,15.392299999999999,17.060100000000002,16.3731,21.985500000000002,20.4254,36.5899,16.5336,15.756400000000001,15.636500000000002,27.0228,18.612299999999998,16.663,17.1035,26.5682,17.4546],"raw_work_samples":[277960,277960,277960,277960,277960,277960,277960,277960,277960,277960,277960,277960,277960,277960,277960,277960,277960,277960,277960,277960,277960,277960,277960,277960,277960,277960,277960,277960,277960,277960],"tree_rebalances":4206},"redo":{"maximum_sequence_depth":18,"maximum_work":221284,"median_ms":13.8047,"p95_ms":26.9355,"raw_samples_ms":[14.193000000000001,14.3107,14.8664,13.8558,12.6457,22.1325,13.0541,19.719299999999997,12.517,12.277800000000001,12.408900000000001,26.9355,13.5819,12.638,12.3765,12.389199999999999,12.0428,21.9325,17.5137,13.117500000000001,22.7556,12.816799999999999,12.2477,17.9478,13.8047,12.491999999999999,21.0165,12.3519,30.0711,13.8941],"raw_work_samples":[221284,221284,221284,221284,221284,221284,221284,221284,221284,221284,221284,221284,221284,221284,221284,221284,221284,221284,221284,221284,221284,221284,221284,221284,221284,221284,221284,221284,221284,221284],"tree_rebalances":4206},"undo":{"maximum_sequence_depth":18,"maximum_work":267838,"median_ms":12.0486,"p95_ms":18.604499999999998,"raw_samples_ms":[12.318900000000001,11.0084,12.2025,13.1021,10.260399999999999,13.6018,10.7447,10.8157,11.0939,10.0005,10.2824,14.9879,13.4345,13.6498,10.622100000000001,9.9971,10.275400000000001,18.604499999999998,14.6491,10.9786,15.3507,10.867099999999999,10.491999999999999,21.1174,15.1527,12.7008,10.5726,10.432699999999999,16.935599999999997,12.0486],"raw_work_samples":[267838,267838,267838,267838,267838,267838,267838,267838,267838,267838,267838,267838,267838,267838,267838,267838,267838,267838,267838,267838,267838,267838,267838,267838,267838,267838,267838,267838,267838,267838],"tree_rebalances":10208},"ungroup":{"maximum_sequence_depth":18,"maximum_work":282879,"median_ms":15.418700000000001,"p95_ms":35.1944,"raw_samples_ms":[22.4998,18.317300000000003,15.671399999999998,15.721499999999999,14.9253,19.142300000000002,14.4727,37.0584,14.4126,14.4473,14.7783,14.6157,16.7351,14.7428,14.8786,14.5358,14.6292,15.4296,25.9433,26.7049,27.8393,15.0677,14.2664,35.1944,14.8065,14.876999999999999,20.7835,23.5458,15.389899999999999,15.418700000000001],"raw_work_samples":[282879,282879,282879,282879,282879,282879,282879,282879,282879,282879,282879,282879,282879,282879,282879,282879,282879,282879,282879,282879,282879,282879,282879,282879,282879,282879,282879,282879,282879,282879],"tree_rebalances":10208}},"pattern":"contiguous_front","selection_count":3000,"warmups":10},{"exact_sibling_order_restored":true,"measured_iterations":30,"node_count":100000,"operations":{"group":{"maximum_sequence_depth":18,"maximum_work":282504,"median_ms":17.7242,"p95_ms":30.7819,"raw_samples_ms":[18.13,24.136000000000003,14.759,17.8104,26.3714,23.8518,27.7322,17.1143,16.2385,30.7819,16.3741,16.0609,15.918700000000001,37.5407,16.1298,16.348000000000003,26.859,15.8348,17.9123,16.256300000000003,15.9476,18.4799,17.9985,16.114,21.0933,18.981499999999997,16.3003,17.7242,16.026100000000003,16.3533],"raw_work_samples":[282504,282504,282504,282504,282504,282504,282504,282504,282504,282504,282504,282504,282504,282504,282504,282504,282504,282504,282504,282504,282504,282504,282504,282504,282504,282504,282504,282504,282504,282504],"tree_rebalances":2994},"redo":{"maximum_sequence_depth":18,"maximum_work":223514,"median_ms":13.0476,"p95_ms":28.7702,"raw_samples_ms":[27.9988,12.650500000000001,28.7702,12.525599999999999,12.0498,12.8444,26.184800000000003,15.2264,12.0868,16.3385,12.431899999999999,12.5587,12.8442,13.0476,11.9651,12.1646,13.231,29.291600000000003,12.5131,12.3733,15.0487,18.7086,13.370999999999999,15.3779,14.4632,12.9153,13.0079,15.0131,23.596,12.4195],"raw_work_samples":[223514,223514,223514,223514,223514,223514,223514,223514,223514,223514,223514,223514,223514,223514,223514,223514,223514,223514,223514,223514,223514,223514,223514,223514,223514,223514,223514,223514,223514,223514],"tree_rebalances":2994},"undo":{"maximum_sequence_depth":18,"maximum_work":249925,"median_ms":11.510299999999999,"p95_ms":21.1635,"raw_samples_ms":[14.6079,11.0048,13.5393,11.133600000000001,10.7502,11.5274,19.317600000000002,11.841000000000001,10.9215,13.1576,11.1134,11.187600000000002,11.0138,20.6964,11.2317,11.0091,11.7003,25.5303,11.2868,10.7647,17.7533,21.1635,12.296899999999999,10.7662,11.510299999999999,11.4068,12.5931,12.2836,10.5954,11.2455],"raw_work_samples":[249925,249925,249925,249925,249925,249925,249925,249925,249925,249925,249925,249925,249925,249925,249925,249925,249925,249925,249925,249925,249925,249925,249925,249925,249925,249925,249925,249925,249925,249925],"tree_rebalances":5992},"ungroup":{"maximum_sequence_depth":18,"maximum_work":264969,"median_ms":17.1669,"p95_ms":34.9177,"raw_samples_ms":[37.6488,26.981499999999997,34.9177,15.064400000000001,24.153399999999998,18.227899999999998,26.9241,17.1669,28.1666,23.128800000000002,15.2216,15.4627,15.179,15.754000000000001,15.449,24.5491,15.222100000000001,32.7705,15.2227,14.9145,18.223300000000002,24.4378,16.2455,28.1174,19.2768,15.3516,15.8569,16.3201,16.5641,15.2179],"raw_work_samples":[264969,264969,264969,264969,264969,264969,264969,264969,264969,264969,264969,264969,264969,264969,264969,264969,264969,264969,264969,264969,264969,264969,264969,264969,264969,264969,264969,264969,264969,264969],"tree_rebalances":5992}},"pattern":"contiguous_middle","selection_count":3000,"warmups":10},{"exact_sibling_order_restored":true,"measured_iterations":30,"node_count":100000,"operations":{"group":{"maximum_sequence_depth":18,"maximum_work":288372,"median_ms":36.6969,"p95_ms":55.4133,"raw_samples_ms":[55.4133,50.387800000000006,41.1167,38.7614,38.5539,35.5043,44.0742,35.844300000000004,33.3647,33.6875,42.6873,45.5406,36.9127,32.7688,58.603500000000004,33.3177,44.2883,33.538,36.6969,32.874100000000006,33.266,32.433,33.388099999999994,32.6792,41.454299999999996,31.635099999999998,33.6029,33.335499999999996,37.0035,44.4315],"raw_work_samples":[288372,288372,288372,288372,288372,288372,288372,288372,288372,288372,288372,288372,288372,288372,288372,288372,288372,288372,288372,288372,288372,288372,288372,288372,288372,288372,288372,288372,288372,288372],"tree_rebalances":0},"redo":{"maximum_sequence_depth":18,"maximum_work":228372,"median_ms":29.1387,"p95_ms":38.6841,"raw_samples_ms":[35.1285,37.985699999999994,25.9452,37.839600000000004,31.222900000000003,29.1387,35.278400000000005,25.6881,25.9899,25.9236,30.8587,28.1412,25.9702,42.2945,27.1221,37.029399999999995,26.2813,32.006600000000006,25.9026,38.6841,34.3998,25.3918,26.1231,26.087200000000003,25.9049,25.436899999999998,26.342399999999998,34.2078,34.6087,38.3973],"raw_work_samples":[228372,228372,228372,228372,228372,228372,228372,228372,228372,228372,228372,228372,228372,228372,228372,228372,228372,228372,228372,228372,228372,228372,228372,228372,228372,228372,228372,228372,228372,228372],"tree_rebalances":0},"undo":{"maximum_sequence_depth":18,"maximum_work":211277,"median_ms":24.846400000000003,"p95_ms":34.480700000000006,"raw_samples_ms":[25.7817,29.2449,23.560299999999998,26.9536,30.4309,24.3411,31.350700000000003,24.846400000000003,23.6522,27.48,26.1187,28.0617,23.4107,34.480700000000006,31.8,26.282799999999998,24.334600000000002,22.702199999999998,23.7853,24.2698,23.270200000000003,23.1373,23.918,25.7193,23.1415,23.3966,23.2849,28.395500000000002,23.8558,35.0288],"raw_work_samples":[211277,211277,211277,211277,211277,211277,211277,211277,211277,211277,211277,211277,211277,211277,211277,211277,211277,211277,211277,211277,211277,211277,211277,211277,211277,211277,211277,211277,211277,211277],"tree_rebalances":204},"ungroup":{"maximum_sequence_depth":18,"maximum_work":270384,"median_ms":33.0601,"p95_ms":46.2793,"raw_samples_ms":[31.5477,32.1177,34.7402,43.532000000000004,43.9914,51.077999999999996,33.903999999999996,32.5398,34.1163,43.8273,35.3575,36.5844,31.0864,35.4283,31.529099999999996,37.7842,31.984899999999996,32.2671,31.049,37.8576,33.0075,30.4392,32.9615,30.616500000000002,30.6979,31.1391,30.9879,45.9031,33.0601,46.2793],"raw_work_samples":[270384,270384,270384,270384,270384,270384,270384,270384,270384,270384,270384,270384,270384,270384,270384,270384,270384,270384,270384,270384,270384,270384,270384,270384,270384,270384,270384,270384,270384,270384],"tree_rebalances":204}},"pattern":"uniform","selection_count":3000,"warmups":10},{"exact_sibling_order_restored":true,"measured_iterations":30,"node_count":100000,"operations":{"group":{"maximum_sequence_depth":18,"maximum_work":288443,"median_ms":31.4317,"p95_ms":43.411,"raw_samples_ms":[29.6406,29.5242,31.351200000000002,33.1983,45.3335,28.9219,33.6019,29.944200000000002,31.4317,30.8032,30.2948,32.0487,35.0612,31.5921,38.551500000000004,31.2046,43.411,30.921799999999998,30.4633,36.7853,40.720800000000004,33.7898,32.9693,39.3873,29.7712,31.254900000000003,32.8031,28.0189,28.8477,30.2896],"raw_work_samples":[288443,288443,288443,288443,288443,288443,288443,288443,288443,288443,288443,288443,288443,288443,288443,288443,288443,288443,288443,288443,288443,288443,288443,288443,288443,288443,288443,288443,288443,288443],"tree_rebalances":22},"redo":{"maximum_sequence_depth":18,"maximum_work":228554,"median_ms":25.017,"p95_ms":32.345,"raw_samples_ms":[35.6695,24.6018,26.6083,24.9676,26.557000000000002,24.2667,25.017,24.405900000000003,24.511100000000003,27.7166,31.462999999999997,24.3804,26.9923,24.546100000000003,28.160700000000002,31.635099999999998,25.235,23.477700000000002,28.435100000000002,32.345,25.5744,25.0675,25.0089,23.2487,22.1701,22.2902,22.9451,23.2547,29.003600000000002,22.6037],"raw_work_samples":[228554,228554,228554,228554,228554,228554,228554,228554,228554,228554,228554,228554,228554,228554,228554,228554,228554,228554,228554,228554,228554,228554,228554,228554,228554,228554,228554,228554,228554,228554],"tree_rebalances":22},"undo":{"maximum_sequence_depth":18,"maximum_work":212747,"median_ms":22.034399999999998,"p95_ms":28.5871,"raw_samples_ms":[26.2214,21.9549,22.4855,21.7608,22.6962,22.034399999999998,24.4295,21.2249,21.4087,24.1806,21.5735,22.418,28.5871,21.7381,26.2307,35.6237,22.771,21.6858,23.250799999999998,22.881700000000002,23.7026,22.4532,21.4625,20.9394,18.8304,20.8199,20.072,19.5985,19.6689,20.2795],"raw_work_samples":[212747,212747,212747,212747,212747,212747,212747,212747,212747,212747,212747,212747,212747,212747,212747,212747,212747,212747,212747,212747,212747,212747,212747,212747,212747,212747,212747,212747,212747,212747],"tree_rebalances":490},"ungroup":{"maximum_sequence_depth":18,"maximum_work":270615,"median_ms":29.935,"p95_ms":41.535500000000006,"raw_samples_ms":[41.535500000000006,29.9746,41.6329,34.482,29.5734,33.555099999999996,29.1415,29.0305,29.526799999999998,30.5156,31.45,33.539699999999996,29.020500000000002,40.4059,30.211100000000002,30.209400000000002,29.5472,29.535800000000002,35.3287,39.854,29.935,31.3938,29.2216,27.991,26.809900000000003,29.616400000000002,27.894,26.6438,27.9166,27.500400000000003],"raw_work_samples":[270615,270615,270615,270615,270615,270615,270615,270615,270615,270615,270615,270615,270615,270615,270615,270615,270615,270615,270615,270615,270615,270615,270615,270615,270615,270615,270615,270615,270615,270615],"tree_rebalances":490}},"pattern":"random_seed_0x5eed","selection_count":3000,"warmups":10},{"exact_sibling_order_restored":true,"measured_iterations":30,"node_count":100000,"operations":{"group":{"maximum_sequence_depth":18,"maximum_work":285873,"median_ms":17.0087,"p95_ms":23.6114,"raw_samples_ms":[25.0233,16.855999999999998,17.730800000000002,16.5802,23.1009,16.625999999999998,16.7104,23.6114,18.8094,19.8913,17.5503,17.1004,16.3146,15.9553,16.7634,17.4517,17.5025,16.5159,19.3824,16.923199999999998,16.4785,16.1633,21.3556,17.0087,16.9679,17.750999999999998,16.267899999999997,15.927899999999998,15.7505,23.0976],"raw_work_samples":[285873,285873,285873,285873,285873,285873,285873,285873,285873,285873,285873,285873,285873,285873,285873,285873,285873,285873,285873,285873,285873,285873,285873,285873,285873,285873,285873,285873,285873,285873],"tree_rebalances":2956},"redo":{"maximum_sequence_depth":18,"maximum_work":227584,"median_ms":13.3375,"p95_ms":20.6098,"raw_samples_ms":[13.652600000000001,20.6098,13.3964,13.354700000000001,19.6498,13.022499999999999,14.2398,13.420100000000001,14.389000000000001,13.3375,12.8005,13.1458,13.0051,12.8521,22.7849,13.1785,14.5635,13.9816,13.178199999999999,12.8795,13.0825,12.981100000000001,13.063500000000001,13.3153,18.9057,12.4643,12.290600000000001,12.2965,15.1689,14.0858],"raw_work_samples":[227584,227584,227584,227584,227584,227584,227584,227584,227584,227584,227584,227584,227584,227584,227584,227584,227584,227584,227584,227584,227584,227584,227584,227584,227584,227584,227584,227584,227584,227584],"tree_rebalances":2956},"undo":{"maximum_sequence_depth":18,"maximum_work":249200,"median_ms":11.6778,"p95_ms":20.093,"raw_samples_ms":[14.546,11.4446,11.8155,11.6778,14.5425,11.3226,12.1319,12.0529,11.655000000000001,11.8854,15.4877,11.7161,11.3525,10.9587,11.9208,11.455,11.466000000000001,12.0657,16.1714,11.4703,11.2049,11.274899999999999,11.4917,11.912,11.0999,10.7806,10.932,11.0614,20.093,21.6402],"raw_work_samples":[249200,249200,249200,249200,249200,249200,249200,249200,249200,249200,249200,249200,249200,249200,249200,249200,249200,249200,249200,249200,249200,249200,249200,249200,249200,249200,249200,249200,249200,249200],"tree_rebalances":5950},"ungroup":{"maximum_sequence_depth":18,"maximum_work":264332,"median_ms":16.0049,"p95_ms":20.4396,"raw_samples_ms":[16.141,16.6893,16.0957,16.146400000000003,17.8131,15.636000000000001,17.198700000000002,15.793000000000001,20.4396,15.6671,16.0049,16.0023,15.656799999999999,15.674400000000002,15.9251,16.065900000000003,22.028699999999997,16.303,15.582,15.5322,15.058200000000001,16.6776,16.6587,16.249699999999997,16.384,14.9215,14.7992,14.411200000000001,15.7804,14.5589],"raw_work_samples":[264332,264332,264332,264332,264332,264332,264332,264332,264332,264332,264332,264332,264332,264332,264332,264332,264332,264332,264332,264332,264332,264332,264332,264332,264332,264332,264332,264332,264332,264332],"tree_rebalances":5950}},"pattern":"multiple_runs","selection_count":3000,"warmups":10},{"exact_sibling_order_restored":true,"measured_iterations":30,"node_count":100000,"operations":{"group":{"maximum_sequence_depth":18,"maximum_work":902096,"median_ms":71.9985,"p95_ms":88.01,"raw_samples_ms":[73.1654,56.9269,76.33109999999999,65.8891,71.8742,68.87859999999999,94.0541,83.1096,80.45389999999999,79.8554,66.55709999999999,57.990899999999996,79.6589,73.5644,57.355000000000004,80.59819999999999,59.1997,70.6619,76.0561,56.7811,56.9667,68.1853,66.59779999999999,71.9985,77.2936,77.44969999999999,82.2889,88.01,56.1859,56.9715],"raw_work_samples":[902096,902096,902096,902096,902096,902096,902096,902096,902096,902096,902096,902096,902096,902096,902096,902096,902096,902096,902096,902096,902096,902096,902096,902096,902096,902096,902096,902096,902096,902096],"tree_rebalances":10896},"redo":{"maximum_sequence_depth":18,"maximum_work":712292,"median_ms":55.3166,"p95_ms":78.7472,"raw_samples_ms":[44.705099999999995,44.873200000000004,47.6459,54.066700000000004,57.4211,45.8744,45.0575,67.7964,62.419000000000004,46.7656,44.69,78.7472,44.382400000000004,46.1247,45.018299999999996,52.4315,45.1212,71.8759,84.5435,63.23629999999999,61.9277,45.3675,69.2586,44.9309,62.987100000000005,63.521300000000004,55.3166,75.6836,69.4825,74.40180000000001],"raw_work_samples":[712292,712292,712292,712292,712292,712292,712292,712292,712292,712292,712292,712292,712292,712292,712292,712292,712292,712292,712292,712292,712292,712292,712292,712292,712292,712292,712292,712292,712292,712292],"tree_rebalances":10896},"undo":{"maximum_sequence_depth":18,"maximum_work":840338,"median_ms":39.2855,"p95_ms":62.025,"raw_samples_ms":[37.4707,48.2487,42.4272,37.138200000000005,62.025,36.6225,46.1764,36.4231,41.706,60.2757,46.0159,37.8304,37.2046,50.109500000000004,37.3269,43.6773,62.8281,37.8827,57.5004,37.4598,37.0652,39.2855,36.969500000000004,38.074999999999996,38.6268,51.3894,38.4169,39.330400000000004,36.5618,39.5631],"raw_work_samples":[840338,840338,840338,840338,840338,840338,840338,840338,840338,840338,840338,840338,840338,840338,840338,840338,840338,840338,840338,840338,840338,840338,840338,840338,840338,840338,840338,840338,840338,840338],"tree_rebalances":20906},"ungroup":{"maximum_sequence_depth":18,"maximum_work":890379,"median_ms":65.5215,"p95_ms":83.0882,"raw_samples_ms":[51.943999999999996,55.1969,63.830799999999996,67.9699,69.7746,77.0115,56.1189,56.222,78.5342,64.9512,56.3064,69.5591,53.1793,65.5215,102.53859999999999,61.9632,79.2804,83.0882,53.7632,51.2584,56.1549,70.3888,53.6813,69.8421,68.0923,79.2549,79.6532,52.918,64.2114,68.4422],"raw_work_samples":[890379,890379,890379,890379,890379,890379,890379,890379,890379,890379,890379,890379,890379,890379,890379,890379,890379,890379,890379,890379,890379,890379,890379,890379,890379,890379,890379,890379,890379,890379],"tree_rebalances":20906}},"pattern":"contiguous_front","selection_count":10000,"warmups":10},{"exact_sibling_order_restored":true,"measured_iterations":30,"node_count":100000,"operations":{"group":{"maximum_sequence_depth":18,"maximum_work":935029,"median_ms":60.2738,"p95_ms":89.0185,"raw_samples_ms":[56.7736,55.728699999999996,67.45779999999999,75.55330000000001,57.331100000000006,89.0185,81.3603,65.7692,69.5895,55.906400000000005,59.738600000000005,71.6009,56.1383,56.760400000000004,76.5432,56.4921,55.7256,66.9786,75.9355,56.2362,61.272800000000004,55.5615,92.5348,63.819,69.0307,56.6546,59.6243,56.3941,55.921600000000005,60.2738],"raw_work_samples":[935029,935029,935029,935029,935029,935029,935029,935029,935029,935029,935029,935029,935029,935029,935029,935029,935029,935029,935029,935029,935029,935029,935029,935029,935029,935029,935029,935029,935029,935029],"tree_rebalances":9992},"redo":{"maximum_sequence_depth":18,"maximum_work":738136,"median_ms":45.582699999999996,"p95_ms":67.0544,"raw_samples_ms":[53.9431,65.46549999999999,67.0544,58.196999999999996,54.5285,52.167699999999996,44.1714,42.5601,50.9735,42.467999999999996,42.874900000000004,52.3953,45.582699999999996,52.7393,44.679,44.591899999999995,42.9365,45.203199999999995,56.281,48.0219,43.1058,45.360400000000006,43.682199999999995,42.583000000000006,51.8414,43.2786,42.7098,50.4258,42.665,72.4486],"raw_work_samples":[738136,738136,738136,738136,738136,738136,738136,738136,738136,738136,738136,738136,738136,738136,738136,738136,738136,738136,738136,738136,738136,738136,738136,738136,738136,738136,738136,738136,738136,738136],"tree_rebalances":9992},"undo":{"maximum_sequence_depth":18,"maximum_work":831986,"median_ms":42.534,"p95_ms":71.354,"raw_samples_ms":[61.3793,75.3724,44.611900000000006,55.8036,38.082,42.534,38.816700000000004,38.8752,38.1226,39.7898,37.8965,54.584599999999995,43.8022,54.506699999999995,51.5676,51.2254,42.797399999999996,49.4876,71.354,49.6565,38.66180000000001,37.8918,44.7514,38.0469,38.5111,38.3182,38.5571,38.0603,38.0965,37.4757],"raw_work_samples":[831986,831986,831986,831986,831986,831986,831986,831986,831986,831986,831986,831986,831986,831986,831986,831986,831986,831986,831986,831986,831986,831986,831986,831986,831986,831986,831986,831986,831986,831986],"tree_rebalances":19990},"ungroup":{"maximum_sequence_depth":18,"maximum_work":882027,"median_ms":63.8855,"p95_ms":89.28800000000001,"raw_samples_ms":[71.4466,74.6932,106.4291,63.8855,73.5595,67.2689,73.5861,53.011700000000005,53.169399999999996,68.6448,53.2485,66.6253,62.4523,89.28800000000001,52.628800000000005,52.937900000000006,62.788399999999996,68.2784,54.390800000000006,53.737100000000005,54.091300000000004,65.7927,53.6346,52.8611,55.1509,68.9163,64.6742,60.611,53.035199999999996,68.77590000000001],"raw_work_samples":[882027,882027,882027,882027,882027,882027,882027,882027,882027,882027,882027,882027,882027,882027,882027,882027,882027,882027,882027,882027,882027,882027,882027,882027,882027,882027,882027,882027,882027,882027],"tree_rebalances":19990}},"pattern":"contiguous_middle","selection_count":10000,"warmups":10},{"exact_sibling_order_restored":true,"measured_iterations":30,"node_count":100000,"operations":{"group":{"maximum_sequence_depth":18,"maximum_work":961077,"median_ms":111.65700000000001,"p95_ms":142.10320000000002,"raw_samples_ms":[101.3814,124.21849999999999,126.77550000000001,113.268,103.4675,111.8695,108.37960000000001,98.8096,106.0698,142.10320000000002,122.8462,104.7147,94.82400000000001,92.3341,122.741,128.5518,127.70139999999999,100.9722,103.94630000000001,101.35560000000001,101.3916,139.53750000000002,111.65700000000001,99.7968,146.1593,91.53699999999999,109.1956,114.15,124.8675,127.1214],"raw_work_samples":[961077,961077,961077,961077,961077,961077,961077,961077,961077,961077,961077,961077,961077,961077,961077,961077,961077,961077,961077,961077,961077,961077,961077,961077,961077,961077,961077,961077,961077,961077],"tree_rebalances":0},"redo":{"maximum_sequence_depth":18,"maximum_work":761078,"median_ms":85.6003,"p95_ms":105.99300000000001,"raw_samples_ms":[76.6453,70.27759999999999,85.6003,105.9066,86.6688,105.99300000000001,91.0605,71.72059999999999,83.18979999999999,74.4732,106.13119999999999,96.85100000000001,86.53049999999999,71.1411,93.271,83.423,87.2535,102.13260000000001,80.7529,70.4054,75.0716,90.1029,90.0287,89.777,70.7638,96.571,71.6396,69.7521,78.98049999999999,74.9417],"raw_work_samples":[761078,761078,761078,761078,761078,761078,761078,761078,761078,761078,761078,761078,761078,761078,761078,761078,761078,761078,761078,761078,761078,761078,761078,761078,761078,761078,761078,761078,761078,761078],"tree_rebalances":0},"undo":{"maximum_sequence_depth":18,"maximum_work":704105,"median_ms":68.06280000000001,"p95_ms":100.6567,"raw_samples_ms":[76.778,58.9573,68.06280000000001,91.29270000000001,100.6567,64.247,66.5737,61.7355,71.9955,62.82939999999999,65.342,75.9323,104.74759999999999,65.9885,58.766600000000004,69.19699999999999,75.9469,65.5766,71.2588,58.8311,69.7874,83.9178,65.1285,58.5432,69.9373,58.9772,89.0155,61.941,72.11099999999999,65.91850000000001],"raw_work_samples":[704105,704105,704105,704105,704105,704105,704105,704105,704105,704105,704105,704105,704105,704105,704105,704105,704105,704105,704105,704105,704105,704105,704105,704105,704105,704105,704105,704105,704105,704105],"tree_rebalances":676},"ungroup":{"maximum_sequence_depth":18,"maximum_work":901055,"median_ms":101.1735,"p95_ms":136.55870000000002,"raw_samples_ms":[136.55870000000002,93.37670000000001,113.85929999999999,97.7556,100.1723,117.7784,85.7995,107.0416,138.4333,93.73570000000001,119.0986,111.5983,88.7338,90.4735,98.1552,101.1735,87.8698,134.98379999999997,112.7212,83.687,129.54399999999998,90.89139999999999,100.3256,121.3989,84.38550000000001,130.14110000000002,88.9912,121.5372,91.11909999999999,109.3248],"raw_work_samples":[901055,901055,901055,901055,901055,901055,901055,901055,901055,901055,901055,901055,901055,901055,901055,901055,901055,901055,901055,901055,901055,901055,901055,901055,901055,901055,901055,901055,901055,901055],"tree_rebalances":676}},"pattern":"uniform","selection_count":10000,"warmups":10},{"exact_sibling_order_restored":true,"measured_iterations":30,"node_count":100000,"operations":{"group":{"maximum_sequence_depth":18,"maximum_work":960782,"median_ms":97.0384,"p95_ms":127.7232,"raw_samples_ms":[96.6572,94.1216,89.1862,90.40220000000001,86.6579,83.88940000000001,84.9443,97.0384,82.96549999999999,85.3805,118.88419999999999,106.07469999999999,97.6037,88.8139,84.2666,85.4782,112.3261,90.72370000000001,93.6104,127.7232,99.5865,111.19900000000001,114.1189,126.2608,103.8549,119.2834,110.8991,128.6455,85.6141,111.2507],"raw_work_samples":[960782,960782,960782,960782,960782,960782,960782,960782,960782,960782,960782,960782,960782,960782,960782,960782,960782,960782,960782,960782,960782,960782,960782,960782,960782,960782,960782,960782,960782,960782],"tree_rebalances":224},"redo":{"maximum_sequence_depth":18,"maximum_work":761696,"median_ms":77.6501,"p95_ms":93.14020000000001,"raw_samples_ms":[69.7199,68.3493,63.98030000000001,66.786,65.748,71.649,63.81100000000001,67.41329999999999,90.5818,65.884,80.9284,77.6513,75.6808,73.9615,63.8466,67.4533,93.14020000000001,69.64779999999999,77.6501,78.8343,99.7961,86.863,87.3247,86.4815,87.7568,89.67139999999999,78.9064,85.57679999999999,86.1888,66.32889999999999],"raw_work_samples":[761696,761696,761696,761696,761696,761696,761696,761696,761696,761696,761696,761696,761696,761696,761696,761696,761696,761696,761696,761696,761696,761696,761696,761696,761696,761696,761696,761696,761696,761696],"tree_rebalances":224},"undo":{"maximum_sequence_depth":18,"maximum_work":715069,"median_ms":60.0462,"p95_ms":82.1091,"raw_samples_ms":[64.8228,59.641600000000004,54.1431,54.1854,59.4149,55.9077,54.500800000000005,56.0949,52.5702,55.3217,68.3576,60.5722,60.0462,55.1822,53.6488,64.90809999999999,66.7411,59.350699999999996,89.30069999999999,60.931,58.8513,62.7244,73.6802,64.0105,67.9385,76.92540000000001,82.1091,66.1792,56.3093,56.5135],"raw_work_samples":[715069,715069,715069,715069,715069,715069,715069,715069,715069,715069,715069,715069,715069,715069,715069,715069,715069,715069,715069,715069,715069,715069,715069,715069,715069,715069,715069,715069,715069,715069],"tree_rebalances":2796},"ungroup":{"maximum_sequence_depth":18,"maximum_work":898305,"median_ms":85.9062,"p95_ms":114.5211,"raw_samples_ms":[85.14439999999999,77.0531,80.3276,81.1831,83.3049,81.13,83.6152,93.7939,79.3637,92.79129999999999,93.7802,86.83019999999999,85.3074,86.0364,95.7809,82.0201,114.5211,105.5909,109.847,90.1617,90.26679999999999,82.5994,122.3556,84.1288,93.4616,78.22659999999999,85.9062,98.9503,78.5849,78.02050000000001],"raw_work_samples":[898305,898305,898305,898305,898305,898305,898305,898305,898305,898305,898305,898305,898305,898305,898305,898305,898305,898305,898305,898305,898305,898305,898305,898305,898305,898305,898305,898305,898305,898305],"tree_rebalances":2796}},"pattern":"random_seed_0x5eed","selection_count":10000,"warmups":10},{"exact_sibling_order_restored":true,"measured_iterations":30,"node_count":100000,"operations":{"group":{"maximum_sequence_depth":18,"maximum_work":944606,"median_ms":71.3634,"p95_ms":91.4474,"raw_samples_ms":[57.895500000000006,58.4283,59.53,98.0695,62.153800000000004,68.895,57.4482,62.248999999999995,81.8145,74.1125,91.4474,72.87639999999999,58.9985,63.080200000000005,83.72970000000001,59.5717,61.985699999999994,71.5876,71.3634,72.0696,83.40450000000001,62.455999999999996,73.0218,75.5666,82.4565,58.174499999999995,83.0823,73.08630000000001,70.3352,65.8414],"raw_work_samples":[944606,944606,944606,944606,944606,944606,944606,944606,944606,944606,944606,944606,944606,944606,944606,944606,944606,944606,944606,944606,944606,944606,944606,944606,944606,944606,944606,944606,944606,944606],"tree_rebalances":9946},"redo":{"maximum_sequence_depth":18,"maximum_work":750166,"median_ms":47.2637,"p95_ms":77.7221,"raw_samples_ms":[53.937400000000004,45.2596,44.401500000000006,63.2535,45.0247,66.1298,44.9079,67.0552,47.116699999999994,75.2161,54.6162,77.7221,45.0094,52.6511,47.2637,44.6939,45.0906,47.4457,45.7198,49.6482,45.385799999999996,83.0625,46.251599999999996,46.68,63.680200000000006,48.0385,57.4009,45.8178,45.0366,46.282700000000006],"raw_work_samples":[750166,750166,750166,750166,750166,750166,750166,750166,750166,750166,750166,750166,750166,750166,750166,750166,750166,750166,750166,750166,750166,750166,750166,750166,750166,750166,750166,750166,750166,750166],"tree_rebalances":9946},"undo":{"maximum_sequence_depth":18,"maximum_work":829722,"median_ms":40.9322,"p95_ms":68.18159999999999,"raw_samples_ms":[38.6593,38.7908,39.2828,41.4208,48.4889,56.5446,38.3962,68.18159999999999,39.0013,88.4227,39.955,38.1727,38.5624,58.793400000000005,63.222899999999996,40.9322,38.466,38.4986,38.930899999999994,45.9784,42.056999999999995,59.110299999999995,50.7592,57.173500000000004,64.2079,38.364200000000004,52.9049,38.8392,38.1252,38.662299999999995],"raw_work_samples":[829722,829722,829722,829722,829722,829722,829722,829722,829722,829722,829722,829722,829722,829722,829722,829722,829722,829722,829722,829722,829722,829722,829722,829722,829722,829722,829722,829722,829722,829722],"tree_rebalances":19940},"ungroup":{"maximum_sequence_depth":18,"maximum_work":879845,"median_ms":69.9791,"p95_ms":93.6648,"raw_samples_ms":[53.6343,82.69160000000001,53.6624,54.3695,91.9089,53.5193,53.6681,75.8422,82.4547,73.3074,72.8884,70.2473,53.668,54.4923,58.551,60.2742,69.9791,77.668,60.0727,66.7115,58.8777,76.11110000000001,63.460100000000004,106.2676,73.43520000000001,55.6328,63.932199999999995,93.6648,84.0762,72.48400000000001],"raw_work_samples":[879845,879845,879845,879845,879845,879845,879845,879845,879845,879845,879845,879845,879845,879845,879845,879845,879845,879845,879845,879845,879845,879845,879845,879845,879845,879845,879845,879845,879845,879845],"tree_rebalances":19940}},"pattern":"multiple_runs","selection_count":10000,"warmups":10}],"phase":"0E-R3","started_at_utc":"SystemTime { intervals: 134309058691943095 }","thresholds":[{"limit":2.0,"name":"work_per_k_10000_contiguous_front","passed":true,"value":1.0205836271053663},{"limit":15.0,"name":"x10_work_10000_contiguous_front","passed":true,"value":10.503708780133838},{"limit":2.0,"name":"work_per_k_10000_contiguous_middle","passed":true,"value":0.9528528528528528},{"limit":15.0,"name":"x10_work_10000_contiguous_middle","passed":true,"value":9.789810636738787},{"limit":2.0,"name":"work_per_k_10000_uniform","passed":true,"value":0.9751600753295668},{"limit":15.0,"name":"x10_work_10000_uniform","passed":true,"value":9.916312382703282},{"limit":2.0,"name":"work_per_k_10000_random_seed_0x5eed","passed":true,"value":0.9719954904171363},{"limit":15.0,"name":"x10_work_10000_random_seed_0x5eed","passed":true,"value":9.915583668775158},{"limit":2.0,"name":"work_per_k_10000_multiple_runs","passed":true,"value":0.9676594941487354},{"limit":15.0,"name":"x10_work_10000_multiple_runs","passed":true,"value":9.81254067297018},{"limit":2.0,"name":"work_per_k_100000_contiguous_front","passed":true,"value":0.9651388888888889},{"limit":15.0,"name":"x10_work_100000_contiguous_front","passed":true,"value":10.082704585026118},{"limit":2.0,"name":"work_per_k_100000_contiguous_middle","passed":true,"value":0.9531174089068827},{"limit":15.0,"name":"x10_work_100000_contiguous_middle","passed":true,"value":9.796580781634706},{"limit":2.0,"name":"work_per_k_100000_uniform","passed":true,"value":0.9788594704684317},{"limit":15.0,"name":"x10_work_100000_uniform","passed":true,"value":9.979651162790697},{"limit":2.0,"name":"work_per_k_100000_random_seed_0x5eed","passed":true,"value":0.977110433604336},{"limit":15.0,"name":"x10_work_100000_random_seed_0x5eed","passed":true,"value":9.983144706330252},{"limit":2.0,"name":"work_per_k_100000_multiple_runs","passed":true,"value":0.9713659531090724},{"limit":15.0,"name":"x10_work_100000_multiple_runs","passed":true,"value":9.847502583534276},{"limit":1.35,"name":"n_ratio_3_contiguous_front","passed":true,"value":1.1246006389776357},{"limit":1.35,"name":"n_ratio_3_contiguous_middle","passed":true,"value":1.1222570532915361},{"limit":1.35,"name":"n_ratio_3_uniform","passed":true,"value":1.1470588235294117},{"limit":1.35,"name":"n_ratio_3_random_seed_0x5eed","passed":true,"value":1.1333333333333333},{"limit":1.35,"name":"n_ratio_3_multiple_runs","passed":true,"value":1.1704918032786886},{"limit":1.35,"name":"n_ratio_30_contiguous_front","passed":true,"value":1.128084606345476},{"limit":1.35,"name":"n_ratio_30_contiguous_middle","passed":true,"value":1.1126126126126126},{"limit":1.35,"name":"n_ratio_30_uniform","passed":true,"value":1.1096045197740112},{"limit":1.35,"name":"n_ratio_30_random_seed_0x5eed","passed":true,"value":1.109357384441939},{"limit":1.35,"name":"n_ratio_30_multiple_runs","passed":true,"value":1.1109852774631936},{"limit":1.35,"name":"n_ratio_100_contiguous_front","passed":true,"value":1.1127164179104478},{"limit":1.35,"name":"n_ratio_100_contiguous_middle","passed":true,"value":1.1172690763052209},{"limit":1.35,"name":"n_ratio_100_uniform","passed":true,"value":1.1074862637362637},{"limit":1.35,"name":"n_ratio_100_random_seed_0x5eed","passed":true,"value":1.106616386698663},{"limit":1.35,"name":"n_ratio_100_multiple_runs","passed":true,"value":1.1162683823529411},{"limit":1.35,"name":"n_ratio_300_contiguous_front","passed":true,"value":1.111344029670241},{"limit":1.35,"name":"n_ratio_300_contiguous_middle","passed":true,"value":1.1121524162135061},{"limit":1.35,"name":"n_ratio_300_uniform","passed":true,"value":1.1067448006434564},{"limit":1.35,"name":"n_ratio_300_random_seed_0x5eed","passed":true,"value":1.1076480736055203},{"limit":1.35,"name":"n_ratio_300_multiple_runs","passed":true,"value":1.1112812464112085},{"limit":1.35,"name":"n_ratio_1000_contiguous_front","passed":true,"value":1.1176032750279121},{"limit":1.35,"name":"n_ratio_1000_contiguous_middle","passed":true,"value":1.1145865049066679},{"limit":1.35,"name":"n_ratio_1000_uniform","passed":true,"value":1.1065621871655908},{"limit":1.35,"name":"n_ratio_1000_random_seed_0x5eed","passed":true,"value":1.1105939690715696},{"limit":1.35,"name":"n_ratio_1000_multiple_runs","passed":true,"value":1.109271523178808},{"limit":1.35,"name":"n_ratio_3000_contiguous_front","passed":true,"value":1.0667997159908658},{"limit":1.35,"name":"n_ratio_3000_contiguous_middle","passed":true,"value":1.112921525370312},{"limit":1.35,"name":"n_ratio_3000_uniform","passed":true,"value":1.1138139472007107},{"limit":1.35,"name":"n_ratio_3000_random_seed_0x5eed","passed":true,"value":1.1151951687235162},{"limit":1.35,"name":"n_ratio_3000_multiple_runs","passed":true,"value":1.1152407220295475},{"limit":1.35,"name":"n_ratio_10000_contiguous_front","passed":true,"value":1.1585117148772006},{"limit":1.35,"name":"n_ratio_10000_contiguous_middle","passed":true,"value":1.2008057349216867},{"limit":1.35,"name":"n_ratio_10000_uniform","passed":true,"value":1.2342577324353896},{"limit":1.35,"name":"n_ratio_10000_random_seed_0x5eed","passed":true,"value":1.233878880344383},{"limit":1.35,"name":"n_ratio_10000_multiple_runs","passed":true,"value":1.2131049433134533}]}
test phase0e_r3_native_release_complexity_matrix ... ok

test result: ok. 1 passed; 0 failed; 0 ignored; 0 measured; 0 filtered out; finished in 194.10s

exit_code=0
finished_at_utc=2026-08-11T07:14:23.3863012Z
